instituicao_id,instituicao,ocorrencias,rotulo
00136858000188,CONSORCIO INTERMUNICIPAL DE SAUDE,33,CONSORCIO INTERMUNICIPAL [I0001]
00204125000133,SECRETARIA MUNICIPAL DE SAUDE,249,SECRETARIA MUNICIPAL DE  [I0002]
00333678000196,CONSORCIO INTERMUNICIPAL DE SAUDE DO SUDOESTE - CONSUD,125,CONSORCIO INTERMUNICIPAL [I0003]
00394429000968,COMANDO DA AERONAUTICA,2,COMANDO DA AERONAUTICA [I0004]
00394544004334,MINISTERIO DA SAUDE,1,MINISTERIO DA SAUDE [I0005]
00394544017150,MINISTERIO DA SAUDE,1,MINISTERIO DA SAUDE [I0006]
00562279000105,FUNDO MUNICIPAL DE SAUDE,154,FUNDO MUNICIPAL DE SAUDE [I0007]
00733062000102,FUNDO ESTADUAL DE SAUDE,828,FUNDO ESTADUAL DE SAUDE [I0008]
00772500000141,MUNICIPIO DE SOCORRO DO PIAUI - SECRETARIA MUNICIPAL DE SAUDE,317,MUNICIPIO DE SOCORRO DO  [I0009]
00843130000196,MUNICIPIO DE OEIRAS - SECRETARIA DE SAUDE,741,MUNICIPIO DE OEIRAS - SE [I0010]
00955107000193,FUNDACAO MUNICIPAL DE SAUDE DE RIO CLARO,12,FUNDACAO MUNICIPAL DE SA [I0011]
01266058000144,MUNICIPIO DE BURITIS,116,MUNICIPIO DE BURITIS [I0012]
01391942000100,FUNDO MUNICIPAL DE SAUDE DE PRAINHA,186,FUNDO MUNICIPAL DE SAUDE [I0013]
01572597000101,MUNICIPIO DE TRABIJU,423,MUNICIPIO DE TRABIJU [I0014]
01576782000174,MUNICIPIO DE PRATANIA,89,MUNICIPIO DE PRATANIA [I0015]
01592473000198,MUNICIPIO DE PIMENTEIRAS DO OESTE,338,MUNICIPIO DE PIMENTEIRAS [I0016]
01596018000160,MUNICIPIO DE TAMANDARE,647,MUNICIPIO DE TAMANDARE [I0017]
01610390000184,MUNICIPIO DE TAQUARAL,328,MUNICIPIO DE TAQUARAL [I0018]
01612155000141,MUNICIPIO DE SOORETAMA,37,MUNICIPIO DE SOORETAMA [I0019]
01612372000131,MUNICIPIO DE CURRAL DE CIMA,129,MUNICIPIO DE CURRAL DE C [I0020]
01612453000131,MUNICIPIO DE ARIRANHA DO IVAI,43,MUNICIPIO DE ARIRANHA DO [I0021]
01612553000168,MUNICIPIO DE SOBRADO,7,MUNICIPIO DE SOBRADO [I0022]
01612566000137,MUNICIPIO DE BOQUEIRAO DO PIAUI,71,MUNICIPIO DE BOQUEIRAO D [I0023]
01612618000175,MUNICIPIO DE CAXINGO,54,MUNICIPIO DE CAXINGO [I0024]
01612770000158,MUNICIPIO DE RIACHAO,192,MUNICIPIO DE RIACHAO [I0025]
01613167000190,MUNICIPIO DE TAMARANA,1494,MUNICIPIO DE TAMARANA [I0026]
01613513000130,MUNICIPIO DE PORTO ALEGRE DO PIAUI,382,MUNICIPIO DE PORTO ALEGR [I0027]
01616458000132,MUNICIPIO DE SAO JOSE DA BARRA,647,MUNICIPIO DE SAO JOSE DA [I0028]
01680880000157,MUNICIPIO DE SAO JOSE DO PEIXE - SECRETARIA DE SAUDE,107,MUNICIPIO DE SAO JOSE DO [I0029]
01693184000185,SECRETARIA MUNICIPAL DE SAUDE E SANEAMENTO,693,SECRETARIA MUNICIPAL DE  [I0030]
01742695000140,MUNICIPIO DE NOVA SANTA RITA - SECRETARIA DE SAUDE,175,MUNICIPIO DE NOVA SANTA  [I0031]
01753396000100,FUNDO MUNICIPAL DE SAUDE - PREFEITURA MUNICIPAL DE PIRA,11,FUNDO MUNICIPAL DE SAUDE [I0032]
01753843000121,MUNICIPIO DE FLORESTA DO PIAUI - SECRETARIA DE SAUDE,119,MUNICIPIO DE FLORESTA DO [I0033]
01761198000199,MUNICIPIO DE LUZILANDIA - SECRETARIA MUNICIPAL DE SAUDE,7,MUNICIPIO DE LUZILANDIA  [I0034]
01825779000147,MUNICIPIO DE NAZARE DO PIAUI - SECRETARIA DE SAUDE,139,MUNICIPIO DE NAZARE DO P [I0035]
01825794000195,MUNICIPIO DE JARDIM DO MULATO- SECRETARIA MUNICIPAL DE SAUDE,84,MUNICIPIO DE JARDIM DO M [I0036]
02049227000157,CIMCERO - CONSORCIO INTERMUNICIPAL DA REGIAO CENTRO LESTE DO ESTADO DE RONDONIA,120,CIMCERO - CONSORCIO INTE [I0037]
02125685000128,HOSPITAL REGIONAL DE MATO GROSSO DO SUL ROSA PEDROSSIAN,1,HOSPITAL REGIONAL DE MAT [I0038]
02165050000154,MUNICIPIO DE JOAQUIM PIRES - FUNDO MUNICIPAL DE SAUDE,209,MUNICIPIO DE JOAQUIM PIR [I0039]
02231696000192,CONSORCIO INTERMUNICIPAL DO NOROESTE DO ESTADO DO RIO GRANDE DO SUL-CISA,1589,CONSORCIO INTERMUNICIPAL [I0040]
02236721000120,CONSORCIO PUBLICO DA REGIAO NOROESTE - CIM NOROESTE,268,CONSORCIO PUBLICO DA REG [I0041]
02304966000148,MUNICIPIO DE PARNAGUA - SECRETARIA DE SAUDE,5,MUNICIPIO DE PARNAGUA -  [I0042]
02321216000184,MUNICIPIO DE SAO JOAO DA VARJOTA - SECRETARIA DE SAUDE,129,MUNICIPIO DE SAO JOAO DA [I0043]
02344726000177,"MUNICIPIO DE VILA NOVA DO PIAUI - SECRETARIA DE SAUDE, SANEAMENTO E MEIO AMBIENTE",270,MUNICIPIO DE VILA NOVA D [I0044]
02361201000140,MUNICIPIO DE BARRAS - SECRETARIA MUNICIPAL DE SAUDE,64,MUNICIPIO DE BARRAS - SE [I0045]
02401609000106,"MUNICIPIO DE SAO JULIAO - SECRETARIA DE SAUDE, SANEAMENTO E MEIO AMBIENTE",86,MUNICIPIO DE SAO JULIAO  [I0046]
02406316000103,MUNICIPIO DE JATOBA DO PIAUI- SEC.MUNICIPAL DE SAUDE E VIG.SANITARIA,50,MUNICIPIO DE JATOBA DO P [I0047]
02419781000189,MUNICIPIO DE PORTO - SECRETARIA MUNICIPAL DE SAUDE,257,MUNICIPIO DE PORTO - SEC [I0048]
02433931000109,MUNICIPIO DE PAULISTANA - SECRETARIA DE SAUDE E MEIO AMBIENTE,137,MUNICIPIO DE PAULISTANA  [I0049]
02458170000140,MUNICIPIO DE BERTOLINIA - SECRETARIA DE SAUDE,30,MUNICIPIO DE BERTOLINIA  [I0050]
02466144000163,SECRETARIA DA SAUDE DO ESTADO DA BAHIA SESAB,5,SECRETARIA DA SAUDE DO E [I0051]
02493318000187,CONSORCIO INTERMUNICIPAL DO MEDIO ALTO URUGUAI,1887,CONSORCIO INTERMUNICIPAL [I0052]
02529964000157,SECRETARIA DE ESTADO DA SAUDE,419,SECRETARIA DE ESTADO DA  [I0053]
02545932000145,MUNICIPIO DE ARRAIAL - SECRETARIA DE SAUDE E SANEAMENTO,465,MUNICIPIO DE ARRAIAL - S [I0054]
02703617000107,MUNICIPIO DE CAMPINAS DO PIAUI - SECRETARIA DE SAUDE,450,MUNICIPIO DE CAMPINAS DO [I0055]
02852126000110,MUNICIPIO DE ELISEU MARTINS - SECRETARIA DE SAUDE,366,MUNICIPIO DE ELISEU MART [I0056]
02861127000120,MUNICIPIO DE BATALHA-SECRETARIA MUNICIPAL DE SAUDE E SANEAMENTO BASICO,164,MUNICIPIO DE BATALHA-SEC [I0057]
02911953000137,FUNDO MUNICIPAL DE SAUDE DE SAPUCAIA,309,FUNDO MUNICIPAL DE SAUDE [I0058]
02930318000105,MUNICIPIO DE SEBASTIAO LEAL - SECRETARIA DE SAUDE,1024,MUNICIPIO DE SEBASTIAO L [I0059]
02973240000106,ESTADO DO MARANHAO - SECRETARIA DE ESTADO DA SAUDE,36,ESTADO DO MARANHAO - SEC [I0060]
03073673000160,MUNICIPIO DE BONITO,110,MUNICIPIO DE BONITO [I0061]
03118011000169,MUNICIPIO DE DOMINGOS MOURAO - SECRETARIA MUNICIPAL DE SAUDE,3,MUNICIPIO DE DOMINGOS MO [I0062]
03265143000113,SECRETARIA MUNICIPAL DE SAUDE,22,SECRETARIA MUNICIPAL DE  [I0063]
03269695000108,CONSORCIO INTERMUNIC DE SAUDE DO MEDIO VALE DO ITAJAI,948,CONSORCIO INTERMUNIC DE  [I0064]
03273207000128,CONSORCIO INTERGESTORES PARANA SAUDE,528,CONSORCIO INTERGESTORES  [I0065]
03330461000110,MUNICIPIO DE CORUMBA,400,MUNICIPIO DE CORUMBA [I0066]
03517102000177,FUNDO ESPECIAL DE SAUDE,303,FUNDO ESPECIAL DE SAUDE [I0067]
03518900000113,INSTITUTO CURITIBA DE SAUDE,167,INSTITUTO CURITIBA DE SA [I0068]
03581920000139,FUNDO MUNICIPAL DE SAUDE DE IGUABA GRANDE,230,FUNDO MUNICIPAL DE SAUDE [I0069]
03887256000150,CONSORCIO INTERMUNICIPAL DE SAUDE DA REGIAO DO CONTESTADO,681,CONSORCIO INTERMUNICIPAL [I0070]
03961246000118,MUNICIPIO DE ACAUA - SECRETARIA DE SAUDE E DE ASSISTENCIA SOCIAL,30,MUNICIPIO DE ACAUA - SEC [I0071]
04034583000637,MUNICIPIO DE RIO BRANCO,177,MUNICIPIO DE RIO BRANCO [I0072]
04092672000125,MUNICIPIO DE JI-PARANA,77,MUNICIPIO DE JI-PARANA [I0073]
04092680000171,MUNICIPIO DE PIMENTA BUENO,401,MUNICIPIO DE PIMENTA BUE [I0074]
04092714000128,MUNICIPIO DE CACOAL,1139,MUNICIPIO DE CACOAL [I0075]
04128655000109,FUNDO MUNICIPAL DE SAUDE DE PRIMAVERA DE RONDONIA,276,FUNDO MUNICIPAL DE SAUDE [I0076]
04182700000103,FUNDO MUNICIPAL DE SAUDE,2,FUNDO MUNICIPAL DE SAUDE [I0077]
04217860000132,MUNICIPIO DE COQUEIRO BAIXO,102,MUNICIPIO DE COQUEIRO BA [I0078]
04218211000156,MUNICIPIO DE PAU D`ARCO DO PIAUI,112,MUNICIPIO DE PAU D`ARCO  [I0079]
04218960000183,MUNICIPIO DE ARROIO DO PADRE,10,MUNICIPIO DE ARROIO DO P [I0080]
04223191000101,FUNDO MUN.DE SAUDE DE SAO MAMEDE-PB,706,FUNDO MUN.DE SAUDE DE SA [I0081]
04228734000183,FUNDACAO SERVICOS DE SAUDE DE MATO GROSSO DO SUL-SAUDE-MS,679,FUNDACAO SERVICOS DE SAU [I0082]
04266498000190,SECRETARIA MUNICIPAL DE SAUDE,361,SECRETARIA MUNICIPAL DE  [I0083]
04279238000159,MUNICIPIO DE JARU,3247,MUNICIPIO DE JARU [I0084]
04311955000110,FUNDO MUNICIPAL DE SAUDE - MARICA,137,FUNDO MUNICIPAL DE SAUDE [I0085]
04316867000101,FUNDO MUNICPAL DE SAUDE DE ALTO PARAISO,277,FUNDO MUNICPAL DE SAUDE  [I0086]
04326257000199,FUNDACAO MUNICIPAL DE SAUDE DE BITURUNA,448,FUNDACAO MUNICIPAL DE SA [I0087]
04380507000179,MUNICIPIO DE OURO PRETO DO OESTE,548,MUNICIPIO DE OURO PRETO  [I0088]
04384268000125,MUNICIPIO DE CAJAZEIRAS DO PIAUI - SECRETARIA DE SAUDE E PROMOCAO SOCIAL,1,MUNICIPIO DE CAJAZEIRAS  [I0089]
04384829000196,FUNDO ESTADUAL DE SAUDE,63,FUNDO ESTADUAL DE SAUDE [I0090]
04394805000118,MUNICIPIO DE ROLIM DE MOURA,2,MUNICIPIO DE ROLIM DE MO [I0091]
04589955000187,FUNDO MUNICIPAL DE SAUDE DE AQUIDAUANA,2,FUNDO MUNICIPAL DE SAUDE [I0092]
04632212000142,MUNICIPIO DE PRESIDENTE MEDICI,222,MUNICIPIO DE PRESIDENTE  [I0093]
04695284000139,MUNICIPIO DE ESPIGAO D'OESTE,289,MUNICIPIO DE ESPIGAO D'O [I0094]
04712762000171,CONSORCIO INTERMUNICIPAL DE DESENVOLVIMENTO SUSTENTAVEL DA REGIAO DOS CAMPOS DE CIMA DA SERRA - CONDESUS,1383,CONSORCIO INTERMUNICIPAL [I0095]
04885197000144,MUNICIPIO DE FORTALEZA - SECRETARIA MUNICIPAL DE SAUDE - SMS,3,MUNICIPIO DE FORTALEZA - [I0096]
05131180000164,MUNICIPIO DE OBIDOS,175,MUNICIPIO DE OBIDOS [I0097]
05266565000139,MUNICIPIO DE CAJUEIRO DA PRAIA - SECRETARIA MUNICIPAL DE SAUDE,74,MUNICIPIO DE CAJUEIRO DA [I0098]
05301040000197,FUNSAUDE -FUNDACAO DE SAUDE PUBLICA DO MUNICIPIO DE SAO GABRIEL DO OESTE,997,FUNSAUDE -FUNDACAO DE SA [I0099]
05816630000152,FUNDO ESTADUAL DE SAUDE DO ESTADO DA BAHIA,1245,FUNDO ESTADUAL DE SAUDE  [I0100]
05893631000109,MUNICIPIO DE GUAJARA-MIRIM,46,MUNICIPIO DE GUAJARA-MIR [I0101]
05943030000155,MUNICIPIO DE BOA VISTA,240,MUNICIPIO DE BOA VISTA [I0102]
06016618000126,FUNDO MUNICIPAL DE SAUDE DE MIRANTE DA SERRA,2492,FUNDO MUNICIPAL DE SAUDE [I0103]
06205888000185,CONSORCIO INTERMUNICIPAL DO VALE DO JACUI,716,CONSORCIO INTERMUNICIPAL [I0104]
06553887000555,MUNICIPIO DE PIRACURUCA,167,MUNICIPIO DE PIRACURUCA [I0105]
06553952000119,MUNICIPIO DE SIMPLICIO MENDES,369,MUNICIPIO DE SIMPLICIO M [I0106]
06554075000109,MUNICIPIO DE FRANCISCO AYRES,97,MUNICIPIO DE FRANCISCO A [I0107]
06554091000193,MUNICIPIO DE ITAUEIRA,14,MUNICIPIO DE ITAUEIRA [I0108]
06554125000220,MUNICIPIO DE MANOEL EMIDIO,72,MUNICIPIO DE MANOEL EMID [I0109]
06554141000132,MUNICIPIO DE NAZARE DO PIAUI,83,MUNICIPIO DE NAZARE DO P [I0110]
06554166000560,MUNICIPIO DE RIO GRANDE DO PIAUI,69,MUNICIPIO DE RIO GRANDE  [I0111]
06554323000103,MUNICIPIO DE ALTO LONGA,192,MUNICIPIO DE ALTO LONGA [I0112]
06554760000127,MUNICIPIO DE AGUA BRANCA,162,MUNICIPIO DE AGUA BRANCA [I0113]
06554919000103,MUNICIPIO DE FRANCINOPOLIS,2,MUNICIPIO DE FRANCINOPOL [I0114]
07146301000177,MUNICIPIO DE CHAVAL,941,MUNICIPIO DE CHAVAL [I0115]
07165026000139,FUNDO MUNICIPAL DE SAUDE,168,FUNDO MUNICIPAL DE SAUDE [I0116]
07242772000189,CONSORCIO INTERMUNICIPAL DE SERVICOS DO VALE DO TAQUARI,1465,CONSORCIO INTERMUNICIPAL [I0117]
07331783000135,FUNDO MUNICIPAL DE SAUDE,842,FUNDO MUNICIPAL DE SAUDE [I0118]
07417536000156,MUNICIPIO DE CURRAL NOVO DO PIAUI - SECRETARIA DE SAUDE,166,MUNICIPIO DE CURRAL NOVO [I0119]
07582909000144,FUNDO MUNICIPAL DE SAUDE,560,FUNDO MUNICIPAL DE SAUDE [I0120]
07598642000183,MUNICIPIO DE SENADOR SA,1292,MUNICIPIO DE SENADOR SA [I0121]
07615929000174,FUNDO MUNICIPAL DE SAUDE,813,FUNDO MUNICIPAL DE SAUDE [I0122]
07662324000134,CONSORCIO INTERMUNICIPAL DO VALE DO RIO CAI (CIS-CAI),580,CONSORCIO INTERMUNICIPAL [I0123]
07735541000107,MUNICIPIO DE UBAJARA,416,MUNICIPIO DE UBAJARA [I0124]
07851282000180,FUNDO MUNICIPAL DE SAUDE,1449,FUNDO MUNICIPAL DE SAUDE [I0125]
07926117000140,CONSORCIO INTERMUNICIPAL - CI - CENTRO SUL,323,CONSORCIO INTERMUNICIPAL [I0126]
07954571000104,SECRETARIA DA SAUDE DO ESTADO DO CEARA,207,SECRETARIA DA SAUDE DO E [I0127]
08036438000131,FUNDO MUNICIPAL DE SAUDE DE SAPE,152,FUNDO MUNICIPAL DE SAUDE [I0128]
08061295000118,CONSORCIO METROPOLITANO DE SAUDE DO PARANA - COMESP,4,CONSORCIO METROPOLITANO  [I0129]
08159071000143,MUNICIPIO DE JAPI,1,MUNICIPIO DE JAPI [I0130]
08194799000106,FUNDO MUNICIPAL DE SAUDE,479,FUNDO MUNICIPAL DE SAUDE [I0131]
08218991000195,FUNDO MUNICIPAL DE SAUDE DE ITABUNA - SMS,1,FUNDO MUNICIPAL DE SAUDE [I0132]
08241754011007,RIO GRANDE DO NORTE SECRETARIA DA SAUDE PUBLICA,49,RIO GRANDE DO NORTE SECR [I0133]
08247860000136,FUNDO MUNICIPAL DE SAUDE,1054,FUNDO MUNICIPAL DE SAUDE [I0134]
08518587000137,FUNDO MUNICIPAL DE SAUDE - MUNICIPIO DE PARANAVAI,519,FUNDO MUNICIPAL DE SAUDE [I0135]
08533932000101,FUNDO MUNICIPAL DE SAUDE - MUNICIPIO DE ALTO PARANA,64,FUNDO MUNICIPAL DE SAUDE [I0136]
08541779000164,FUNDO MUNICIPAL DE SAUDE,258,FUNDO MUNICIPAL DE SAUDE [I0137]
08542693000156,FUNDO MUNICIPAL DE SAUDE,165,FUNDO MUNICIPAL DE SAUDE [I0138]
08549559000187,FUNDO MUNICIPAL DE SAUDE,450,FUNDO MUNICIPAL DE SAUDE [I0139]
08561107000110,FUNDO MUNICIPAL DE SAUDE DO MUNICIPIO DE ASTORGA,298,FUNDO MUNICIPAL DE SAUDE [I0140]
08597121000174,FUNDO ESTADUAL DE SAUDE DO PARANA - FUNSAUDE,1704,FUNDO ESTADUAL DE SAUDE  [I0141]
08663203000170,FUNDO MUNICIPAL DE SAUDE DE ILHEUS,8,FUNDO MUNICIPAL DE SAUDE [I0142]
08673415000138,FUNDO MUNICIPAL DE SAUDE,192,FUNDO MUNICIPAL DE SAUDE [I0143]
08694222000163,FUNDO MUNICIPAL DE SAUDE DE SANTA RITA,36,FUNDO MUNICIPAL DE SAUDE [I0144]
08698105000178,FUNDO MUNICIPAL DE SAUDE SANTA CECILIA,156,FUNDO MUNICIPAL DE SAUDE [I0145]
08702862000178,MUNICIPIO DE CABACEIRAS,58,MUNICIPIO DE CABACEIRAS [I0146]
08703778000179,FUNDO MUNICIPAL DE SAUDE DE FLORIDA,1945,FUNDO MUNICIPAL DE SAUDE [I0147]
08730943000181,FUNDO MUNICIPAL DE SAUDE,143,FUNDO MUNICIPAL DE SAUDE [I0148]
08778268000160,SECRETARIA DE ESTADO DA SAUDE - SES,717,SECRETARIA DE ESTADO DA  [I0149]
08790172000118,MUNICIPIO DE SERRARIA,15,MUNICIPIO DE SERRARIA [I0150]
08823037000121,FUNDO MUNICIPAL DE SAUDE,68,FUNDO MUNICIPAL DE SAUDE [I0151]
08851627000168,FUNDO MUNICIPAL DE SAUDE,419,FUNDO MUNICIPAL DE SAUDE [I0152]
08881567000126,MUNICIPIO DE QUIXABA,712,MUNICIPIO DE QUIXABA [I0153]
08881666000108,MUNICIPIO DE SALGADINHO,64,MUNICIPIO DE SALGADINHO [I0154]
08882730000175,MUNICIPIO DE SAO JOSE DE ESPINHARAS,409,MUNICIPIO DE SAO JOSE DE [I0155]
08885072000175,FUNDO MUNICIPAL DE SAUDE DE TOLEDO,186,FUNDO MUNICIPAL DE SAUDE [I0156]
08888105000130,FUNDO MUNICIPAL DE SAUDE,249,FUNDO MUNICIPAL DE SAUDE [I0157]
08888967000163,FUNDO MUNICIPAL DE SAUDE DE CRUZEIRO DO OESTE,250,FUNDO MUNICIPAL DE SAUDE [I0158]
08889455000111,FUNDO MUNICIPAL DE SAUDE DE DOIS VIZINHOS,1102,FUNDO MUNICIPAL DE SAUDE [I0159]
08891830000168,MUNICIPIO DE SERRA GRANDE,6,MUNICIPIO DE SERRA GRAND [I0160]
08916107000196,FUNDO MUNICIPAL DE SAUDE DE SANTA IZABEL DO OESTE,184,FUNDO MUNICIPAL DE SAUDE [I0161]
08927244000126,FUNDO MUNICIPAL DE SAUDE,382,FUNDO MUNICIPAL DE SAUDE [I0162]
08929648000159,MUNICIPIO DE CACIMBA DE DENTRO,28,MUNICIPIO DE CACIMBA DE  [I0163]
08931506000126,FUNDO MUNICIPAL DE SAUDE DE UMUARAMA,794,FUNDO MUNICIPAL DE SAUDE [I0164]
08935681000191,FUNDO MUNICIPAL DE SAUDE DE FLORIANOPOLIS,464,FUNDO MUNICIPAL DE SAUDE [I0165]
08937598000151,FUNDO MUNICIPAL DE SAUDE,542,FUNDO MUNICIPAL DE SAUDE [I0166]
08944084000123,MUNICIPIO DE EMAS,469,MUNICIPIO DE EMAS [I0167]
08966882000156,FUNDO MUNICIPAL DE SAUDE,424,FUNDO MUNICIPAL DE SAUDE [I0168]
08968508000190,FUNDO MUNICIPAL DE SAUDE DE PIMENTA BUENO,1810,FUNDO MUNICIPAL DE SAUDE [I0169]
08976611000181,FUNDO MUNICIPAL DE SAUDE DE BOM JESUS DO SUL,234,FUNDO MUNICIPAL DE SAUDE [I0170]
08987945000150,FUNDO MUNICIPAL DE SAUDE DE NOVA UNIAO,535,FUNDO MUNICIPAL DE SAUDE [I0171]
08992896000144,FUNDO MUNICIPAL DE SAUDE DE BARRACAO,343,FUNDO MUNICIPAL DE SAUDE [I0172]
09036819000183,FUNDO MUNICIPAL DE SAUDE DE CLEVELANDIA,62,FUNDO MUNICIPAL DE SAUDE [I0173]
09051532000122,FUNDO MUNICIPAL DE SAUDE DE CASCAVEL,1714,FUNDO MUNICIPAL DE SAUDE [I0174]
09055340000275,"ASSOCIACAO DE SAUDE, ESPORTE, LAZER E CULTURA - ASELC",43,"ASSOCIACAO DE SAUDE, ESP [I0175]"
09071622000185,MUNICIPIO DE LAGOA DE DENTRO,88,MUNICIPIO DE LAGOA DE DE [I0176]
09090689000167,MUNICIPIO DE SANTA LUZIA,1483,MUNICIPIO DE SANTA LUZIA [I0177]
09102679000102,FUNDO MUNICIPAL DE SAUDE,298,FUNDO MUNICIPAL DE SAUDE [I0178]
09141808000163,FUNDO MUNICIPAL DE SAUDE DE CAFEARA,594,FUNDO MUNICIPAL DE SAUDE [I0179]
09148131000195,MUNICIPIO DE MANAIRA,58,MUNICIPIO DE MANAIRA [I0180]
09151473000164,MUNICIPIO DE CONDADO,663,MUNICIPIO DE CONDADO [I0181]
09154486000197,FUNDO MUNICIPAL DE SAUDE DE CANHOTINHO,497,FUNDO MUNICIPAL DE SAUDE [I0182]
09157931000172,FUNDO MUNICIPAL DE SAUDE,1272,FUNDO MUNICIPAL DE SAUDE [I0183]
09158413000173,FUNDO MUNICIPAL DE SAUDE DE REALEZA,76,FUNDO MUNICIPAL DE SAUDE [I0184]
09182117000108,FUNDO MUNICIPAL DE SAUDE,267,FUNDO MUNICIPAL DE SAUDE [I0185]
09201882000128,FUNDO MUNICIPAL DE SAUDE,761,FUNDO MUNICIPAL DE SAUDE [I0186]
09239144000170,FUNDO MUNICIPAL DE SAUDE,185,FUNDO MUNICIPAL DE SAUDE [I0187]
09241895000120,FUNDO MUNICIPAL DE SAUDE,271,FUNDO MUNICIPAL DE SAUDE [I0188]
09253109000105,FUNDO MUNICIPAL DE SAUDE,1173,FUNDO MUNICIPAL DE SAUDE [I0189]
09256935000108,FUNDO MUNICIPAL DE SAUDE,1101,FUNDO MUNICIPAL DE SAUDE [I0190]
09258961000175,FUNDO MUNICIPAL DE SAUDE DE SAO PEDRO DO IGUACU,19,FUNDO MUNICIPAL DE SAUDE [I0191]
09259137000130,FUNDO MUNICIPAL DE SAUDE DE LUPIONOPOLIS,267,FUNDO MUNICIPAL DE SAUDE [I0192]
09262602000191,FUNDO MUNICIPAL DE SAUDE DO MUNICIPIO DE SARANDI,520,FUNDO MUNICIPAL DE SAUDE [I0193]
09271085000117,FUNDO MUNICIPAL DE SAUDE,58,FUNDO MUNICIPAL DE SAUDE [I0194]
09277712000127,FUNDO MUNICIPAL DE SAUDE,2,FUNDO MUNICIPAL DE SAUDE [I0195]
09280202000109,FUNDO MUNICIPAL DE SAUDE - MAUA DA SERRA,1240,FUNDO MUNICIPAL DE SAUDE [I0196]
09285785000160,FUNDO MUNICIPAL DE SAUDE DE SAO JOAO DO TRIUNFO,479,FUNDO MUNICIPAL DE SAUDE [I0197]
09288947000114,FMS- FUNDO MUNICIPAL DE SAUDE DE CACHOEIRO DE ITAPEMIRIM.,69,FMS- FUNDO MUNICIPAL DE  [I0198]
09298629000134,FUNDO MUNICIPAL DE SAUDE DO MUNICIPIO DE GOIOERE,993,FUNDO MUNICIPAL DE SAUDE [I0199]
09307789000100,FUNDO MUNICIPAL DE SAUDE,586,FUNDO MUNICIPAL DE SAUDE [I0200]
09309271000106,FUNDO MUNICIPAL DE SAUDE,331,FUNDO MUNICIPAL DE SAUDE [I0201]
09348540000135,FUNDO MUNICIPAL DE SAUDE DE BOA VISTA DA APARECIDA,124,FUNDO MUNICIPAL DE SAUDE [I0202]
09350916000146,FUNDO MUNICIPAL DE SAUDE DE SANTA ISABEL DO IVAI,236,FUNDO MUNICIPAL DE SAUDE [I0203]
09354277000197,FUNDO MUNICIPAL DE SAUDE - MUNICPO DE TURVO,31,FUNDO MUNICIPAL DE SAUDE [I0204]
09367941000132,FUNDO MUNICIPAL DE SAUDE,825,FUNDO MUNICIPAL DE SAUDE [I0205]
09380391000191,FUNDO MUNICIPAL DE SAUDE - MUNICIPIO DE ARIRANHA DO IVAI,167,FUNDO MUNICIPAL DE SAUDE [I0206]
09417876000102,FUNDO MUNICIPAL DE SAUDE DE CAFEZAL DO SUL,4,FUNDO MUNICIPAL DE SAUDE [I0207]
09457349000121,FUNDO MUNICIPAL DE SAUDE DE INAJA PARANA,21,FUNDO MUNICIPAL DE SAUDE [I0208]
09468040000137,FUNDO MUNICIPAL DE SAUDE DE PIRAQUARA,776,FUNDO MUNICIPAL DE SAUDE [I0209]
09472866000170,FUNDO MUNICIPAL DE SAUDE DO M UNICIPIO DE NOVA AURORA,277,FUNDO MUNICIPAL DE SAUDE [I0210]
09485333000122,FUNDO MUNICIPAL DE SAUDE,755,FUNDO MUNICIPAL DE SAUDE [I0211]
09494245000197,FUNDO MUNICIPAL DE SAUDE,257,FUNDO MUNICIPAL DE SAUDE [I0212]
09520756000136,FUNDO MUNICIPAL DE SAUDE,417,FUNDO MUNICIPAL DE SAUDE [I0213]
09535844000101,FUNDO MUNICIPAL DE SAUDE DE GRANDES RIOS,599,FUNDO MUNICIPAL DE SAUDE [I0214]
09536254000101,FUNDO MUNICIPAL DE SAUDE DE SAO MIGUEL DO GUAPORE,81,FUNDO MUNICIPAL DE SAUDE [I0215]
09555110000194,FUNDO MUNICIPAL DE SAUDE,1409,FUNDO MUNICIPAL DE SAUDE [I0216]
09583958000127,SAUDE - IS,23,SAUDE - IS [I0217]
09588897000190,FUNDO MUNICIPAL DE SAUDE - MUNICIPIO DE NOVA TEBAS PARANA,1505,FUNDO MUNICIPAL DE SAUDE [I0218]
09647690000140,FUNDO MUNICIPAL DE SAUDE,565,FUNDO MUNICIPAL DE SAUDE [I0219]
09652908000154,FUNDO MUNICIPAL DE SAUDE DE FENIX,65,FUNDO MUNICIPAL DE SAUDE [I0220]
09654201000187,FUNDO MUNICIPAL DE SAUDE DE RIBEIRAO DO PINHAL,461,FUNDO MUNICIPAL DE SAUDE [I0221]
10091569000163,MUNICIPIO DE SANTA CRUZ DO CAPIBARIBE,77,MUNICIPIO DE SANTA CRUZ  [I0222]
10234992000175,FUNDO MUNICIPAL DE SAUDE DE CACHOEIRINHA,261,FUNDO MUNICIPAL DE SAUDE [I0223]
10254294000131,FMS SANTANA DO MUNDAU,427,FMS SANTANA DO MUNDAU [I0224]
10257028000162,FUNDO MUNICIPAL DE SAUDE,14,FUNDO MUNICIPAL DE SAUDE [I0225]
10264406000135,MUNICIPIO DE PESQUEIRA,28,MUNICIPIO DE PESQUEIRA [I0226]
10277035000126,FUNDO MUNICIPAL DE SAUDE,227,FUNDO MUNICIPAL DE SAUDE [I0227]
10291177000148,MUNICIPIO DE RIO FORMOSO,887,MUNICIPIO DE RIO FORMOSO [I0228]
10291345000103,FUNDO MUNICIPAL DE SAUDE DE PRIMAVERA,64,FUNDO MUNICIPAL DE SAUDE [I0229]
10292209000120,MUNICIPIO DE SIRINHAEM,219,MUNICIPIO DE SIRINHAEM [I0230]
10298603000175,FUNDO MUNICIPAL DE SAUDE,373,FUNDO MUNICIPAL DE SAUDE [I0231]
10316445000139,FUNDO MUNICIPAL DE SAUDE,7,FUNDO MUNICIPAL DE SAUDE [I0232]
10319517000100,FUNDO MUNICIPAL DE SAUDE DE PORTO DA FOLHA,503,FUNDO MUNICIPAL DE SAUDE [I0233]
10373665000102,FUNDO MUNICIPAL DE SAUDE DE ARAUCARIA,139,FUNDO MUNICIPAL DE SAUDE [I0234]
10380316000100,FUNDO MUNICIPAL DE SAUDE DE QUINTA DO SOL,22,FUNDO MUNICIPAL DE SAUDE [I0235]
10381732000122,FUNDO MUNICIPAL DE SAUDE,29,FUNDO MUNICIPAL DE SAUDE [I0236]
10382118000185,FUNDO MUNICIPAL DE SAUDE DE DIAMANTE,139,FUNDO MUNICIPAL DE SAUDE [I0237]
10398439000178,FUNDO MUNICIPAL DE SAUDE,145,FUNDO MUNICIPAL DE SAUDE [I0238]
10411736000106,FUNDO MUNICIPAL DE SAUDE,706,FUNDO MUNICIPAL DE SAUDE [I0239]
10414835000141,FMS - FUNDO MUNICIPAL DE SAUDE DE LINHARES,351,FMS - FUNDO MUNICIPAL DE [I0240]
10417698000107,FUNDO MUNICIPAL DE SAUDE DE ITAMBE,481,FUNDO MUNICIPAL DE SAUDE [I0241]
10425754000147,FUNDO MUNICIPAL DE SAUDE DE SANTA LUZIA,383,FUNDO MUNICIPAL DE SAUDE [I0242]
10435993000188,FUNDO MUNICIPAL DE SAUDE DE SAO JOAO DE MERITI,250,FUNDO MUNICIPAL DE SAUDE [I0243]
10460927000168,FUNDO MUNICIPAL DE SAUDE DE CACIMBA DE AREIA,613,FUNDO MUNICIPAL DE SAUDE [I0244]
10473821000107,FUNDO MUNICIPAL DE SAUDE DO MUNICIPIO DE PRINCESA ISABEL,1,FUNDO MUNICIPAL DE SAUDE [I0245]
10484826000127,FUNDO MUNICIPAL DE SAUDE,149,FUNDO MUNICIPAL DE SAUDE [I0246]
10486210000195,FUNDO MUNICIPAL DE SAUDE DE JACARAU,28,FUNDO MUNICIPAL DE SAUDE [I0247]
10493355000113,FUNDO MUNICIPAL DE SAUDE DE DESTERRO,265,FUNDO MUNICIPAL DE SAUDE [I0248]
10505599000179,FUNDO MUNICIPAL DE SAUDE DE BALSA NOVA,319,FUNDO MUNICIPAL DE SAUDE [I0249]
10517867000172,FUNDO MUNICIPAL DE SAUDE,15,FUNDO MUNICIPAL DE SAUDE [I0250]
10530745000116,FUNDO MUNICIPAL DE SAUDE,4,FUNDO MUNICIPAL DE SAUDE [I0251]
10539832000134,FUNDO MUNICIPAL DE SAUDE DE GUADALUPE,515,FUNDO MUNICIPAL DE SAUDE [I0252]
10540697000147,FUNDO MUNICIPAL DE SAUDE DE FORQUILHINHA,649,FUNDO MUNICIPAL DE SAUDE [I0253]
10541009000163,FUNDO MUNICIPAL DE SAUDE DE CACIMBAS,436,FUNDO MUNICIPAL DE SAUDE [I0254]
10552903000139,FUNDO MUNICIPAL DE SAUDE,8,FUNDO MUNICIPAL DE SAUDE [I0255]
10557425000150,FUNDO MUNICIPAL DE SAUDE DE PITIMBU,141,FUNDO MUNICIPAL DE SAUDE [I0256]
10560403000149,MUNICIPIO DE NAZARIA,100,MUNICIPIO DE NAZARIA [I0257]
10566414000136,FUNDO MUNICIPAL DE SAUDE,546,FUNDO MUNICIPAL DE SAUDE [I0258]
10568451000183,FUNDO MUNICIPAL DE SAUDE,58,FUNDO MUNICIPAL DE SAUDE [I0259]
10572048000128,SECRETARIA DE SAUDE,520,SECRETARIA DE SAUDE [I0260]
10572048000209,SECRETARIA DE SAUDE,454,SECRETARIA DE SAUDE [I0261]
10585650000108,FUNDO MUNICIPAL DE SAUDE DE JOAO NEIVA,197,FUNDO MUNICIPAL DE SAUDE [I0262]
10588370000145,FUNDO MUNICIPAL DE SAUDE DE SAO PEDRO DO IVAI,427,FUNDO MUNICIPAL DE SAUDE [I0263]
10589928000107,FUNDO MUNICIPAL DE SAUDE DO BOM JARDIM,229,FUNDO MUNICIPAL DE SAUDE [I0264]
10599648000180,FUNDO MUNICIPAL DE SAUDE DE JOAO ALFREDO,248,FUNDO MUNICIPAL DE SAUDE [I0265]
10601116000130,FUNDO MUNICIPAL DE SAUDE,385,FUNDO MUNICIPAL DE SAUDE [I0266]
10640637000104,MUNICIPIO DE FLORIANO - SECRETARIA DE SAUDE,510,MUNICIPIO DE FLORIANO -  [I0267]
10693916000128,FUNDO MUNICIPAL DE SAUDE - FMS,61,FUNDO MUNICIPAL DE SAUDE [I0268]
10700103000118,FUNDO MUNICIPAL DA SAUDE,1,FUNDO MUNICIPAL DA SAUDE [I0269]
10759784000190,FUNDO MUNICIPAL DE SAUDE DE ALIANCA,266,FUNDO MUNICIPAL DE SAUDE [I0270]
10785644000196,FUNDO MUNICIPAL DE SAUDE DE SAO JOSE DE CAIANA,767,FUNDO MUNICIPAL DE SAUDE [I0271]
10975044000190,FUNDO MUNICIPAL DE SAUDE - FMS,1,FUNDO MUNICIPAL DE SAUDE [I0272]
11073548000188,TORITAMA FUNDO MUNICIPAL DE SAUDE,520,TORITAMA FUNDO MUNICIPAL [I0273]
11079071000148,FUNDO MUNICIPAL DE SAUDE DE BURITIS,736,FUNDO MUNICIPAL DE SAUDE [I0274]
11084263000142,FUNDO MUNICIPAL DE SAUDE,1,FUNDO MUNICIPAL DE SAUDE [I0275]
11095923000190,FUNDO MUNICIPAL DE SAUDE,596,FUNDO MUNICIPAL DE SAUDE [I0276]
11112312000103,FUNDO MUNICIPAL DE SAUDE DE IVINHEMA,1410,FUNDO MUNICIPAL DE SAUDE [I0277]
11120699000140,FUNDO MUNICIPAL DE SAUDE,215,FUNDO MUNICIPAL DE SAUDE [I0278]
11144705000107,FUNDO MUNICIPAL DE SAUDE DE ARRAIAL DO CABO,7,FUNDO MUNICIPAL DE SAUDE [I0279]
11153600000106,FUNDO MUNICIPAL DE SAUDE,346,FUNDO MUNICIPAL DE SAUDE [I0280]
11155765000117,FUNDO MUNICIPAL DE SAUDE,864,FUNDO MUNICIPAL DE SAUDE [I0281]
11159820000147,FUNDO MUNICIPAL DE SAUDE DE BRANQUINHA,140,FUNDO MUNICIPAL DE SAUDE [I0282]
11160486000141,FUNDO MUNICIPAL DE SAUDE,5,FUNDO MUNICIPAL DE SAUDE [I0283]
11161074000126,FUNDO MUNICIPAL DE SAUDE,212,FUNDO MUNICIPAL DE SAUDE [I0284]
11164805000197,FUNDO MUNICIPAL DE SAUDE,609,FUNDO MUNICIPAL DE SAUDE [I0285]
11168783000133,FUNDO MUNICIPAL DE SAUDE DO CABO DE SANTO AGOSTINHO,178,FUNDO MUNICIPAL DE SAUDE [I0286]
11171199000137,FUNDO MUNICIPAL DE SAUDE DO MUNICIPIO DE PILAR,885,FUNDO MUNICIPAL DE SAUDE [I0287]
11174552000132,FUNDO MUNICIPAL DE SAUDE DE ITAPORANGA,858,FUNDO MUNICIPAL DE SAUDE [I0288]
11176515000163,FUNDO MUNICIPAL DE SAUDE,186,FUNDO MUNICIPAL DE SAUDE [I0289]
11186410000195,FUNDO MUNICIPAL DE SAUDE DE BELTERRA,201,FUNDO MUNICIPAL DE SAUDE [I0290]
11190128000181,FUNDO MUNICIPAL DE SAUDE,342,FUNDO MUNICIPAL DE SAUDE [I0291]
11190812000163,FUNDO MUNICIPAL DE SAUDE DE VITORIA DO XINGU,151,FUNDO MUNICIPAL DE SAUDE [I0292]
11194088000146,FUNDO MUNICIPAL DE SAUDE,17,FUNDO MUNICIPAL DE SAUDE [I0293]
11203936000136,FUNDO MUNICIPAL DE SAUDE,451,FUNDO MUNICIPAL DE SAUDE [I0294]
11206680000110,FUNDO MUNICIPAL DE SAUDE DE CANOINHAS,104,FUNDO MUNICIPAL DE SAUDE [I0295]
11209770000165,FUNDO MUNICIPAL DE SAUDE,201,FUNDO MUNICIPAL DE SAUDE [I0296]
11216262000104,FUNDO MUNICIPAL DE SAUDE,1112,FUNDO MUNICIPAL DE SAUDE [I0297]
11224453000118,FUNDO MUNICIPAL DE SAUDE DE PAULO JACINTO,122,FUNDO MUNICIPAL DE SAUDE [I0298]
11227813000135,FUNDO MUNICIPAL DE SAUDE DE SAO JOSE DOS RAMOS,267,FUNDO MUNICIPAL DE SAUDE [I0299]
11243983000103,FUNDO MUNICIPAL DE SAUDE DE PINDOBA,460,FUNDO MUNICIPAL DE SAUDE [I0300]
11248285000109,FUNDO MUNICIPAL DE SAUDE,1264,FUNDO MUNICIPAL DE SAUDE [I0301]
11256054000139,MUNICIPIO DE TORITAMA,234,MUNICIPIO DE TORITAMA [I0302]
11261188000148,FUNDO MUNICIPAL DE SAUDE,127,FUNDO MUNICIPAL DE SAUDE [I0303]
11264342000135,FUNDO MUNICIPAL DE SAUDE DE ITAPUA DO OESTE - RO,738,FUNDO MUNICIPAL DE SAUDE [I0304]
11265919000123,FUNDO MUNICIPAL SAUDE,590,FUNDO MUNICIPAL SAUDE [I0305]
11266975000182,FUNDO MUNICIPAL DE SAUDE,456,FUNDO MUNICIPAL DE SAUDE [I0306]
11270608000152,FUNDO MUNICIPAL DE SAUDE,107,FUNDO MUNICIPAL DE SAUDE [I0307]
11272240000161,FUNDO MUNICIPAL DE SAUDE,71,FUNDO MUNICIPAL DE SAUDE [I0308]
11278364000154,FUNDO MUNICIPAL DE SAUDE,948,FUNDO MUNICIPAL DE SAUDE [I0309]
11289929000107,FUNDO MUNICIPAL DE SAUDE,1512,FUNDO MUNICIPAL DE SAUDE [I0310]
11291694000180,FUNDO MUNICIPAL DE SAUDE,242,FUNDO MUNICIPAL DE SAUDE [I0311]
11292555000170,FUNDO MUNICIPAL DE SAUDE DO MUNICIPIO DE MESSIAS,70,FUNDO MUNICIPAL DE SAUDE [I0312]
11294360000160,MUNICIPIO DE AMARAJI,2167,MUNICIPIO DE AMARAJI [I0313]
11295419000134,FUNDO MUNICIPAL DE SAUDE,36,FUNDO MUNICIPAL DE SAUDE [I0314]
11295659000139,FUNDO MUNICIPAL DE SAUDE DE SAO FELIPE D`OESTE,241,FUNDO MUNICIPAL DE SAUDE [I0315]
11297536000137,FUNDO MUNICIPAL DE SAUDE,914,FUNDO MUNICIPAL DE SAUDE [I0316]
11299001000103,FUNDO MUNICIPAL DE SAUDE DE QUIPAPA,80,FUNDO MUNICIPAL DE SAUDE [I0317]
11306864000152,FUNDO MUNICIPAL DE SAUDE,300,FUNDO MUNICIPAL DE SAUDE [I0318]
11307575000178,FUNDO MUNICIPAL DE SAUDE,2,FUNDO MUNICIPAL DE SAUDE [I0319]
11308894000106,FUNDO MUNICIPAL DE SAUDE,433,FUNDO MUNICIPAL DE SAUDE [I0320]
11321779000163,FUNDO MUNICIPAL DE SAUDE - SALGADINHO - PB,763,FUNDO MUNICIPAL DE SAUDE [I0321]
11323039000166,FUNDO MUNICIPAL DE SAUDE DE BOCA DA MATA,4,FUNDO MUNICIPAL DE SAUDE [I0322]
11323261000169,FUNDO MUNICIPAL DE SAUDE,4,FUNDO MUNICIPAL DE SAUDE [I0323]
11328684000171,FUNDO MUNICIPAL DE SAUDE,686,FUNDO MUNICIPAL DE SAUDE [I0324]
11328835000191,FUNDO MUNICIPAL DE SAUDE DE THEOBROMA,271,FUNDO MUNICIPAL DE SAUDE [I0325]
11334531000137,FUNDO MUNICIPAL DE SAUDE,247,FUNDO MUNICIPAL DE SAUDE [I0326]
11334929000173,FUNDO MUNICIPAL DE SAUDE DA GAMELEIRA,151,FUNDO MUNICIPAL DE SAUDE [I0327]
11348184000100,FUNDO MUNICIPAL DE SAUDE DE PALMEIRAIS - PI,523,FUNDO MUNICIPAL DE SAUDE [I0328]
11348486000170,FUNDO MUNICIPAL DE SAUDE,1,FUNDO MUNICIPAL DE SAUDE [I0329]
11356210000133,FUNDO MUNICIPAL DE SAUDE,494,FUNDO MUNICIPAL DE SAUDE [I0330]
11356696000100,FUNDO MUNICIPAL DE SAUDE DE SAO MATEUS,77,FUNDO MUNICIPAL DE SAUDE [I0331]
11361904000169,MUNICIPIO DE TIMBAUBA,275,MUNICIPIO DE TIMBAUBA [I0332]
11364895000160,FUNDO MUNICIPAL DE SAUDE DE VARZEA GRANDE,258,FUNDO MUNICIPAL DE SAUDE [I0333]
11366609000103,FUNDO MUNICIPAL DE SAUDE,207,FUNDO MUNICIPAL DE SAUDE [I0334]
11367491000120,FUNDO MUNICIPAL DE SAUDE,174,FUNDO MUNICIPAL DE SAUDE [I0335]
11367495000108,FUNDO MUNICIPAL DE SAUDE DO MUNICIPIO DE BREJO GRANDE,432,FUNDO MUNICIPAL DE SAUDE [I0336]
11371082000105,FUNDO MUNICIPAL DE SAUDE,1,FUNDO MUNICIPAL DE SAUDE [I0337]
11372925000180,FUNDO MUNICIPAL DE SAUDE,752,FUNDO MUNICIPAL DE SAUDE [I0338]
11381413000180,FUNDO MUNICIPAL DE SAUDE,660,FUNDO MUNICIPAL DE SAUDE [I0339]
11384276000137,FUNDO MUNICIPAL DE SAUDE DE CALCADO,261,FUNDO MUNICIPAL DE SAUDE [I0340]
11386903000179,FUNDO MUNICIPAL DE SAUDE,243,FUNDO MUNICIPAL DE SAUDE [I0341]
11393101000196,FUNDO MUNICIPAL DE SAUDE,789,FUNDO MUNICIPAL DE SAUDE [I0342]
11401087000125,FUNDO MUNICIPAL DE SAUDE DE CHA PRETA,345,FUNDO MUNICIPAL DE SAUDE [I0343]
11401857000130,FUNDO MUNICIPAL DE SAUDE,336,FUNDO MUNICIPAL DE SAUDE [I0344]
11401979000126,FUNDO MUNICIPAL DE SAUDE,12,FUNDO MUNICIPAL DE SAUDE [I0345]
11402080000128,FUNDO MUNICIPAL DE SAUDE,319,FUNDO MUNICIPAL DE SAUDE [I0346]
11402091000108,FUNDO MUNICIPAL DE SAUDE,351,FUNDO MUNICIPAL DE SAUDE [I0347]
11402806000122,FUNDO MUNICIPAL DE SAUDE,410,FUNDO MUNICIPAL DE SAUDE [I0348]
11406652000147,FUNDO MUNICIPAL DE SAUDE DE CUMARU DO NORTE,269,FUNDO MUNICIPAL DE SAUDE [I0349]
11408007000163,FUNDO MUNICIPAL DE SAUDE DE GROAIRAS,640,FUNDO MUNICIPAL DE SAUDE [I0350]
11408429000139,FUNDO MUNICIPAL DE SAUDE DE PASSO DE CAMARAGIBE,227,FUNDO MUNICIPAL DE SAUDE [I0351]
11412389000107,FUNDO MUNICIPAL DE SAUDE DE TOMAR DO GERU,381,FUNDO MUNICIPAL DE SAUDE [I0352]
11414057000153,FUNDO MUNICIPAL DE SAUDE,54,FUNDO MUNICIPAL DE SAUDE [I0353]
11418606000168,FUNDO MUNICIPAL DE SAUDE,383,FUNDO MUNICIPAL DE SAUDE [I0354]
11418976000103,FUNDO MUNICIPAL DE SAUDE DE LAGOA ALEGRE - PIAUI,28,FUNDO MUNICIPAL DE SAUDE [I0355]
11420456000127,DONA INES - FUNDO MUNICIPAL DE SAUDE,199,DONA INES - FUNDO MUNICI [I0356]
11422073000198,FUNDO MUNICIPAL DE SAUDE DE JUAZEIRO DO NORTE,1361,FUNDO MUNICIPAL DE SAUDE [I0357]
11423181000185,FUNDO MUNICIPAL DE SAUDE DE GUACUI,345,FUNDO MUNICIPAL DE SAUDE [I0358]
11429173000146,FUNDO MUNICIPAL DE SAUDE DE RIO BANANAL,1336,FUNDO MUNICIPAL DE SAUDE [I0359]
11429318000109,FUNDO MUNICIPAL DE SAUDE,69,FUNDO MUNICIPAL DE SAUDE [I0360]
11429331000168,FUNDO MUNICIPAL DE SAUDE,218,FUNDO MUNICIPAL DE SAUDE [I0361]
11429927000168,FUNDO MUNICIPAL DE SAUDE DE CRUZ DAS ALMAS,69,FUNDO MUNICIPAL DE SAUDE [I0362]
11430018000140,FUNDO ESTADUAL DE SAUDE DE PERNAMBUCO,22,FUNDO ESTADUAL DE SAUDE  [I0363]
11431661000198,FUNDO MUNICIPAL DE SAUDE DE BOA ESPERANCA,159,FUNDO MUNICIPAL DE SAUDE [I0364]
11432702000160,FUNDO MUNICIPAL DE SAUDE DE PARIPUEIRA,6,FUNDO MUNICIPAL DE SAUDE [I0365]
11436548000103,FUNDO MUNICIPAL DE SAUDE - CONGO - PARAIBA,116,FUNDO MUNICIPAL DE SAUDE [I0366]
11441605000134,FUNDO MUNICIPAL DE SAUDE DE OURILANDIA DO NORTE,496,FUNDO MUNICIPAL DE SAUDE [I0367]
11446327000108,FUNDO MUNICIPAL DE SAUDE,38,FUNDO MUNICIPAL DE SAUDE [I0368]
11447587000106,FUNDO MUNICIPAL DE SAUDE DE MORAUJO,43,FUNDO MUNICIPAL DE SAUDE [I0369]
11453233000166,FUNDO MUNICIPAL DE SAUDE - MURITIBA,117,FUNDO MUNICIPAL DE SAUDE [I0370]
11462050000107,FUNDO MUNICIPAL DE SAUDE DE SALGADO DE SAO FELIX,382,FUNDO MUNICIPAL DE SAUDE [I0371]
11462395000160,FUNDO MUNICIPAL DE SAUDE DE CONCEICAO DE CANINDE,631,FUNDO MUNICIPAL DE SAUDE [I0372]
11463735000178,FUNDO MUNICIPAL DE SAUDE DE CROATA,168,FUNDO MUNICIPAL DE SAUDE [I0373]
11465675000122,FUNDO MUNICIPAL DE SAUDE DE SERINGUEIRAS,1312,FUNDO MUNICIPAL DE SAUDE [I0374]
11471451000123,FUNDO MUNICIPAL DE SAUDE,671,FUNDO MUNICIPAL DE SAUDE [I0375]
11472134000121,FUNDO MUNICIPAL DE SAUDE DE FEIRA NOVA,746,FUNDO MUNICIPAL DE SAUDE [I0376]
11478439000140,FUNDO MUNICIPAL DE SAUDE DE CAMPO NOVO DE RONDONIA,101,FUNDO MUNICIPAL DE SAUDE [I0377]
11485023000150,FUNDO MUNICIPAL DE SAUDE DE CUJUBIM,258,FUNDO MUNICIPAL DE SAUDE [I0378]
11490142000109,FUNDO MUNICIPAL DE SAUDE,1243,FUNDO MUNICIPAL DE SAUDE [I0379]
11490408000105,FUNDO MUNICIPAL DE SAUDE,248,FUNDO MUNICIPAL DE SAUDE [I0380]
11497605000156,FUNDO MUNICIPAL DE SAUDE,415,FUNDO MUNICIPAL DE SAUDE [I0381]
11502951000185,FUNDO MUNICIPAL DE SAUDE DE GOVERNADOR JORGE TEIXEIRA,7,FUNDO MUNICIPAL DE SAUDE [I0382]
11508022000183,FUNDO MUNICIPAL DE SAUDE,629,FUNDO MUNICIPAL DE SAUDE [I0383]
11513856000187,AUTARQUIA MUNICIPAL DE SAUDE DE CAMBIRA,1113,AUTARQUIA MUNICIPAL DE S [I0384]
11514360000128,FUNDO MUNICIPAL DE SAUDE,179,FUNDO MUNICIPAL DE SAUDE [I0385]
11523119000165,FUNDO MUNICIPAL DE SAUDE,51,FUNDO MUNICIPAL DE SAUDE [I0386]
11538959000100,FUNDO MUNICIPAL DE SAUDE SAO JOSE DA LAJE,50,FUNDO MUNICIPAL DE SAUDE [I0387]
11544537000139,FUNDO MUNICIPAL DE SAUDE,6,FUNDO MUNICIPAL DE SAUDE [I0388]
11546530000156,FUNDO MUNICIPAL DE SAUDE,872,FUNDO MUNICIPAL DE SAUDE [I0389]
11588202000112,FUNDO MUNICIPAL DE SAUDE DE SERRA GRANDE,515,FUNDO MUNICIPAL DE SAUDE [I0390]
11594727000160,FUNDO MUNICIPAL DE SAUDE,1750,FUNDO MUNICIPAL DE SAUDE [I0391]
11601645000104,FUNDO MUNICIPAL DE SAUDE,52,FUNDO MUNICIPAL DE SAUDE [I0392]
11607836000175,FUNDO MUNICIPAL DE SAUDE DE AMARAJI,432,FUNDO MUNICIPAL DE SAUDE [I0393]
11639262000117,FUNDO MUNICIPAL DE SAUDE DE CAPELA,769,FUNDO MUNICIPAL DE SAUDE [I0394]
11655026000194,FUNDO MUNICIPAL DE SAUDE,429,FUNDO MUNICIPAL DE SAUDE [I0395]
11664446000137,FUNDO MUNICIPAL DE SAUDE,1193,FUNDO MUNICIPAL DE SAUDE [I0396]
11676238000158,FUNDO MUNICIPAL DE SAUDE,303,FUNDO MUNICIPAL DE SAUDE [I0397]
11685421000110,FUNDO MUNICIPAL DE SAUDE DE BAYEUX,385,FUNDO MUNICIPAL DE SAUDE [I0398]
11701954000148,FUNDO MUNICIPAL DE SAUDE DE PEDRINHAS,308,FUNDO MUNICIPAL DE SAUDE [I0399]
11706451000165,FUNDO MUNICIPAL DE SAUDE -PAROBE/RS,259,FUNDO MUNICIPAL DE SAUDE [I0400]
11718406000120,FUNDO MUNICIPAL DE SAUDE,5417,FUNDO MUNICIPAL DE SAUDE [I0401]
11739873000137,FMS DE GURINHEM,5,FMS DE GURINHEM [I0402]
11770182000104,FUNDO MUNICIPAL DE SAUDE DE GUARAPARI,753,FUNDO MUNICIPAL DE SAUDE [I0403]
11779393000108,FUNDO MUNICIPAL DA SAUDE DE RIO CRESPO,236,FUNDO MUNICIPAL DA SAUDE [I0404]
11782445000197,FUNDO MUNICIPAL DE SAUDE DE OROS,2,FUNDO MUNICIPAL DE SAUDE [I0405]
11795661000177,FUNDO MUNICIPAL DE SAUDE,390,FUNDO MUNICIPAL DE SAUDE [I0406]
11811613000125,FUNDO MUNICIPAL DE SAUDE,417,FUNDO MUNICIPAL DE SAUDE [I0407]
11812868000102,FUNDO MUNICIPAL DE SAUDE,98,FUNDO MUNICIPAL DE SAUDE [I0408]
11816665000194,FUNDO MUNICIPAL DE SAUDE DE ESTANCIA/SE,4,FUNDO MUNICIPAL DE SAUDE [I0409]
11822633000100,FUNDO MUNICIPAL DE SAUDE DE JAGUARE,97,FUNDO MUNICIPAL DE SAUDE [I0410]
11822995000192,FUNDO MUNICIPAL DE SAUDE DE SAPUCAIA,447,FUNDO MUNICIPAL DE SAUDE [I0411]
11832051000104,FUNDO MUNICIPAL DE SAUDE DO MUNICIPIO DE AREIA DE BARAUNAS,118,FUNDO MUNICIPAL DE SAUDE [I0412]
11835031000189,FUNDO MUNICIPAL DE SAUDE,164,FUNDO MUNICIPAL DE SAUDE [I0413]
11837925000108,FUNDO MUNICIPAL DE SAUDE,5,FUNDO MUNICIPAL DE SAUDE [I0414]
11843644000168,FUNDO MUNICIPAL DE SAUDE DO MUNICIPIO DE GUATAPARA,183,FUNDO MUNICIPAL DE SAUDE [I0415]
11850969000178,FUNDO MUNICIPAL DE SAUDE DE NOSSA SENHORA DA GLORIA,206,FUNDO MUNICIPAL DE SAUDE [I0416]
11855524000180,FUNDO MUNICIPAL DE SAUDE DE ITAGUAI - FMSI,1794,FUNDO MUNICIPAL DE SAUDE [I0417]
11855813000180,FUNDO MUNICIPAL DE SAUDE,45,FUNDO MUNICIPAL DE SAUDE [I0418]
11870137000113,FUNDO MUNICIPAL DE SAUDE DE CAMOCIM DE SAO FELIX,124,FUNDO MUNICIPAL DE SAUDE [I0419]
11876352000121,FUNDO MUNICIPAL DE SAUDE DE CACAULANDIA,262,FUNDO MUNICIPAL DE SAUDE [I0420]
11884818000130,FUNDO MUNICIPAL DE SAUDE DE OBIDOS,35,FUNDO MUNICIPAL DE SAUDE [I0421]
11892520000172,FUNDO MUNICIPAL DE SAUDE DE BASTOS,1004,FUNDO MUNICIPAL DE SAUDE [I0422]
11895474000165,FUNDO MUNICIPAL DE SAUDE,1,FUNDO MUNICIPAL DE SAUDE [I0423]
11899610000195,FUNDO MUNICIPAL DE SAUDE DE URUARA,327,FUNDO MUNICIPAL DE SAUDE [I0424]
11907806000184,FUNDO MUNICIPAL DE SAUDE DE TACIMA,56,FUNDO MUNICIPAL DE SAUDE [I0425]
11913577000100,FUNDO MUNICIPAL DE SAUDE DE ALTO ALEGRE DOS PARECIS,616,FUNDO MUNICIPAL DE SAUDE [I0426]
11918033000131,FUNDO MUNICIPAL SAUDE DE VIANOPOLIS,14,FUNDO MUNICIPAL SAUDE DE [I0427]
11957240000103,FUNDO MUNICIPAL DE SAUDE DE MONTE NEGRO,1237,FUNDO MUNICIPAL DE SAUDE [I0428]
11966012000191,FUNDO MUNICIPAL DE SAUDE DE MONCOES,1105,FUNDO MUNICIPAL DE SAUDE [I0429]
11970318000111,FUNDO MUNICIPAL DE SAUDE DE CORURIPE,27,FUNDO MUNICIPAL DE SAUDE [I0430]
11975218000188,FUNDO MUNICIPAL DE SAUDE DO MUNICIPIO DE RIACHAO DO POCO,101,FUNDO MUNICIPAL DE SAUDE [I0431]
11980140000190,FUNDO MUNICIPAL DE SAUDE DE MONSENHOR GIL,275,FUNDO MUNICIPAL DE SAUDE [I0432]
12011137000120,FUNDO MUNICIPAL DE SAUDE DE RIACHAO,330,FUNDO MUNICIPAL DE SAUDE [I0433]
12011652000100,SSFUNDO MUNICIPAL DE SAUDE DE SERRARIA - PB,441,SSFUNDO MUNICIPAL DE SAU [I0434]
12012235000182,FUNDO MUNICIPAL DE SAUDE,241,FUNDO MUNICIPAL DE SAUDE [I0435]
12013802000115,FUNDO MUNICIPAL DE SAUDE,420,FUNDO MUNICIPAL DE SAUDE [I0436]
12014954000132,FUNDO MUNICIPAL DE SAUDE DE MENDES,130,FUNDO MUNICIPAL DE SAUDE [I0437]
12021434000157,FUNDO MUNICIPAL DE SAUDE DE JARAGUARI,69,FUNDO MUNICIPAL DE SAUDE [I0438]
12022274000160,FUNDO MUNICIPAL DE SAUDE-FMS,89,FUNDO MUNICIPAL DE SAUDE [I0439]
12024740000147,FUNDO MUNICIPAL DE SAUDE,259,FUNDO MUNICIPAL DE SAUDE [I0440]
12051399000119,FUNDO MUNICIPAL DE SAUDE DE PEDRA BRANCA,680,FUNDO MUNICIPAL DE SAUDE [I0441]
12075748000132,CONSORCIO INTERMUNICIPAL CATARINENSE-CIMCATARINA,5964,CONSORCIO INTERMUNICIPAL [I0442]
12157728000100,FUNDO MUNICIPAL DE SAUDE DE VILA VELHA - F M S,307,FUNDO MUNICIPAL DE SAUDE [I0443]
12200283000102,MUNICIPIO DE MESSIAS,1015,MUNICIPIO DE MESSIAS [I0444]
12200333000143,MUNICIPIO DE SATUBA,666,MUNICIPIO DE SATUBA [I0445]
12219015000124,FUNDO MUNICIPAL DE SAUDE DE ITABAIANA SERGIPE,448,FUNDO MUNICIPAL DE SAUDE [I0446]
12225481000112,FUNDO MUNICIPAL DE SAUDE,174,FUNDO MUNICIPAL DE SAUDE [I0447]
12225915000184,FUNDO MUNICIPAL DE SAUDE DE CALDAZINHA,121,FUNDO MUNICIPAL DE SAUDE [I0448]
12240308000193,FUNDO MUNICIPAL DE SAUDE DO MUNICIPIO DE MIGUEL PEREIRA,89,FUNDO MUNICIPAL DE SAUDE [I0449]
12262713000102,MUNICIPIO DE BARRA DE SANTO ANTONIO,317,MUNICIPIO DE BARRA DE SA [I0450]
12262739000150,MUNICIPIO DE JOAQUIM GOMES,346,MUNICIPIO DE JOAQUIM GOM [I0451]
12292556000188,FUNDO MUNICIPAL DE SAUDE DE CABO FRIO,185,FUNDO MUNICIPAL DE SAUDE [I0452]
12306005000126,FUNDO MUNICIPAL DE SAUDE,766,FUNDO MUNICIPAL DE SAUDE [I0453]
12332953000136,MUNICIPIO DE MURICI,14,MUNICIPIO DE MURICI [I0454]
12332979000184,MUNICIPIO DE SANTANA DO MUNDAU,546,MUNICIPIO DE SANTANA DO  [I0455]
12332987000120,MUNICIPIO DE COLONIA LEOPOLDINA,4,MUNICIPIO DE COLONIA LEO [I0456]
12333746000104,MUNICIPIO DE VICOSA,163,MUNICIPIO DE VICOSA [I0457]
12342368000117,FUNDO MUNICIPAL DE SAUDE DE JACARE DOS HOMENS,6,FUNDO MUNICIPAL DE SAUDE [I0458]
12342663000173,MUNICIPIO DE MATRIZ DE CAMARAGIBE,32,MUNICIPIO DE MATRIZ DE C [I0459]
12366720000154,MUNICIPIO DE PORTO CALVO,74,MUNICIPIO DE PORTO CALVO [I0460]
12375571000190,LAGOA DE DENTRO - FUNDO MUNICIPAL DE SAUDE,264,LAGOA DE DENTRO - FUNDO  [I0461]
12401524000173,FUNDO MUNICIPAL DE SAUDE,99,FUNDO MUNICIPAL DE SAUDE [I0462]
12403050000107,FUNDO MUNICIPAL DE SAUDE - FMS,55,FUNDO MUNICIPAL DE SAUDE [I0463]
12403819000189,FUNDO MUNICIPAL DE SAUDE DE FARO,790,FUNDO MUNICIPAL DE SAUDE [I0464]
12431437000169,FUNDO MUNICIPAL DE SAUDE,356,FUNDO MUNICIPAL DE SAUDE [I0465]
12447227000169,FUNDO MUNICIPAL DE SAUDE DE SANTA TEREZINHA,45,FUNDO MUNICIPAL DE SAUDE [I0466]
12457150000108,FUNDO MUNICIPAL DE SAUDE DE RIO TINTO,133,FUNDO MUNICIPAL DE SAUDE [I0467]
12465477000121,FUNDO MUNICIPAL DE SAUDE,501,FUNDO MUNICIPAL DE SAUDE [I0468]
12526644000105,FUNDO MUNICIPAL DE SAUDE DE SAO JOSE DO BONFIM PB,94,FUNDO MUNICIPAL DE SAUDE [I0469]
12552597000166,FUNDO MUNICIPAL DE SAUDE - FMS,143,FUNDO MUNICIPAL DE SAUDE [I0470]
12584054000120,FUNDO MUNICIPAL DE SAUDE DE JACUIPE,21,FUNDO MUNICIPAL DE SAUDE [I0471]
12625868000166,FUNDO MUNICIPAL DE SAUDE,677,FUNDO MUNICIPAL DE SAUDE [I0472]
12652705000172,FUNDO MUNICIPAL DE SAUDE DE FLORESTA DO ARAGUAIA,108,FUNDO MUNICIPAL DE SAUDE [I0473]
12756355000194,FUNDO MUNICIPAL DE SAUDE,33,FUNDO MUNICIPAL DE SAUDE [I0474]
12802079000153,FUNDO MUNICIPAL DE SAUDE DE ISAIAS COELHO,11,FUNDO MUNICIPAL DE SAUDE [I0475]
12835008000157,FUNDO MUNICIPAL DE SAUDE,498,FUNDO MUNICIPAL DE SAUDE [I0476]
12842829000110,MUNICIPIO DE TEOTONIO VILELA,2,MUNICIPIO DE TEOTONIO VI [I0477]
13034603000156,FUNDO MUNICIPAL DE SAUDE DE TRES LAGOAS-MS,1085,FUNDO MUNICIPAL DE SAUDE [I0478]
13069201000197,FUNDO MUNICIPAL DE SAUDE DE JUNCO DO SERIDO-PB,131,FUNDO MUNICIPAL DE SAUDE [I0479]
13070749000157,FUNDO MUNICIPAL DE SAUDE DO MUNICIPIO DE MATARACA-PB,709,FUNDO MUNICIPAL DE SAUDE [I0480]
13099820000124,CUITE DE MAMANGUAPE FUNDO MUNICIPAL DE SAUDE,943,CUITE DE MAMANGUAPE FUND [I0481]
13119961000161,MUNICIPIO DE CAPELA,179,MUNICIPIO DE CAPELA [I0482]
13556480000113,FUNDO MUNICIPAL DE SAUDE DO MUNICIPIO DE PEDRO OSORIO - RS,2,FUNDO MUNICIPAL DE SAUDE [I0483]
13601247000105,FUNDO MUNICIPAL DE SAUDE,39,FUNDO MUNICIPAL DE SAUDE [I0484]
13650403000128,MUNICIPIO DE TEIXEIRA DE FREITAS,752,MUNICIPIO DE TEIXEIRA DE [I0485]
13659627000109,FUNDO MUNICIPAL DE SAUDE DE SAO GABRIEL DO OESTE,1279,FUNDO MUNICIPAL DE SAUDE [I0486]
13660767000199,FUNDACAO MUNICIPAL DE SAUDE DE TUBARAO,1146,FUNDACAO MUNICIPAL DE SA [I0487]
13661399000101,FUNDO MUNICIPAL DE SAUDE DE SAO JOSE DA COROA GRANDE,201,FUNDO MUNICIPAL DE SAUDE [I0488]
13693153000103,CONSORCIO PUBLICO DA ASSOCIACAO DOS MUNICIPIOS DA REGIAO METROPOLITANA DE PORTO ALEGRE - CP GRANPAL,490,CONSORCIO PUBLICO DA ASS [I0489]
13781828000176,MUNICIPIO DE IBITIARA,25,MUNICIPIO DE IBITIARA [I0490]
13791643000142,FUNDO MUNICIPAL DE SAUDE,26,FUNDO MUNICIPAL DE SAUDE [I0491]
13792329000184,FUNDO MUNICIPAL DA SAUDE,671,FUNDO MUNICIPAL DA SAUDE [I0492]
13817576000198,FUNDO MUNICIPAL DE SAUDE DE CACHOEIRAS DE MACACU,6,FUNDO MUNICIPAL DE SAUDE [I0493]
13846658000160,FUNDO MUNICIPAL DE SAUDE,394,FUNDO MUNICIPAL DE SAUDE [I0494]
13861101000107,FUNDO MUNICIPAL DE SAUDE,512,FUNDO MUNICIPAL DE SAUDE [I0495]
13861260000101,FUNDO MUNICIPAL DE SAUDE DO MUNICIPIO DE COLIDER,19,FUNDO MUNICIPAL DE SAUDE [I0496]
13877281000107,FUNDO MUNICIPAL DE SAUDE DE TEIXEIRPOLIS,161,FUNDO MUNICIPAL DE SAUDE [I0497]
13884491000122,FUNDO MUNICIPAL DE SAUDE,282,FUNDO MUNICIPAL DE SAUDE [I0498]
13887045000171,FUNDO MUNICIPAL DE SAUDE DE NANTES,5,FUNDO MUNICIPAL DE SAUDE [I0499]
13917136000102,FUNDO MUNICIPAL DE SAUDE DE CARIACICA,59,FUNDO MUNICIPAL DE SAUDE [I0500]
13917262000167,FUNDO MUNICIPAL DE SAUDE DE SANTA MARIA DE JETIBA,1,FUNDO MUNICIPAL DE SAUDE [I0501]
13927758000111,FUNDO MUNICIPAL DE SAUDE,53,FUNDO MUNICIPAL DE SAUDE [I0502]
14004655000142,FUNDO MUNICIPAL DE SAUDE DE CHAPADAO DO SUL-MS,674,FUNDO MUNICIPAL DE SAUDE [I0503]
14007211000160,FUNDO MUNICIPAL DE SAUDE DE JARAGUA DO SUL,277,FUNDO MUNICIPAL DE SAUDE [I0504]
14028087000110,FUNDO MUNICIPAL DE SAUDE DE DEMERVAL LOBAO,176,FUNDO MUNICIPAL DE SAUDE [I0505]
14029232000187,FUNDO MUNICIPAL DE SAUDE,953,FUNDO MUNICIPAL DE SAUDE [I0506]
14051123000166,FUNDO MUNICIPAL DE SAUDE,1275,FUNDO MUNICIPAL DE SAUDE [I0507]
14051642000124,FUNDO MUNICIPAL DE SAUDE,21,FUNDO MUNICIPAL DE SAUDE [I0508]
14164659000198,FUNDO MUNICIPAL DE SAUDE DE SAO ROQUE DE MINAS,2,FUNDO MUNICIPAL DE SAUDE [I0509]
14173522000108,CONSORCIO PUBLICO DE DESENVOLVIMENTO DO VALE DO IVINHEMA-CODEVALE,19,CONSORCIO PUBLICO DE DES [I0510]
14231159000121,FUNDO MUNICIPAL DE SAUDE PREFEITURA DE SEVERIANO MELO/RN,381,FUNDO MUNICIPAL DE SAUDE [I0511]
14491945000168,FUNDO MUNICIPAL DE SAUDE DE SANTA TERESA,108,FUNDO MUNICIPAL DE SAUDE [I0512]
14523538000195,FUNDO MUNICIPAL DE ASSISTENCIA SOCIAL,90,FUNDO MUNICIPAL DE ASSIS [I0513]
14540893000172,FUNDO MUNICIPAL DE SAUDE DE CASSILANDIA-MS,2,FUNDO MUNICIPAL DE SAUDE [I0514]
14578805000121,FUNDO MUNICIPAL DE SAUDE DE COLATINA,603,FUNDO MUNICIPAL DE SAUDE [I0515]
14587933000131,FUNDO MUNICIPAL DE SAUDE DE VIANA,280,FUNDO MUNICIPAL DE SAUDE [I0516]
14635944000140,FUNDO MUNICIPAL DE SAUDE DO MUNICIPIO DE IBIRACU,63,FUNDO MUNICIPAL DE SAUDE [I0517]
14734122000116,FUNDO MUNICIPAL DE SAUDE,161,FUNDO MUNICIPAL DE SAUDE [I0518]
14744834000116,FUNDO MUNICIPAL DE SAUDE,1,FUNDO MUNICIPAL DE SAUDE [I0519]
14785598000186,FUNDO MUNICIPAL DE SAUDE DE NOVA VENECIA,178,FUNDO MUNICIPAL DE SAUDE [I0520]
14792165000158,FUNDO MUNICIPAL DE SAUDE DE VITORIA,335,FUNDO MUNICIPAL DE SAUDE [I0521]
14801768000179,FUNDO MUNICIPAL DE SAUDE DE PIUMA,1,FUNDO MUNICIPAL DE SAUDE [I0522]
14813806000103,FUNDO MUNICIPAL DE SAUDE DE AGUA DOCE DO NORTE,1,FUNDO MUNICIPAL DE SAUDE [I0523]
14814026000188,FUNDO MUNICIPAL DE SAUDE DE SERRA,378,FUNDO MUNICIPAL DE SAUDE [I0524]
14814139000183,FUNDACAO ESTATAL DE ATENCAO ESPECIALIZADA EM SAUDE DE CURITIBA (FEAES - CURITIBA),1119,FUNDACAO ESTATAL DE ATEN [I0525]
14830853000165,FUNDO MUNICIPAL DE SAUDE DE CASTELO - ES,664,FUNDO MUNICIPAL DE SAUDE [I0526]
15246041000130,FUNDO MUNICIPAL DE SAUDE,675,FUNDO MUNICIPAL DE SAUDE [I0527]
15344304000143,CONSORCIO INTERMUNICIPAL DA REGIAO NORDESTE,638,CONSORCIO INTERMUNICIPAL [I0528]
15389588000194,MUNICIPIO DE SAO GABRIEL DO OESTE,65,MUNICIPIO DE SAO GABRIEL [I0529]
15408168000108,FUNDO MUNICIPAL DE SAUDE DE CAPAO ALTO,97,FUNDO MUNICIPAL DE SAUDE [I0530]
15626810000125,FUNDO MUNICIPAL DE SAUDE - FMS,39,FUNDO MUNICIPAL DE SAUDE [I0531]
15718459000100,CONSORCIO INTERMUNICIPAL DA REDE DE URGENCIAS E EMERGENCIAS DO NOROESTE DO PARANA - CIUENP,2,CONSORCIO INTERMUNICIPAL [I0532]
16656280000120,FUNDO MUNICIPAL DE SAUDE,5,FUNDO MUNICIPAL DE SAUDE [I0533]
16781346000104,MUNICIPIO DE PIUMHI,1891,MUNICIPIO DE PIUMHI [I0534]
17453467000190,FUNDO MUNICIPAL DE SAUDE DE CONCEICAO DO ARAGUAIA,300,FUNDO MUNICIPAL DE SAUDE [I0535]
17518565000168,FUNDO MUNICIPAL DE SAUDE DE PARAISO DAS AGUAS - MS,1,FUNDO MUNICIPAL DE SAUDE [I0536]
17546256000100,FUNDO MUNICIPAL DE SAUDE DE SANTA MARIA DAS BARREIRAS,382,FUNDO MUNICIPAL DE SAUDE [I0537]
17744434000107,MUNICIPIO DE RIO POMBA,85,MUNICIPIO DE RIO POMBA [I0538]
17754136000190,MUNICIPIO DE DIAMANTINA,48,MUNICIPIO DE DIAMANTINA [I0539]
18158261000108,MUNICIPIO DE DOURADOQUARA,2018,MUNICIPIO DE DOURADOQUAR [I0540]
18158642000189,MUNICIPIO DE IRAI DE MINAS,175,MUNICIPIO DE IRAI DE MIN [I0541]
18229151000181,FUNDO MUNICIPAL DE SAUDE DE BANDEIRANTES MS,22,FUNDO MUNICIPAL DE SAUDE [I0542]
18239616000185,MUNICIPIO DE GUAPE,174,MUNICIPIO DE GUAPE [I0543]
18241380000111,MUNICIPIO DE ITAMOGI,1149,MUNICIPIO DE ITAMOGI [I0544]
18241778000158,MUNICIPIO DE SAO JOAO BATISTA DO GLORIA,222,MUNICIPIO DE SAO JOAO BA [I0545]
18260489000104,MUNICIPIO DE TUPACIGUARA,93,MUNICIPIO DE TUPACIGUARA [I0546]
18299446000124,MUNICIPIO DE ITABIRA,111,MUNICIPIO DE ITABIRA [I0547]
18308734000106,MUNICIPIO DE SAO SEBASTIAO DO OESTE,1162,MUNICIPIO DE SAO SEBASTI [I0548]
18313817000185,MUNICIPIO DE PARA DE MINAS,288,MUNICIPIO DE PARA DE MIN [I0549]
18428839000190,MUNICIPIO DE UBERABA,320,MUNICIPIO DE UBERABA [I0550]
18428888000123,MUNICIPIO DE CONQUISTA,70,MUNICIPIO DE CONQUISTA [I0551]
18431155000148,MUNICIPIO DE MONTE ALEGRE DE MINAS,41,MUNICIPIO DE MONTE ALEGR [I0552]
18431312001359,MUNICIPIO DE UBERLANDIA,441,MUNICIPIO DE UBERLANDIA [I0553]
18457200000133,MUNICIPIO DE CANAPOLIS,13,MUNICIPIO DE CANAPOLIS [I0554]
18457218000135,MUNICIPIO DE ITUIUTABA,1,MUNICIPIO DE ITUIUTABA [I0555]
18478187000107,FUNDO MUNICIPAL DE SAUDE DE MARABA,1974,FUNDO MUNICIPAL DE SAUDE [I0556]
18538208000124,CONSORCIO INTERMUNICIPAL DO SUL DO ESTADO DE ALAGOAS - CONISUL,2653,CONSORCIO INTERMUNICIPAL [I0557]
18592162000121,MUNICIPIO DE ESTRELA DO SUL,41,MUNICIPIO DE ESTRELA DO  [I0558]
18663401000197,MUNICIPIO DE GUAXUPE,1602,MUNICIPIO DE GUAXUPE [I0559]
18960233000100,CONSORCIO INTERMUNICIPAL DO OESTE PAULISTA,2097,CONSORCIO INTERMUNICIPAL [I0560]
19047937000140,FUNDO MUNICIPAL DE SAUDE DE MACHADINHO D'OESTE,483,FUNDO MUNICIPAL DE SAUDE [I0561]
19110162000100,FUNDACAO HOSPITALAR DO MUNICIPIO DE VARGINHA FHOMUV,736,FUNDACAO HOSPITALAR DO M [I0562]
19122075000173,FUNDO MUNICIPAL DE SAUDE DE JI-PARANA,957,FUNDO MUNICIPAL DE SAUDE [I0563]
19181382000125,FUNDO MUNICIPAL DE SAUDE DE CEREJEIRAS - RO,522,FUNDO MUNICIPAL DE SAUDE [I0564]
19217292000147,FUNDO MUNICIPAL DE SAUDE,967,FUNDO MUNICIPAL DE SAUDE [I0565]
19275776000142,FUNDO MUNICIPAL DE SAUDE,761,FUNDO MUNICIPAL DE SAUDE [I0566]
19314027000187,FUNDO MUNICIPAL DE SAUDE DE VALE DO PARAISO,243,FUNDO MUNICIPAL DE SAUDE [I0567]
19361548000195,FUNDO MUNICIPAL DE SAUDE DE MINISTRO ANDREAZZA,854,FUNDO MUNICIPAL DE SAUDE [I0568]
19876424000142,MUNICIPIO DE IPATINGA,394,MUNICIPIO DE IPATINGA [I0569]
21467008000132,FUNDO MUNICIPAL DE SAUDE,960,FUNDO MUNICIPAL DE SAUDE [I0570]
21817418000166,FUNDO MUNICIPAL DE SAUDE,1987,FUNDO MUNICIPAL DE SAUDE [I0571]
21858225000153,MUNICIPIO DE MILTON BRANDAO - FUNDO MUNICIPAL DE SAUDE,130,MUNICIPIO DE MILTON BRAN [I0572]
22004126000177,FUNDO MUNICIPAL DE SAUDE,239,FUNDO MUNICIPAL DE SAUDE [I0573]
22855159000120,MUNICIPIO DE CABIXI,131,MUNICIPIO DE CABIXI [I0574]
22855167000177,MUNICIPIO DE SAO MIGUEL DO GUAPORE,27,MUNICIPIO DE SAO MIGUEL  [I0575]
22981088000102,MUNICIPIO DE TUCUMA,370,MUNICIPIO DE TUCUMA [I0576]
22992304000115,FUNDO MUNICIPAL DE SAUDE DE NOVA MAMORE,897,FUNDO MUNICIPAL DE SAUDE [I0577]
23014200000107,FUNDO MUNICIPAL DE SAUDE DE CRUZ DO ESPIRITO SANTO,119,FUNDO MUNICIPAL DE SAUDE [I0578]
23045893000197,FUNDO MUNICIPAL DE SAUDE DE PARECIS,173,FUNDO MUNICIPAL DE SAUDE [I0579]
23085655000105,FUNDO MUNICIPAL DE SAUDE DO MUNICIPIO DE NOVA BRASILNDIA D'OESTE - RO.,221,FUNDO MUNICIPAL DE SAUDE [I0580]
23109604000176,FUNDO MUNICIPAL DE SAUDE DE ESPIGAO DO OESTE (FMS),596,FUNDO MUNICIPAL DE SAUDE [I0581]
23179533000188,FUNDO MUNICIPAL DE SAUDE,277,FUNDO MUNICIPAL DE SAUDE [I0582]
23273682000101,FUNDO MUNICIPAL DE SAUDE,68,FUNDO MUNICIPAL DE SAUDE [I0583]
23767031000178,MUNICIPIO DE ITAU DE MINAS,120,MUNICIPIO DE ITAU DE MIN [I0584]
24039073000155,FUNDACAO ESTATAL DE ATENCAO EM SAUDE DO ESTADO DO PARANA - FUNEAS-PARANA,9,FUNDACAO ESTATAL DE ATEN [I0585]
24772162000106,MUNICIPIO DE NOVA MUTUM,5,MUNICIPIO DE NOVA MUTUM [I0586]
25053117000164,TOCANTINS SECRETARIA DE ESTADO DE SAUDE,1716,TOCANTINS SECRETARIA DE  [I0587]
25648387000118,UNIVERSIDADE FEDERAL DE UBERLANDIA,118,UNIVERSIDADE FEDERAL DE  [I0588]
27080605000196,SECRETARIA DE ESTADO DA SAUDE,1748,SECRETARIA DE ESTADO DA  [I0589]
27150549000119,MUNICIPIO DE CARIACICA,5,MUNICIPIO DE CARIACICA [I0590]
27744176000104,MUNICIPIO DE MARILANDIA,2,MUNICIPIO DE MARILANDIA [I0591]
28715986000103,CONSORCIO INTERMUNICIPAL DO VALE DO SAO FRANCISCO - CONIVALES,2591,CONSORCIO INTERMUNICIPAL [I0592]
29115474000160,MUNICIPIO DE MACAE,39,MUNICIPIO DE MACAE [I0593]
29138278000101,MUNICIPIO DE NOVA IGUACU,36,MUNICIPIO DE NOVA IGUACU [I0594]
29138278000705,NOVA IGUACU PREFEITURA,538,NOVA IGUACU PREFEITURA [I0595]
29138377000193,MUNICIPIO DE TRES RIOS,490,MUNICIPIO DE TRES RIOS [I0596]
29141322000132,MUNICIPIO DE PIRAI,22,MUNICIPIO DE PIRAI [I0597]
30372673000133,AUTARQUIA MUNICIPAL DE SAUDE DE PAICANDU,635,AUTARQUIA MUNICIPAL DE S [I0598]
31796626000180,MUNICIPIO DE AGUA DOCE DO NORTE,96,MUNICIPIO DE AGUA DOCE D [I0599]
32370759000152,FUNDACAO MUNICIPAL DE SAUDE DE PONTA GROSSA,1009,FUNDACAO MUNICIPAL DE SA [I0600]
32415283000129,MUNICIPIO DE MIGUEL PEREIRA,211,MUNICIPIO DE MIGUEL PERE [I0601]
34671016000148,MUNICIPIO DE PAU D`ARCO,174,MUNICIPIO DE PAU D`ARCO [I0602]
35561471000153,MUNICIPIO DE PARIPUEIRA,661,MUNICIPIO DE PARIPUEIRA [I0603]
36975571000199,FUNDO MUNICIPAL DE SAUDE,380,FUNDO MUNICIPAL DE SAUDE [I0604]
41522327000100,MUNICIPIO DE LAGOA ALEGRE,139,MUNICIPIO DE LAGOA ALEGR [I0605]
42498717000155,SECRETARIA DE ESTADO DE SAUDE - SES,1072,SECRETARIA DE ESTADO DE  [I0606]
43976166000150,MUNICIPIO DE AMERICO BRASILIENSE,1116,MUNICIPIO DE AMERICO BRA [I0607]
44229805000187,MUNICIPIO DE CASSIA DOS COQUEIROS,938,MUNICIPIO DE CASSIA DOS  [I0608]
44229813000123,MUNICIPIO DE SERRANA,587,MUNICIPIO DE SERRANA [I0609]
44431245000149,MUNICIPIO DE PIACATU,1258,MUNICIPIO DE PIACATU [I0610]
44445054000136,MUNICIPIO DE SANTOPOLIS DO AGUAPEI,1166,MUNICIPIO DE SANTOPOLIS  [I0611]
44518371000135,MUNICIPIO DE GARCA,1049,MUNICIPIO DE GARCA [I0612]
44518504000173,MUNICIPIO DE LUCIANOPOLIS,282,MUNICIPIO DE LUCIANOPOLI [I0613]
44531788000138,MUNICIPIO DE LINS,262,MUNICIPIO DE LINS [I0614]
44553790000108,MUNICIPIO DE BALBINOS,121,MUNICIPIO DE BALBINOS [I0615]
44556207000112,MUNICIPIO DE URU,990,MUNICIPIO DE URU [I0616]
44751725000197,MUNICIPIO DE SANTA CRUZ DA CONCEICAO,395,MUNICIPIO DE SANTA CRUZ  [I0617]
44880060000111,MUNICIPIO DE DRACENA,341,MUNICIPIO DE DRACENA [I0618]
44959021000104,MUNICIPIO DE GUARUJA,91,MUNICIPIO DE GUARUJA [I0619]
45132495000140,MUNICIPIO DE LIMEIRA,1,MUNICIPIO DE LIMEIRA [I0620]
45270188000126,MUNICIPIO DE MATAO,403,MUNICIPIO DE MATAO [I0621]
45276128000110,MUNICIPIO DE ARARAQUARA,78,MUNICIPIO DE ARARAQUARA [I0622]
45279635000108,MUNICIPIO DE ATIBAIA,1008,MUNICIPIO DE ATIBAIA [I0623]
45298569000113,MUNICIPIO DE ALTINOPOLIS,267,MUNICIPIO DE ALTINOPOLIS [I0624]
45299104000187,MUNICIPIO DE BATATAIS,256,MUNICIPIO DE BATATAIS [I0625]
45317955000105,MUNICIPIO DE ITIRAPUA,505,MUNICIPIO DE ITIRAPUA [I0626]
45323474000102,MUNICIPIO DE ARAMINA,182,MUNICIPIO DE ARAMINA [I0627]
45339363000194,MUNICIPIO DE PORTO FERREIRA,785,MUNICIPIO DE PORTO FERRE [I0628]
45352267000186,MUNICIPIO DE PONTAL,105,MUNICIPIO DE PONTAL [I0629]
45355575000165,MUNICIPIO DE IBATE,893,MUNICIPIO DE IBATE [I0630]
45355914000103,MUNICIPIO DE RIBEIRAO BONITO,30,MUNICIPIO DE RIBEIRAO BO [I0631]
45358249000101,MUNICIPIO DE SAO CARLOS,221,MUNICIPIO DE SAO CARLOS [I0632]
45368545000193,MUNICIPIO DE SANTA ROSA DE VITERBO,1,MUNICIPIO DE SANTA ROSA  [I0633]
45369220000125,MUNICIPIO DE SAO SIMAO,466,MUNICIPIO DE SAO SIMAO [I0634]
45685872000179,MUNICIPIO DE REGISTRO,54,MUNICIPIO DE REGISTRO [I0635]
45731650000145,MUNICIPIO DE PIRASSUNUNGA,266,MUNICIPIO DE PIRASSUNUNG [I0636]
45732377000173,MUNICIPIO DE SANTA GERTRUDES,368,MUNICIPIO DE SANTA GERTR [I0637]
45735552000186,MUNICIPIO DE ARTUR NOGUEIRA,159,MUNICIPIO DE ARTUR NOGUE [I0638]
45741527000105,MUNICIPIO DE SAO SEBASTIAO DA GRAMA,689,MUNICIPIO DE SAO SEBASTI [I0639]
45749819000194,MUNICIPIO DE SANTA RITA DO PASSA QUATRO,1342,MUNICIPIO DE SANTA RITA  [I0640]
45786159000111,MUNICIPIO DE IRACEMAPOLIS,67,MUNICIPIO DE IRACEMAPOLI [I0641]
46137410000180,MUNICIPIO DE BAURU,1072,MUNICIPIO DE BAURU [I0642]
46137444000174,MUNICIPIO DE AGUDOS,221,MUNICIPIO DE AGUDOS [I0643]
46189718000179,MUNICIPIO DE PEDERNEIRAS,2028,MUNICIPIO DE PEDERNEIRAS [I0644]
46211694000107,MUNICIPIO DE IBIRAREMA,28,MUNICIPIO DE IBIRAREMA [I0645]
46223707000168,MUNICIPIO DE FARTURA,808,MUNICIPIO DE FARTURA [I0646]
46227849000101,MUNICIPIO DE PONGAI,1104,MUNICIPIO DE PONGAI [I0647]
46231890000143,MUNICIPIO DE SANTA CRUZ DO RIO PARDO,919,MUNICIPIO DE SANTA CRUZ  [I0648]
46319000000150,MUNICIPIO DE GUARULHOS,4,MUNICIPIO DE GUARULHOS [I0649]
46341038000129,MUNICIPIO DE PIRACICABA,8,MUNICIPIO DE PIRACICABA [I0650]
46362661000168,MUNICIPIO DE LEME,2,MUNICIPIO DE LEME [I0651]
46362927000172,MUNICIPIO DE BROTAS,2036,MUNICIPIO DE BROTAS [I0652]
46371654000122,MUNICIPIO DE SANTA CRUZ DAS PALMEIRAS,1060,MUNICIPIO DE SANTA CRUZ  [I0653]
46373445000118,MUNICIPIO DE TAMBAU,987,MUNICIPIO DE TAMBAU [I0654]
46374500000194,SECRETARIA DE ESTADO DA SAUDE,147,SECRETARIA DE ESTADO DA  [I0655]
46374500001751,SECRETARIA DE ESTADO DA SAUDE,40,SECRETARIA DE ESTADO DA  [I0656]
46374500003533,SECRETARIA DE ESTADO DA SAUDE,52,SECRETARIA DE ESTADO DA  [I0657]
46374500003614,SECRETARIA DE ESTADO DA SAUDE,482,SECRETARIA DE ESTADO DA  [I0658]
46374500015701,SECRETARIA DE ESTADO DA SAUDE,8,SECRETARIA DE ESTADO DA  [I0659]
46374500026231,SECRETARIA DE ESTADO DA SAUDE,5254,SECRETARIA DE ESTADO DA  [I0660]
46410866000171,MUNICIPIO DE JAGUARIUNA,966,MUNICIPIO DE JAGUARIUNA [I0661]
46425229000179,MUNICIPIO DE AGUAI,748,MUNICIPIO DE AGUAI [I0662]
46429379000150,MUNICIPIO DE SAO JOAO DA BOA VISTA,118,MUNICIPIO DE SAO JOAO DA [I0663]
46435921000188,MUNICIPIO DE DIVINOLANDIA,554,MUNICIPIO DE DIVINOLANDI [I0664]
46446696000185,MUNICIPIO DE VINHEDO,25,MUNICIPIO DE VINHEDO [I0665]
46482832000192,MUNICIPIO DE SAO SEBASTIAO,128,MUNICIPIO DE SAO SEBASTI [I0666]
46482857000196,MUNICIPIO DE UBATUBA,1759,MUNICIPIO DE UBATUBA [I0667]
46522959000198,MUNICIPIO DE MAUA,722,MUNICIPIO DE MAUA [I0668]
46522983000127,MUNICIPIO DE SANTANA DE PARNAIBA,466,MUNICIPIO DE SANTANA DE  [I0669]
46523007000199,MUNICIPIO DE PIRAPORA DO BOM JESUS,101,MUNICIPIO DE PIRAPORA DO [I0670]
46523015000135,MUNICIPIO DE BARUERI,1099,MUNICIPIO DE BARUERI [I0671]
46523031000128,MUNICIPIO DE ITAPEVI,147,MUNICIPIO DE ITAPEVI [I0672]
46523049000120,MUNICIPIO DE COTIA,974,MUNICIPIO DE COTIA [I0673]
46523122000163,MUNICIPIO DE TABOAO DA SERRA,210,MUNICIPIO DE TABOAO DA S [I0674]
46523148000101,MUNICIPIO DE EMBU-GUACU,2,MUNICIPIO DE EMBU-GUACU [I0675]
46523155000103,MUNICIPIO DE JUQUITIBA,77,MUNICIPIO DE JUQUITIBA [I0676]
46523163000150,MUNICIPIO DE MAIRIPORA,89,MUNICIPIO DE MAIRIPORA [I0677]
46523247000193,MUNICIPIO DE DIADEMA,12,MUNICIPIO DE DIADEMA [I0678]
46523262000131,MUNICIPIO DE GUARAREMA,183,MUNICIPIO DE GUARAREMA [I0679]
46634200000105,MUNICIPIO DE ITAI,2442,MUNICIPIO DE ITAI [I0680]
46634291000170,MUNICIPIO DE ITAPETININGA,1709,MUNICIPIO DE ITAPETINING [I0681]
46634309000134,MUNICIPIO DE PARANAPANEMA,137,MUNICIPIO DE PARANAPANEM [I0682]
46634507000106,MUNICIPIO DE SALTO,1543,MUNICIPIO DE SALTO [I0683]
46634523000190,MUNICIPIO DE SAO MANUEL,270,MUNICIPIO DE SAO MANUEL [I0684]
46694139000183,MUNICIPIO DE JACAREI,219,MUNICIPIO DE JACAREI [I0685]
46732442000123,MUNICIPIO DE DESCALVADO,1,MUNICIPIO DE DESCALVADO [I0686]
47842836000105,MUNICIPIO DE FERNANDOPOLIS,809,MUNICIPIO DE FERNANDOPOL [I0687]
48468284000171,MUNICIPIO DE GUARARAPES,910,MUNICIPIO DE GUARARAPES [I0688]
48664296000171,MUNICIPIO DE PRADOPOLIS,230,MUNICIPIO DE PRADOPOLIS [I0689]
49979255000137,MUNICIPIO DE ITAPOLIS,775,MUNICIPIO DE ITAPOLIS [I0690]
50387844000105,MUNICIPIO DE JABOTICABAL,1386,MUNICIPIO DE JABOTICABAL [I0691]
51455087000122,MUNICIPIO DE VARGEM GRANDE PAULISTA,147,MUNICIPIO DE VARGEM GRAN [I0692]
51501484000193,CONSORCIO INTERMUNICIPAL DO VALE DO PARANAPANEMA,824,CONSORCIO INTERMUNICIPAL [I0693]
51814960000126,MUNICIPIO DE DOURADO,101,MUNICIPIO DE DOURADO [I0694]
51816247000111,MUNICIPIO DE MONTE ALTO,2316,MUNICIPIO DE MONTE ALTO [I0695]
52359692000162,MUNICIPIO DE BOM JESUS DOS PERDOES,631,MUNICIPIO DE BOM JESUS D [I0696]
53300331000103,MUNICIPIO DE PARAPUA,9,MUNICIPIO DE PARAPUA [I0697]
53415717000160,MUNICIPIO DE OURINHOS,291,MUNICIPIO DE OURINHOS [I0698]
55356653000108,MUNICIPIO DE PRESIDENTE PRUDENTE,637,MUNICIPIO DE PRESIDENTE  [I0699]
56024581000156,MUNICIPIO DE RIBEIRAO PRETO,13,MUNICIPIO DE RIBEIRAO PR [I0700]
56901275000150,MUNICIPIO DE ARUJA,221,MUNICIPIO DE ARUJA [I0701]
57712473000139,SERVICO AUTONOMO MUNICIPAL DE SAUDE-SAMS,165,SERVICO AUTONOMO MUNICIP [I0702]
58200015000183,MUNICIPIO DE SANTOS,427,MUNICIPIO DE SANTOS [I0703]
63761944000100,MUNICIPIO DE GOVERNADOR JORGE TEIXEIRA,23,MUNICIPIO DE GOVERNADOR  [I0704]
63761969000103,MUNICIPIO DE CASTANHEIRAS,2,MUNICIPIO DE CASTANHEIRA [I0705]
63761993000215,MUNICIPIO DE SERINGUEIRAS,22,MUNICIPIO DE SERINGUEIRA [I0706]
63762009000150,MUNICIPIO DE NOVO HORIZONTE DO OESTE,99,MUNICIPIO DE NOVO HORIZO [I0707]
63762009000230,MUNICIPIO DE NOVO HORIZONTE DO OESTE,1293,MUNICIPIO DE NOVO HORIZO [I0708]
65712077000130,MUNICIPIO DE PONTALINDA,443,MUNICIPIO DE PONTALINDA [I0709]
66831959000187,MUNICIPIO DE SALTINHO,6,MUNICIPIO DE SALTINHO [I0710]
67662544000190,MUNICIPIO DE EMILIANOPOLIS,24,MUNICIPIO DE EMILIANOPOL [I0711]
68319748000195,MUNICIPIO DE GUATAPARA,30,MUNICIPIO DE GUATAPARA [I0712]
71989982000134,MUNICIPIO DE NOVA EUROPA,467,MUNICIPIO DE NOVA EUROPA [I0713]
72887078000180,MUNICIPIO DE VERA CRUZ,2,MUNICIPIO DE VERA CRUZ [I0714]
75352062000161,MUNICIPIO DE MUNHOZ DE MELLO,175,MUNICIPIO DE MUNHOZ DE M [I0715]
75368928000122,MUNICIPIO DE MAMBORE,312,MUNICIPIO DE MAMBORE [I0716]
75378844000170,MUNICIPIO DE GUAPOREMA,988,MUNICIPIO DE GUAPOREMA [I0717]
75388850000108,MUNICIPIO DE LEOPOLIS,58,MUNICIPIO DE LEOPOLIS [I0718]
75449579000173,MUNICIPIO DE RIBEIRAO CLARO,344,MUNICIPIO DE RIBEIRAO CL [I0719]
75587204000170,MUNICIPIO DE TERRA ROXA,97,MUNICIPIO DE TERRA ROXA [I0720]
75666131000101,MUNICIPIO DE BARRACAO,92,MUNICIPIO DE BARRACAO [I0721]
75687954000113,MUNICIPIO DE PAULA FREITAS,545,MUNICIPIO DE PAULA FREIT [I0722]
75731000000160,MUNICIPIO DE FLORAI,588,MUNICIPIO DE FLORAI [I0723]
75732057000184,MUNICIPIO DE CAMBE,424,MUNICIPIO DE CAMBE [I0724]
75741330000137,MUNICIPIO DE IVAIPORA,26,MUNICIPIO DE IVAIPORA [I0725]
75771204000125,MUNICIPIO DE JANDAIA DO SUL,52,MUNICIPIO DE JANDAIA DO  [I0726]
75771477000170,MUNICIPIO DE LONDRINA,25,MUNICIPIO DE LONDRINA [I0727]
75827204000108,MUNICIPIO DE NOVA AMERICA DA COLINA,351,MUNICIPIO DE NOVA AMERIC [I0728]
75845511000103,MUNICIPIO DE LUPIONOPOLIS,1216,MUNICIPIO DE LUPIONOPOLI [I0729]
75963256000101,MUNICIPIO DE RIO AZUL,460,MUNICIPIO DE RIO AZUL [I0730]
75967760000171,MUNICIPIO DE UNIAO DA VITORIA,300,MUNICIPIO DE UNIAO DA VI [I0731]
76002641000147,MUNICIPIO DE RIO NEGRO,15,MUNICIPIO DE RIO NEGRO [I0732]
76002658000102,MUNICIPIO DE CAMPO DO TENENTE,303,MUNICIPIO DE CAMPO DO TE [I0733]
76002666000140,MUNICIPIO DE PIEN,830,MUNICIPIO DE PIEN [I0734]
76017458000115,MUNICIPIO DE PARANAGUA,206,MUNICIPIO DE PARANAGUA [I0735]
76017474000108,MUNICIPIO DE GUARATUBA,185,MUNICIPIO DE GUARATUBA [I0736]
76020452000105,MUNICIPIO DA LAPA,1190,MUNICIPIO DA LAPA [I0737]
76020460000143,MUNICIPIO DE ANTONIO OLINTO,300,MUNICIPIO DE ANTONIO OLI [I0738]
76021450000122,MUNICIPIO DE SAO MATEUS DO SUL,952,MUNICIPIO DE SAO MATEUS  [I0739]
76105519000104,MUNICIPIO DE CONTENDA,549,MUNICIPIO DE CONTENDA [I0740]
76105543000135,MUNICIPIO DE SAO JOSE DOS PINHAIS,800,MUNICIPIO DE SAO JOSE DO [I0741]
76105550000137,MUNICIPIO DE MANDIRITUBA,291,MUNICIPIO DE MANDIRITUBA [I0742]
76105576000185,MUNICIPIO DE RIO BRANCO DO SUL,242,MUNICIPIO DE RIO BRANCO  [I0743]
76105584000121,MUNICIPIO DE TIJUCAS DO SUL,12,MUNICIPIO DE TIJUCAS DO  [I0744]
76105600000186,MUNICIPIO DE CAMPINA GRANDE DO SUL,623,MUNICIPIO DE CAMPINA GRA [I0745]
76105618000188,MUNICIPIO DE CAMPO LARGO,155,MUNICIPIO DE CAMPO LARGO [I0746]
76105634000170,MUNICIPIO DE COLOMBO,317,MUNICIPIO DE COLOMBO [I0747]
76105659000174,MUNICIPIO DE ALMIRANTE TAMANDARE,79,MUNICIPIO DE ALMIRANTE T [I0748]
76175926000180,MUNICIPIO DE CANDIDO DE ABREU,31,MUNICIPIO DE CANDIDO DE  [I0749]
76178011000128,MUNICIPIO DE PINHAO,20,MUNICIPIO DE PINHAO [I0750]
76179829000165,MUNICIPIO DE PALMEIRA,411,MUNICIPIO DE PALMEIRA [I0751]
76205640000108,MUNICIPIO DE DOIS VIZINHOS,762,MUNICIPIO DE DOIS VIZINH [I0752]
76205665000101,MUNICIPIO DE MARMELEIRO,355,MUNICIPIO DE MARMELEIRO [I0753]
76205707000104,MUNICIPIO DE SALTO DO LONTRA,333,MUNICIPIO DE SALTO DO LO [I0754]
76205970000195,MUNICIPIO DE LARANJEIRAS DO SUL,2,MUNICIPIO DE LARANJEIRAS [I0755]
76206457000119,MUNICIPIO DE SANTA HELENA,902,MUNICIPIO DE SANTA HELEN [I0756]
76206465000165,MUNICIPIO DE MATELANDIA,431,MUNICIPIO DE MATELANDIA [I0757]
76206606000140,MUNICIPIO DE FOZ DO IGUACU,41,MUNICIPIO DE FOZ DO IGUA [I0758]
76208479000118,MUNICIPIO DE ASSIS CHATEAUBRIAND,124,MUNICIPIO DE ASSIS CHATE [I0759]
76208487000164,MUNICIPIO DE PALOTINA,901,MUNICIPIO DE PALOTINA [I0760]
76238443000187,MUNICIPIO DE GUAIRACA,97,MUNICIPIO DE GUAIRACA [I0761]
76244961000103,MUNICIPIO DE IBIPORA,158,MUNICIPIO DE IBIPORA [I0762]
76247337000160,MUNICIPIO DE ICARAIMA,16,MUNICIPIO DE ICARAIMA [I0763]
76247345000106,MUNICIPIO DE TAPEJARA,121,MUNICIPIO DE TAPEJARA [I0764]
76247386000100,MUNICIPIO DE MARIA HELENA,660,MUNICIPIO DE MARIA HELEN [I0765]
76282664000152,MUNICIPIO DE PAICANDU,106,MUNICIPIO DE PAICANDU [I0766]
76282680000145,MUNICIPIO DE MARIALVA,866,MUNICIPIO DE MARIALVA [I0767]
76285329000108,MUNICIPIO DE MANDAGUACU,416,MUNICIPIO DE MANDAGUACU [I0768]
76288760000108,MUNICIPIO DE ROLANDIA,426,MUNICIPIO DE ROLANDIA [I0769]
76290709000130,MUNICIPIO DE ASSAI,81,MUNICIPIO DE ASSAI [I0770]
76309806000128,MUNICIPIO DE CIANORTE,2003,MUNICIPIO DE CIANORTE [I0771]
76331941000170,MUNICIPIO DE CORNELIO PROCOPIO,639,MUNICIPIO DE CORNELIO PR [I0772]
76381854000127,MUNICIPIO DE CRUZEIRO DO OESTE,233,MUNICIPIO DE CRUZEIRO DO [I0773]
76402882000183,MUNICIPIO DE JANIOPOLIS,43,MUNICIPIO DE JANIOPOLIS [I0774]
76404136000129,MUNICIPIO DE MARILUZ,208,MUNICIPIO DE MARILUZ [I0775]
76413061000142,MUNICIPIO DE NOVA ALIANCA DO IVAI,1,MUNICIPIO DE NOVA ALIANC [I0776]
76416866000140,SECRETARIA DE ESTADO DA SAUDE,1851,SECRETARIA DE ESTADO DA  [I0777]
76910900000138,MUNICIPIO DE JAGUARIAIVA,761,MUNICIPIO DE JAGUARIAIVA [I0778]
76950096000110,MUNICIPIO DE UBIRATA,18,MUNICIPIO DE UBIRATA [I0779]
76970300000165,MUNICIPIO DE NOSSA SENHORA DAS GRACAS,526,MUNICIPIO DE NOSSA SENHO [I0780]
76970359000153,MUNICIPIO DE ITAGUAJE,138,MUNICIPIO DE ITAGUAJE [I0781]
76970391000139,MUNICIPIO DE PARANAPOEMA,48,MUNICIPIO DE PARANAPOEMA [I0782]
76975259000110,MUNICIPIO DE SAO PEDRO DO PARANA,534,MUNICIPIO DE SAO PEDRO D [I0783]
76977768000181,MUNICIPIO DE PARANAVAI,115,MUNICIPIO DE PARANAVAI [I0784]
76995448000154,MUNICIPIO DE PATO BRANCO,14,MUNICIPIO DE PATO BRANCO [I0785]
77001311000108,MUNICIPIO DE CASTRO,122,MUNICIPIO DE CASTRO [I0786]
77116663000109,MUNICIPIO DE NOVA SANTA ROSA,247,MUNICIPIO DE NOVA SANTA  [I0787]
77721363000140,MUNICIPIO DE ORTIGUEIRA,15,MUNICIPIO DE ORTIGUEIRA [I0788]
77816510000166,MUNICIPIO DE FRANCISCO BELTRAO,981,MUNICIPIO DE FRANCISCO B [I0789]
77877116000138,MUNICIPIO DE TUPASSI,119,MUNICIPIO DE TUPASSI [I0790]
78092293000171,MUNICIPIO DE SANTA INES,255,MUNICIPIO DE SANTA INES [I0791]
78121936000168,MUNICIPIO DE TRES BARRAS DO PARANA,2,MUNICIPIO DE TRES BARRAS [I0792]
78121985000109,MUNICIPIO DE BOA VISTA DA APARECIDA,344,MUNICIPIO DE BOA VISTA D [I0793]
78279973000107,MUNICIPIO DE TURVO,93,MUNICIPIO DE TURVO [I0794]
78956513000168,AUTARQUIA MUNICIPAL DE SAUDE DE APUCARANA A M S,1210,AUTARQUIA MUNICIPAL DE S [I0795]
79151312000156,UNIVERSIDADE ESTADUAL DE MARINGA,1,UNIVERSIDADE ESTADUAL DE [I0796]
80257355000108,UNIVERSIDADE ESTADUAL DE PONTA GROSSA,1387,UNIVERSIDADE ESTADUAL DE [I0797]
80905706000131,FUNDO MUNICIPAL DE SAUDE,2654,FUNDO MUNICIPAL DE SAUDE [I0798]
80909617000163,MUNICIPIO DE SAO MANOEL DO PARANA,259,MUNICIPIO DE SAO MANOEL  [I0799]
81478133000170,MUNICIPIO DE PEROLA,129,MUNICIPIO DE PEROLA [I0800]
82892282000143,MUNICIPIO DE FLORIANOPOLIS,16,MUNICIPIO DE FLORIANOPOL [I0801]
84723030000116,MUNICIPIO DE PRIMAVERA DE RONDONIA,72,MUNICIPIO DE PRIMAVERA D [I0802]
84744853000128,FUNDO MUNICIPAL DE SAUDE DE CANDEIAS DO JAMARI,362,FUNDO MUNICIPAL DE SAUDE [I0803]
84745389000194,MUNICIPIO DE SAO FELIPE D`OESTE,20,MUNICIPIO DE SAO FELIPE  [I0804]
87455531000157,MUNICIPIO DE PELOTAS,19,MUNICIPIO DE PELOTAS [I0805]
87568911000106,MUNICIPIO DE CANDELARIA,41,MUNICIPIO DE CANDELARIA [I0806]
87612537000190,MUNICIPIO DE PASSO FUNDO,353,MUNICIPIO DE PASSO FUNDO [I0807]
87838330000139,MUNICIPIO DE FELIZ,2,MUNICIPIO DE FELIZ [I0808]
87843819000107,MUNICIPIO DE FLORES DA CUNHA,1605,MUNICIPIO DE FLORES DA C [I0809]
87849923000109,MUNICIPIO DE BENTO GONCALVES,125,MUNICIPIO DE BENTO GONCA [I0810]
87890992000158,MUNICIPIO DE GRAVATAI,120,MUNICIPIO DE GRAVATAI [I0811]
87958625000149,SECRETARIA DA SAUDE,586,SECRETARIA DA SAUDE [I0812]
87990800000185,MUNICIPIO DE CACHOEIRINHA,773,MUNICIPIO DE CACHOEIRINH [I0813]
88000906000157,MUNICIPIO DE ALVORADA,584,MUNICIPIO DE ALVORADA [I0814]
88000914000101,MUNICIPIO DE VIAMAO,176,MUNICIPIO DE VIAMAO [I0815]
88080379000138,MUNICIPIO DE HERVAL,195,MUNICIPIO DE HERVAL [I0816]
88141460000180,MUNICIPIO DE SANTANA DA BOA VISTA,4,MUNICIPIO DE SANTANA DA  [I0817]
88150495000186,MUNICIPIO DE ESTEIO,1504,MUNICIPIO DE ESTEIO [I0818]
88185020000125,MUNICIPIO DE SAPUCAIA DO SUL,46,MUNICIPIO DE SAPUCAIA DO [I0819]
88254875000160,MUNICIPIO DE NOVO HAMBURGO,307,MUNICIPIO DE NOVO HAMBUR [I0820]
88379763000136,MUNICIPIO DE IGREJINHA,10,MUNICIPIO DE IGREJINHA [I0821]
88414552000197,MUNICIPIO DE JAGUARAO,74,MUNICIPIO DE JAGUARAO [I0822]
88488366000100,MUNICIPIO DE SANTA MARIA,180,MUNICIPIO DE SANTA MARIA [I0823]
88566872000162,MUNICIPIO DO RIO GRANDE,614,MUNICIPIO DO RIO GRANDE [I0824]
88577416000118,MUNICIPIO DE CANOAS,19,MUNICIPIO DE CANOAS [I0825]
88661400000199,MUNICIPIO DE TEUTONIA,266,MUNICIPIO DE TEUTONIA [I0826]
88696810000175,MUNICIPIO DE CAMAQUA,423,MUNICIPIO DE CAMAQUA [I0827]
88743604000179,MUNICIPIO DE CHARQUEADAS,8,MUNICIPIO DE CHARQUEADAS [I0828]
88814181000130,MUNICIPIO DE OSORIO,148,MUNICIPIO DE OSORIO [I0829]
88814199000132,MUNICIPIO DE SANTO ANTONIO DA PATRULHA,171,MUNICIPIO DE SANTO ANTON [I0830]
88830609000139,MUNICIPIO DE CAXIAS DO SUL,1669,MUNICIPIO DE CAXIAS DO S [I0831]
89848949000150,MUNICIPIO DE FARROUPILHA,120,MUNICIPIO DE FARROUPILHA [I0832]
90256652000184,MUNICIPIO DE IMBE,561,MUNICIPIO DE IMBE [I0833]
91566869000153,MUNICIPIO DE VILA FLORES,20,MUNICIPIO DE VILA FLORES [I0834]
91987669000174,MUNICIPIO DE MONTE BELO DO SUL,146,MUNICIPIO DE MONTE BELO  [I0835]
91995365000159,MUNICIPIO DE NOVA HARTZ,705,MUNICIPIO DE NOVA HARTZ [I0836]
92324706000127,MUNICIPIO DE ELDORADO DO SUL,877,MUNICIPIO DE ELDORADO DO [I0837]
92324748000168,MUNICIPIO DE CERRO GRANDE DO SUL,8,MUNICIPIO DE CERRO GRAND [I0838]
92455393000146,MUNICIPIO DE NOVA ESPERANCA DO SUL,16,MUNICIPIO DE NOVA ESPERA [I0839]
92963560000160,MUNICIPIO DE PORTO ALEGRE,1009,MUNICIPIO DE PORTO ALEGR [I0840]
95422846000126,MUNICIPIO DE ITAPERUCU,135,MUNICIPIO DE ITAPERUCU [I0841]
95422986000102,MUNICIPIO DE FAZENDA RIO GRANDE,1195,MUNICIPIO DE FAZENDA RIO [I0842]
95423000000100,MUNICIPIO DE PINHAIS,267,MUNICIPIO DE PINHAIS [I0843]
95440517000108,MUNICIPIO DE SANTA CRUZ DO SUL,108,MUNICIPIO DE SANTA CRUZ  [I0844]
95583571000102,MUNICIPIO DE MARIPA,757,MUNICIPIO DE MARIPA [I0845]
95587473000143,FUNDO MUNICIPAL DE SAUDE DE LARANJEIRAS DO SUL,32,FUNDO MUNICIPAL DE SAUDE [I0846]
95594776000193,MUNICIPIO DE SANTA LUCIA,189,MUNICIPIO DE SANTA LUCIA [I0847]
95684478000194,MUNICIPIO DE CANDOI,491,MUNICIPIO DE CANDOI [I0848]
95719373000123,MUNICIPIO DE MERCEDES,1315,MUNICIPIO DE MERCEDES [I0849]
95719381000170,MUNICIPIO DE QUATRO PONTES,765,MUNICIPIO DE QUATRO PONT [I0850]
95719472000105,MUNICIPIO DE PATO BRAGADO,733,MUNICIPIO DE PATO BRAGAD [I0851]
95725438000143,FUNDO MUNICIPAL DE SAUDE DE GUAIRA,1221,FUNDO MUNICIPAL DE SAUDE [I0852]
97553416000179,FUNDO MUNICIPAL DE SAUDE DE AMARGOSA,20,FUNDO MUNICIPAL DE SAUDE [I0853]
97761407000173,MUNICIPIO DE TAQUARA,147,MUNICIPIO DE TAQUARA [I0854]

