registro_id,id_bps,arquivo_origem,linha_origem,codigo_catmat,unidade_apresentacao,instituicao_id,data_compra,preco_total
2023:4550,15382181,BPS_2023.csv,4550,267676,COMPRIMIDO,11490142000109,2023-05-22,23000.0
2023:4551,15382182,BPS_2023.csv,4551,267676,COMPRIMIDO,11490142000109,2023-05-22,23000.0
2023:4553,15382191,BPS_2023.csv,4553,273467,"FRASCO 100,00 ML",11490142000109,2023-05-22,9800.0
2023:4554,15382192,BPS_2023.csv,4554,273467,"FRASCO 100,00 ML",11490142000109,2023-05-22,9800.0
2023:4555,15382193,BPS_2023.csv,4555,273467,"FRASCO 100,00 ML",11490142000109,2023-05-22,9800.0
2023:4556,15382194,BPS_2023.csv,4556,273467,"FRASCO 100,00 ML",11490142000109,2023-05-22,9800.0
2023:4643,15383143,BPS_2023.csv,4643,267195,COMPRIMIDO,11490142000109,2023-05-22,720.0
2023:4644,15383144,BPS_2023.csv,4644,267195,COMPRIMIDO,11490142000109,2023-05-22,720.0
2023:4662,15383406,BPS_2023.csv,4662,387142,UNIDADE,11490142000109,2023-05-22,2672.7
2023:4663,15383409,BPS_2023.csv,4663,387142,UNIDADE,11490142000109,2023-05-22,2672.7
2023:9164,15430378,BPS_2023.csv,9164,363597,"FRASCO 60,00 ML",11490142000109,2023-05-22,1845.0
2023:9165,15430381,BPS_2023.csv,9165,363597,"FRASCO 60,00 ML",11490142000109,2023-05-22,1845.0
2023:10716,15447055,BPS_2023.csv,10716,268498,"BOLSA 100,00 ML",11490142000109,2023-05-22,2000.0
2023:10717,15447056,BPS_2023.csv,10717,268498,"BOLSA 100,00 ML",11490142000109,2023-05-22,2000.0
2023:13397,15474753,BPS_2023.csv,13397,268069,"AMPOLA 5,00 ML",11490142000109,2023-05-22,131.5
2023:13398,15474754,BPS_2023.csv,13398,268069,"AMPOLA 5,00 ML",11490142000109,2023-05-22,131.5
2023:14202,15482861,BPS_2023.csv,14202,270019,"AMPOLA 10,00 ML",11490142000109,2023-05-22,370.0
2023:14206,15482883,BPS_2023.csv,14206,268115,"AMPOLA 1,00 ML",11490142000109,2023-05-22,2800.0
2023:14207,15482885,BPS_2023.csv,14207,270019,"AMPOLA 10,00 ML",11490142000109,2023-05-22,370.0
2023:14208,15482887,BPS_2023.csv,14208,268115,"AMPOLA 1,00 ML",11490142000109,2023-05-22,2800.0
2023:15848,15500047,BPS_2023.csv,15848,356602,DRÁGEA,11490142000109,2023-05-22,1250.0
2023:15849,15500048,BPS_2023.csv,15849,356602,DRÁGEA,11490142000109,2023-05-22,1250.0
2023:15850,15500049,BPS_2023.csv,15850,356602,DRÁGEA,11490142000109,2023-05-22,1250.0
2023:16735,15508931,BPS_2023.csv,16735,448845,"AMPOLA 2,00 ML",11490142000109,2023-05-22,6800.0
2023:16736,15508932,BPS_2023.csv,16736,448845,"AMPOLA 2,00 ML",11490142000109,2023-05-22,6800.0
2023:17431,15516251,BPS_2023.csv,17431,233632,"FRASCO 100,00 ML",84744853000128,2023-10-31,9000.0
2023:17432,15516252,BPS_2023.csv,17432,233632,"FRASCO 100,00 ML",84744853000128,2023-10-31,9000.0
2024:2668,15380689,BPS_2024.csv,2668,432741,"FRASCO 10,00 ML",76416866000140,2024-07-23,14070.24
2024:2706,15380750,BPS_2024.csv,2706,432741,"FRASCO 10,00 ML",76416866000140,2024-07-23,14070.24
2024:4312,15393041,BPS_2024.csv,4312,273314,"AMPOLA 2,00 ML",76416866000140,2024-07-22,2356.0
2024:4313,15393045,BPS_2024.csv,4313,273314,"AMPOLA 2,00 ML",76416866000140,2024-07-22,2356.0
2024:5353,15403708,BPS_2024.csv,5353,436612,"FRASCO 15,00 ML",46634200000105,2024-07-31,36000.0
2024:5357,15403714,BPS_2024.csv,5357,436612,"FRASCO 15,00 ML",46634200000105,2024-07-31,36000.0
2024:6682,15420761,BPS_2024.csv,6682,449187,ENVELOPE,76416866000140,2024-07-18,1652.4
2024:6684,15420763,BPS_2024.csv,6684,449187,ENVELOPE,76416866000140,2024-07-18,1652.4
2024:9590,15455451,BPS_2024.csv,9590,432449,COMPRIMIDO,76416866000140,2024-07-23,45302.4
2024:9591,15455452,BPS_2024.csv,9591,432449,COMPRIMIDO,76416866000140,2024-07-23,114998.4
2024:9598,15455464,BPS_2024.csv,9598,432449,COMPRIMIDO,76416866000140,2024-07-23,45302.4
2024:9614,15455495,BPS_2024.csv,9614,432449,COMPRIMIDO,76416866000140,2024-07-23,114998.4
2024:12486,15491146,BPS_2024.csv,12486,432367,"FRASCO 10,00 ML",76416866000140,2024-07-23,10426.32
2024:12491,15491156,BPS_2024.csv,12491,432367,"FRASCO 10,00 ML",76416866000140,2024-07-23,10426.32
2024:13260,15499887,BPS_2024.csv,13260,268228,FRASCO-AMPOLA,04279238000159,2024-07-05,42000.0
2024:13261,15499888,BPS_2024.csv,13261,268228,FRASCO-AMPOLA,04279238000159,2024-07-05,42000.0
2024:16054,15551876,BPS_2024.csv,16054,272045,COMPRIMIDO,76416866000140,2024-07-22,853217.6
2024:16171,15552032,BPS_2024.csv,16171,272045,COMPRIMIDO,76416866000140,2024-07-22,853217.6
2024:17242,15561384,BPS_2024.csv,17242,272043,COMPRIMIDO,76416866000140,2024-04-08,13763.6
2024:17295,15561508,BPS_2024.csv,17295,272043,COMPRIMIDO,76416866000140,2024-04-08,13763.6
2024:17979,15564635,BPS_2024.csv,17979,268236,"FRASCO 500,00 ML",88566872000162,2024-01-19,16440.0
2024:18039,15564907,BPS_2024.csv,18039,268236,"FRASCO 500,00 ML",88566872000162,2024-01-19,16440.0
2024:20794,15596890,BPS_2024.csv,20794,268510,"AMPOLA 5,00 ML",11264342000135,2024-04-29,5750.0
2024:20799,15596905,BPS_2024.csv,20799,449024,"FLACONETE 5,00 ML",76416866000140,2024-04-08,39532.8
2024:20804,15596919,BPS_2024.csv,20804,449024,"FLACONETE 5,00 ML",76416866000140,2024-04-08,39532.8
2024:20810,15596956,BPS_2024.csv,20810,268510,"AMPOLA 5,00 ML",11264342000135,2024-04-29,5750.0
2024:20811,15596960,BPS_2024.csv,20811,268510,"AMPOLA 5,00 ML",11264342000135,2024-04-29,5750.0
2024:20836,15597054,BPS_2024.csv,20836,268510,"AMPOLA 5,00 ML",11264342000135,2024-04-29,5750.0
2024:24449,15642628,BPS_2024.csv,24449,337468,"FRASCO 100,00 ML",11216262000104,2024-04-30,13.92
2024:24951,15651745,BPS_2024.csv,24951,337468,"FRASCO 100,00 ML",11216262000104,2024-04-30,13.92
2024:28874,15704860,BPS_2024.csv,28874,271950,"AMPOLA 2,00 ML",23109604000176,2024-01-19,1302.0
2024:28878,15704865,BPS_2024.csv,28878,271950,"AMPOLA 2,00 ML",23109604000176,2024-01-19,1302.0
2025:3297,15385456,BPS_2025.csv,3297,267741,COMPRIMIDO,36975571000199,2025-08-11,1855.0
2025:3299,15385461,BPS_2025.csv,3299,267741,COMPRIMIDO,36975571000199,2025-08-11,1855.0
2025:3300,15385462,BPS_2025.csv,3300,267741,COMPRIMIDO,36975571000199,2025-08-11,1855.0
2025:3301,15385463,BPS_2025.csv,3301,267652,COMPRIMIDO,36975571000199,2025-08-11,5625.0
2025:3302,15385464,BPS_2025.csv,3302,273710,COMPRIMIDO,36975571000199,2025-08-11,3983.0
2025:3303,15385465,BPS_2025.csv,3303,268370,COMPRIMIDO,36975571000199,2025-08-11,2686.0
2025:3304,15385466,BPS_2025.csv,3304,272434,COMPRIMIDO,36975571000199,2025-08-11,6090.0
2025:3305,15385467,BPS_2025.csv,3305,267651,COMPRIMIDO,36975571000199,2025-08-11,4593.0
2025:3306,15385468,BPS_2025.csv,3306,267674,COMPRIMIDO,36975571000199,2025-08-11,7840.0
2025:3307,15385469,BPS_2025.csv,3307,267652,COMPRIMIDO,36975571000199,2025-08-11,5625.0
2025:3308,15385470,BPS_2025.csv,3308,267674,COMPRIMIDO,36975571000199,2025-08-11,7840.0
2025:3309,15385471,BPS_2025.csv,3309,267651,COMPRIMIDO,36975571000199,2025-08-11,4593.0
2025:3310,15385472,BPS_2025.csv,3310,273710,COMPRIMIDO,36975571000199,2025-08-11,3983.0
2025:3311,15385473,BPS_2025.csv,3311,268370,COMPRIMIDO,36975571000199,2025-08-11,2686.0
2025:3312,15385474,BPS_2025.csv,3312,272434,COMPRIMIDO,36975571000199,2025-08-11,6090.0
2025:3323,15385588,BPS_2025.csv,3323,273710,COMPRIMIDO,36975571000199,2025-08-11,3983.0
2025:3324,15385589,BPS_2025.csv,3324,268370,COMPRIMIDO,36975571000199,2025-08-11,2686.0
2025:3325,15385590,BPS_2025.csv,3325,267651,COMPRIMIDO,36975571000199,2025-08-11,4593.0
2025:3326,15385591,BPS_2025.csv,3326,272434,COMPRIMIDO,36975571000199,2025-08-11,6090.0
2025:3327,15385592,BPS_2025.csv,3327,267674,COMPRIMIDO,36975571000199,2025-08-11,7840.0
2025:3328,15385593,BPS_2025.csv,3328,267652,COMPRIMIDO,36975571000199,2025-08-11,5625.0
2025:3357,15385658,BPS_2025.csv,3357,267689,COMPRIMIDO,36975571000199,2025-08-11,12090.0
2025:3358,15385659,BPS_2025.csv,3358,268493,COMPRIMIDO,36975571000199,2025-08-11,3120.0
2025:3359,15385661,BPS_2025.csv,3359,308884,"FRASCO 100,00 ML",36975571000199,2025-08-11,1996.5
2025:3360,15385662,BPS_2025.csv,3360,268493,COMPRIMIDO,36975571000199,2025-08-11,3120.0
2025:3361,15385663,BPS_2025.csv,3361,308884,"FRASCO 100,00 ML",36975571000199,2025-08-11,1996.5
2025:3362,15385664,BPS_2025.csv,3362,267689,COMPRIMIDO,36975571000199,2025-08-11,12090.0
2025:3363,15385665,BPS_2025.csv,3363,268493,COMPRIMIDO,36975571000199,2025-08-11,3120.0
2025:3364,15385666,BPS_2025.csv,3364,267689,COMPRIMIDO,36975571000199,2025-08-11,12090.0
2025:3365,15385669,BPS_2025.csv,3365,308884,"FRASCO 100,00 ML",36975571000199,2025-08-11,1996.5
2025:3366,15385670,BPS_2025.csv,3366,267378,"FRASCO 50,00 ML",36975571000199,2025-08-11,2408.0
2025:3368,15385673,BPS_2025.csv,3368,308884,"FRASCO 100,00 ML",36975571000199,2025-08-11,1996.5
2025:3369,15385674,BPS_2025.csv,3369,267689,COMPRIMIDO,36975571000199,2025-08-11,12090.0
2025:3370,15385675,BPS_2025.csv,3370,268493,COMPRIMIDO,36975571000199,2025-08-11,3120.0
2025:3371,15385676,BPS_2025.csv,3371,267378,"FRASCO 50,00 ML",36975571000199,2025-08-11,2408.0
2025:3460,15385807,BPS_2025.csv,3460,267378,"FRASCO 50,00 ML",36975571000199,2025-08-11,2408.0
2025:3462,15385811,BPS_2025.csv,3462,267378,"FRASCO 50,00 ML",36975571000199,2025-08-11,2408.0
2025:4070,15387141,BPS_2025.csv,4070,267741,COMPRIMIDO,02930318000105,2025-12-18,1500.0
2025:4071,15387142,BPS_2025.csv,4071,267741,COMPRIMIDO,02930318000105,2025-12-18,1500.0
2025:4747,15396173,BPS_2025.csv,4747,459822,COMPRIMIDO,36975571000199,2025-08-11,3410.0
2025:4748,15396174,BPS_2025.csv,4748,459822,COMPRIMIDO,36975571000199,2025-08-11,3410.0
2025:4749,15396175,BPS_2025.csv,4749,459822,COMPRIMIDO,36975571000199,2025-08-11,3410.0
2025:4751,15396177,BPS_2025.csv,4751,459822,COMPRIMIDO,36975571000199,2025-08-11,3410.0
2025:6237,15414084,BPS_2025.csv,6237,394856,"FRASCO 120,00 ML",36975571000199,2025-08-11,1966.8
2025:6238,15414085,BPS_2025.csv,6238,267688,COMPRIMIDO,36975571000199,2025-08-11,19975.0
2025:6239,15414086,BPS_2025.csv,6239,267688,COMPRIMIDO,36975571000199,2025-08-11,19975.0
2025:6240,15414087,BPS_2025.csv,6240,394856,"FRASCO 120,00 ML",36975571000199,2025-08-11,1966.8
2025:6242,15414089,BPS_2025.csv,6242,267688,COMPRIMIDO,36975571000199,2025-08-11,19975.0
2025:6243,15414090,BPS_2025.csv,6243,394856,"FRASCO 120,00 ML",36975571000199,2025-08-11,1966.8
2025:6244,15414091,BPS_2025.csv,6244,394856,"FRASCO 120,00 ML",36975571000199,2025-08-11,1966.8
2025:6245,15414092,BPS_2025.csv,6245,267688,COMPRIMIDO,36975571000199,2025-08-11,19975.0
2025:7747,15430891,BPS_2025.csv,7747,273119,COMPRIMIDO,36975571000199,2025-08-11,2070.0
2025:7748,15430892,BPS_2025.csv,7748,273119,COMPRIMIDO,36975571000199,2025-08-11,2070.0
2025:7756,15430907,BPS_2025.csv,7756,273119,COMPRIMIDO,36975571000199,2025-08-11,2070.0
2025:7765,15430921,BPS_2025.csv,7765,272412,COMPRIMIDO,36975571000199,2025-08-11,9828.0
2025:7789,15430953,BPS_2025.csv,7789,272412,COMPRIMIDO,36975571000199,2025-08-11,9828.0
2025:7795,15430961,BPS_2025.csv,7795,272412,COMPRIMIDO,36975571000199,2025-08-11,9828.0
2025:7797,15430964,BPS_2025.csv,7797,272412,COMPRIMIDO,36975571000199,2025-08-11,9828.0
2025:9197,15447502,BPS_2025.csv,9197,434110,ENVELOPE,36975571000199,2025-08-11,2079.0
2025:9198,15447503,BPS_2025.csv,9198,434110,ENVELOPE,36975571000199,2025-08-11,2079.0
2025:9199,15447505,BPS_2025.csv,9199,434110,ENVELOPE,36975571000199,2025-08-11,2079.0
2025:9201,15447507,BPS_2025.csv,9201,434110,ENVELOPE,36975571000199,2025-08-11,2079.0
2025:10004,15456356,BPS_2025.csv,10004,267151,COMPRIMIDO,36975571000199,2025-08-11,500.0
2025:10018,15456379,BPS_2025.csv,10018,267151,COMPRIMIDO,36975571000199,2025-08-11,500.0
2025:10026,15456390,BPS_2025.csv,10026,267151,COMPRIMIDO,36975571000199,2025-08-11,500.0
2025:10029,15456393,BPS_2025.csv,10029,267151,COMPRIMIDO,36975571000199,2025-08-11,500.0
2025:18555,15565950,BPS_2025.csv,18555,267651,COMPRIMIDO,10254294000131,2025-08-29,1199.7
2025:18556,15565951,BPS_2025.csv,18556,267651,COMPRIMIDO,10254294000131,2025-08-29,1199.7
2025:19072,15567377,BPS_2025.csv,19072,270140,COMPRIMIDO,10254294000131,2025-08-29,217.08
2025:19076,15567384,BPS_2025.csv,19076,270140,COMPRIMIDO,10254294000131,2025-08-29,217.08
2025:24192,15606517,BPS_2025.csv,24192,480080,COMPRIMIDO,12240308000193,2025-01-26,2592.0
2025:24193,15606518,BPS_2025.csv,24193,480080,COMPRIMIDO,12240308000193,2025-01-26,2592.0
2025:24640,15614850,BPS_2025.csv,24640,296717,COMPRIMIDO,07242772000189,2025-06-20,970.4
2025:24641,15614851,BPS_2025.csv,24641,296717,COMPRIMIDO,07242772000189,2025-06-20,970.4
2025:30207,15669601,BPS_2025.csv,30207,268115,"AMPOLA 1,00 ML",10254294000131,2025-08-29,1340.48
2025:30208,15669602,BPS_2025.csv,30208,268115,"AMPOLA 1,00 ML",10254294000131,2025-08-29,1340.48
2025:30209,15669603,BPS_2025.csv,30209,268115,"AMPOLA 1,00 ML",10254294000131,2025-08-29,1340.48
2026:183,15379899,BPS_2026.csv,183,269891,"CAIXA 100,00 UN",12403819000189,2026-01-26,210.0
2026:184,15379905,BPS_2026.csv,184,269891,"CAIXA 100,00 UN",12403819000189,2026-01-26,210.0
2026:448,15382794,BPS_2026.csv,448,268856,COMPRIMIDO,18158261000108,2026-02-04,537.6
2026:449,15382795,BPS_2026.csv,449,267507,"FRASCO 10,00 ML",18158261000108,2026-02-04,204.32
2026:450,15382796,BPS_2026.csv,450,267676,COMPRIMIDO,18158261000108,2026-02-04,238.4
2026:451,15382797,BPS_2026.csv,451,267632,COMPRIMIDO,18158261000108,2026-02-04,123.3
2026:452,15382798,BPS_2026.csv,452,267517,COMPRIMIDO,18158261000108,2026-02-04,120.0
2026:1836,15413016,BPS_2026.csv,1836,437174,UNIDADE,12403819000189,2026-01-26,100.0
2026:1837,15413017,BPS_2026.csv,1837,437174,UNIDADE,12403819000189,2026-01-26,100.0
2026:4436,15508858,BPS_2026.csv,4436,610251,UNIDADE,04279238000159,2026-03-06,79904.1
2026:4437,15508869,BPS_2026.csv,4437,610251,UNIDADE,04279238000159,2026-03-06,79904.1
2026:5181,15564810,BPS_2026.csv,5181,268856,COMPRIMIDO,18158261000108,2026-02-04,537.6
2026:5182,15564811,BPS_2026.csv,5182,267632,COMPRIMIDO,18158261000108,2026-02-04,123.3
2026:5183,15564812,BPS_2026.csv,5183,267517,COMPRIMIDO,18158261000108,2026-02-04,120.0
2026:5184,15564814,BPS_2026.csv,5184,267676,COMPRIMIDO,18158261000108,2026-02-04,238.4
2026:5185,15564815,BPS_2026.csv,5185,267507,"FRASCO 10,00 ML",18158261000108,2026-02-04,204.32
2026:6543,15578849,BPS_2026.csv,6543,267670,COMPRIMIDO,11264342000135,2026-04-08,1150.0
2026:6544,15578851,BPS_2026.csv,6544,267670,COMPRIMIDO,11264342000135,2026-04-08,1150.0
2026:6861,15587741,BPS_2026.csv,6861,479618,UNIDADE,04279238000159,2026-03-02,706.0
2026:6862,15587745,BPS_2026.csv,6862,479618,UNIDADE,04279238000159,2026-03-02,706.0
2026:7479,15605724,BPS_2026.csv,7479,271391,COMPRIMIDO,11264342000135,2026-04-08,25000.0
2026:7481,15605743,BPS_2026.csv,7481,271391,COMPRIMIDO,11264342000135,2026-04-08,25000.0
2026:7483,15605751,BPS_2026.csv,7483,271391,COMPRIMIDO,11264342000135,2026-04-08,25000.0
2026:7753,15614947,BPS_2026.csv,7753,269945,"CAIXA 100,00 UN",04279238000159,2026-03-02,700.0
2026:7754,15614949,BPS_2026.csv,7754,269945,"CAIXA 100,00 UN",04279238000159,2026-03-02,700.0
2026:7772,15615022,BPS_2026.csv,7772,340207,"FRASCO 20,00 ML",11264342000135,2026-04-08,4550.0
2026:7773,15615039,BPS_2026.csv,7773,340207,"FRASCO 20,00 ML",11264342000135,2026-04-08,4550.0
2026:7775,15615046,BPS_2026.csv,7775,340207,"FRASCO 20,00 ML",11264342000135,2026-04-08,4550.0
2026:8686,15641480,BPS_2026.csv,8686,270907,COMPRIMIDO,11264342000135,2026-04-08,34200.0
2026:8687,15641485,BPS_2026.csv,8687,270907,COMPRIMIDO,11264342000135,2026-04-08,34200.0
2026:10923,15704425,BPS_2026.csv,10923,435912,UNIDADE,04279238000159,2026-03-02,154.0
2026:10924,15704426,BPS_2026.csv,10924,438985,UNIDADE,04279238000159,2026-03-02,330.0
2026:10925,15704427,BPS_2026.csv,10925,435912,UNIDADE,04279238000159,2026-03-02,154.0
2026:10926,15704428,BPS_2026.csv,10926,438985,UNIDADE,04279238000159,2026-03-02,330.0

