year,column,rule,affected,encoding_fixed,invalid
2020,ano_compra,texto_NFC_espacos_encoding,0,0.0,
2020,ano_compra,vazio_para_nulo,0,,
2020,cnpj_instituicao,texto_NFC_espacos_encoding,0,0.0,
2020,cnpj_instituicao,vazio_para_nulo,0,,
2020,uf,texto_NFC_espacos_encoding,0,0.0,
2020,uf,vazio_para_nulo,0,,
2020,uf,categoria_caixa_alta,0,,
2020,esfera,texto_NFC_espacos_encoding,0,0.0,
2020,esfera,vazio_para_nulo,0,,
2020,esfera,categoria_caixa_alta,0,,
2020,data_compra,texto_NFC_espacos_encoding,0,0.0,
2020,data_compra,vazio_para_nulo,0,,
2020,data_insercao,texto_NFC_espacos_encoding,0,0.0,
2020,data_insercao,vazio_para_nulo,0,,
2020,validade_compra,texto_NFC_espacos_encoding,0,0.0,
2020,validade_compra,vazio_para_nulo,0,,
2020,codigo_catmat,texto_NFC_espacos_encoding,0,0.0,
2020,codigo_catmat,vazio_para_nulo,0,,
2020,descricao_produto,texto_NFC_espacos_encoding,0,0.0,
2020,descricao_produto,vazio_para_nulo,0,,
2020,descricao_produto,categoria_caixa_alta,625,,
2020,codigo_pdm,texto_NFC_espacos_encoding,0,0.0,
2020,codigo_pdm,vazio_para_nulo,90,,
2020,codigo_grupo,texto_NFC_espacos_encoding,0,0.0,
2020,codigo_grupo,vazio_para_nulo,90,,
2020,grupo,texto_NFC_espacos_encoding,0,0.0,
2020,grupo,vazio_para_nulo,90,,
2020,codigo_classe,texto_NFC_espacos_encoding,0,0.0,
2020,codigo_classe,vazio_para_nulo,90,,
2020,classe,texto_NFC_espacos_encoding,0,0.0,
2020,classe,vazio_para_nulo,90,,
2020,generico,texto_NFC_espacos_encoding,0,0.0,
2020,generico,vazio_para_nulo,47781,,
2020,generico,categoria_caixa_alta,0,,
2020,tipo_compra,texto_NFC_espacos_encoding,0,0.0,
2020,tipo_compra,vazio_para_nulo,0,,
2020,tipo_compra,categoria_caixa_alta,0,,
2020,unidade_medida,texto_NFC_espacos_encoding,0,0.0,
2020,unidade_medida,vazio_para_nulo,53513,,
2020,unidade_medida,categoria_caixa_alta,0,,
2020,cnpj_fornecedor,texto_NFC_espacos_encoding,0,0.0,
2020,cnpj_fornecedor,vazio_para_nulo,0,,
2020,fornecedor,texto_NFC_espacos_encoding,0,0.0,
2020,fornecedor,vazio_para_nulo,0,,
2020,fornecedor,categoria_caixa_alta,4,,
2020,cnpj_fabricante,texto_NFC_espacos_encoding,0,0.0,
2020,cnpj_fabricante,vazio_para_nulo,0,,
2020,fabricante,texto_NFC_espacos_encoding,0,0.0,
2020,fabricante,vazio_para_nulo,0,,
2020,fabricante,categoria_caixa_alta,0,,
2020,quantidade,texto_NFC_espacos_encoding,0,0.0,
2020,quantidade,vazio_para_nulo,0,,
2020,observacao,texto_NFC_espacos_encoding,0,0.0,
2020,observacao,vazio_para_nulo,32,,
2020,instituicao,texto_NFC_espacos_encoding,0,0.0,
2020,instituicao,vazio_para_nulo,0,,
2020,instituicao,categoria_caixa_alta,0,,
2020,municipio,texto_NFC_espacos_encoding,0,0.0,
2020,municipio,vazio_para_nulo,0,,
2020,municipio,categoria_caixa_alta,0,,
2020,unidade_apresentacao,texto_NFC_espacos_encoding,0,0.0,
2020,unidade_apresentacao,vazio_para_nulo,6,,
2020,unidade_apresentacao,categoria_caixa_alta,0,,
2020,pdm,texto_NFC_espacos_encoding,0,0.0,
2020,pdm,vazio_para_nulo,90,,
2020,numero_processo,texto_NFC_espacos_encoding,1876,1876.0,
2020,numero_processo,vazio_para_nulo,0,,
2020,numero_ata,texto_NFC_espacos_encoding,0,0.0,
2020,numero_ata,vazio_para_nulo,84355,,
2020,unidade_fornecimento,texto_NFC_espacos_encoding,0,0.0,
2020,unidade_fornecimento,vazio_para_nulo,6,,
2020,unidade_fornecimento,categoria_caixa_alta,0,,
2020,registro_anvisa,texto_NFC_espacos_encoding,0,0.0,
2020,registro_anvisa,vazio_para_nulo,47781,,
2020,modalidade_compra,texto_NFC_espacos_encoding,0,0.0,
2020,modalidade_compra,vazio_para_nulo,0,,
2020,modalidade_compra,categoria_caixa_alta,84919,,
2020,capacidade_informada,texto_NFC_espacos_encoding,0,0.0,
2020,capacidade_informada,vazio_para_nulo,53513,,
2020,preco_unitario,texto_NFC_espacos_encoding,0,0.0,
2020,preco_unitario,vazio_para_nulo,0,,
2020,preco_total,texto_NFC_espacos_encoding,0,0.0,
2020,preco_total,vazio_para_nulo,0,,
2020,id_bps,texto_NFC_espacos_encoding,0,0.0,
2020,id_bps,vazio_para_nulo,0,,
2020,quantidade,conversao_decimal_exata,84919,,0.0
2020,preco_unitario,conversao_decimal_exata,84919,,0.0
2020,preco_total,conversao_decimal_exata,84919,,0.0
2020,capacidade_informada,conversao_decimal_exata,31406,,0.0
2020,data_compra,data_dd_mm_aaaa_para_ISO,84919,,0.0
2020,data_insercao,data_dd_mm_aaaa_para_ISO,84919,,0.0
2020,cnpj_instituicao,retira_pontuacao_CNPJ_preserva_zeros,0,,
2020,cnpj_fornecedor,retira_pontuacao_CNPJ_preserva_zeros,0,,
2020,cnpj_fabricante,retira_pontuacao_CNPJ_preserva_zeros,0,,
2021,ano_compra,texto_NFC_espacos_encoding,0,0.0,
2021,ano_compra,vazio_para_nulo,0,,
2021,cnpj_instituicao,texto_NFC_espacos_encoding,0,0.0,
2021,cnpj_instituicao,vazio_para_nulo,0,,
2021,uf,texto_NFC_espacos_encoding,0,0.0,
2021,uf,vazio_para_nulo,0,,
2021,uf,categoria_caixa_alta,0,,
2021,esfera,texto_NFC_espacos_encoding,0,0.0,
2021,esfera,vazio_para_nulo,0,,
2021,esfera,categoria_caixa_alta,0,,
2021,data_compra,texto_NFC_espacos_encoding,0,0.0,
2021,data_compra,vazio_para_nulo,0,,
2021,data_insercao,texto_NFC_espacos_encoding,0,0.0,
2021,data_insercao,vazio_para_nulo,0,,
2021,validade_compra,texto_NFC_espacos_encoding,0,0.0,
2021,validade_compra,vazio_para_nulo,0,,
2021,codigo_catmat,texto_NFC_espacos_encoding,0,0.0,
2021,codigo_catmat,vazio_para_nulo,0,,
2021,descricao_produto,texto_NFC_espacos_encoding,0,0.0,
2021,descricao_produto,vazio_para_nulo,0,,
2021,descricao_produto,categoria_caixa_alta,653,,
2021,codigo_pdm,texto_NFC_espacos_encoding,0,0.0,
2021,codigo_pdm,vazio_para_nulo,91,,
2021,codigo_grupo,texto_NFC_espacos_encoding,0,0.0,
2021,codigo_grupo,vazio_para_nulo,91,,
2021,grupo,texto_NFC_espacos_encoding,0,0.0,
2021,grupo,vazio_para_nulo,91,,
2021,codigo_classe,texto_NFC_espacos_encoding,0,0.0,
2021,codigo_classe,vazio_para_nulo,91,,
2021,classe,texto_NFC_espacos_encoding,0,0.0,
2021,classe,vazio_para_nulo,91,,
2021,generico,texto_NFC_espacos_encoding,0,0.0,
2021,generico,vazio_para_nulo,45437,,
2021,generico,categoria_caixa_alta,0,,
2021,tipo_compra,texto_NFC_espacos_encoding,0,0.0,
2021,tipo_compra,vazio_para_nulo,0,,
2021,tipo_compra,categoria_caixa_alta,0,,
2021,unidade_medida,texto_NFC_espacos_encoding,0,0.0,
2021,unidade_medida,vazio_para_nulo,54323,,
2021,unidade_medida,categoria_caixa_alta,0,,
2021,cnpj_fornecedor,texto_NFC_espacos_encoding,0,0.0,
2021,cnpj_fornecedor,vazio_para_nulo,0,,
2021,fornecedor,texto_NFC_espacos_encoding,0,0.0,
2021,fornecedor,vazio_para_nulo,0,,
2021,fornecedor,categoria_caixa_alta,3,,
2021,cnpj_fabricante,texto_NFC_espacos_encoding,0,0.0,
2021,cnpj_fabricante,vazio_para_nulo,0,,
2021,fabricante,texto_NFC_espacos_encoding,0,0.0,
2021,fabricante,vazio_para_nulo,0,,
2021,fabricante,categoria_caixa_alta,0,,
2021,quantidade,texto_NFC_espacos_encoding,0,0.0,
2021,quantidade,vazio_para_nulo,0,,
2021,observacao,texto_NFC_espacos_encoding,0,0.0,
2021,observacao,vazio_para_nulo,1251,,
2021,instituicao,texto_NFC_espacos_encoding,0,0.0,
2021,instituicao,vazio_para_nulo,8,,
2021,instituicao,categoria_caixa_alta,0,,
2021,municipio,texto_NFC_espacos_encoding,0,0.0,
2021,municipio,vazio_para_nulo,0,,
2021,municipio,categoria_caixa_alta,0,,
2021,unidade_apresentacao,texto_NFC_espacos_encoding,0,0.0,
2021,unidade_apresentacao,vazio_para_nulo,4,,
2021,unidade_apresentacao,categoria_caixa_alta,0,,
2021,pdm,texto_NFC_espacos_encoding,0,0.0,
2021,pdm,vazio_para_nulo,91,,
2021,numero_processo,texto_NFC_espacos_encoding,1955,1955.0,
2021,numero_processo,vazio_para_nulo,0,,
2021,numero_ata,texto_NFC_espacos_encoding,0,0.0,
2021,numero_ata,vazio_para_nulo,82810,,
2021,unidade_fornecimento,texto_NFC_espacos_encoding,0,0.0,
2021,unidade_fornecimento,vazio_para_nulo,4,,
2021,unidade_fornecimento,categoria_caixa_alta,0,,
2021,registro_anvisa,texto_NFC_espacos_encoding,0,0.0,
2021,registro_anvisa,vazio_para_nulo,45437,,
2021,modalidade_compra,texto_NFC_espacos_encoding,0,0.0,
2021,modalidade_compra,vazio_para_nulo,0,,
2021,modalidade_compra,categoria_caixa_alta,85012,,
2021,capacidade_informada,texto_NFC_espacos_encoding,0,0.0,
2021,capacidade_informada,vazio_para_nulo,54323,,
2021,preco_unitario,texto_NFC_espacos_encoding,0,0.0,
2021,preco_unitario,vazio_para_nulo,0,,
2021,preco_total,texto_NFC_espacos_encoding,0,0.0,
2021,preco_total,vazio_para_nulo,0,,
2021,id_bps,texto_NFC_espacos_encoding,0,0.0,
2021,id_bps,vazio_para_nulo,0,,
2021,quantidade,conversao_decimal_exata,85012,,0.0
2021,preco_unitario,conversao_decimal_exata,85012,,0.0
2021,preco_total,conversao_decimal_exata,85012,,0.0
2021,capacidade_informada,conversao_decimal_exata,30689,,0.0
2021,data_compra,data_dd_mm_aaaa_para_ISO,85012,,0.0
2021,data_insercao,data_dd_mm_aaaa_para_ISO,85012,,0.0
2021,cnpj_instituicao,retira_pontuacao_CNPJ_preserva_zeros,0,,
2021,cnpj_fornecedor,retira_pontuacao_CNPJ_preserva_zeros,0,,
2021,cnpj_fabricante,retira_pontuacao_CNPJ_preserva_zeros,0,,
2022,ano_compra,texto_NFC_espacos_encoding,0,0.0,
2022,ano_compra,vazio_para_nulo,0,,
2022,cnpj_instituicao,texto_NFC_espacos_encoding,0,0.0,
2022,cnpj_instituicao,vazio_para_nulo,0,,
2022,uf,texto_NFC_espacos_encoding,0,0.0,
2022,uf,vazio_para_nulo,0,,
2022,uf,categoria_caixa_alta,0,,
2022,esfera,texto_NFC_espacos_encoding,0,0.0,
2022,esfera,vazio_para_nulo,0,,
2022,esfera,categoria_caixa_alta,0,,
2022,data_compra,texto_NFC_espacos_encoding,0,0.0,
2022,data_compra,vazio_para_nulo,0,,
2022,data_insercao,texto_NFC_espacos_encoding,0,0.0,
2022,data_insercao,vazio_para_nulo,120,,
2022,validade_compra,texto_NFC_espacos_encoding,0,0.0,
2022,validade_compra,vazio_para_nulo,0,,
2022,codigo_catmat,texto_NFC_espacos_encoding,0,0.0,
2022,codigo_catmat,vazio_para_nulo,0,,
2022,descricao_produto,texto_NFC_espacos_encoding,0,0.0,
2022,descricao_produto,vazio_para_nulo,0,,
2022,descricao_produto,categoria_caixa_alta,1106,,
2022,codigo_pdm,texto_NFC_espacos_encoding,0,0.0,
2022,codigo_pdm,vazio_para_nulo,84,,
2022,codigo_grupo,texto_NFC_espacos_encoding,0,0.0,
2022,codigo_grupo,vazio_para_nulo,84,,
2022,grupo,texto_NFC_espacos_encoding,0,0.0,
2022,grupo,vazio_para_nulo,84,,
2022,codigo_classe,texto_NFC_espacos_encoding,0,0.0,
2022,codigo_classe,vazio_para_nulo,84,,
2022,classe,texto_NFC_espacos_encoding,0,0.0,
2022,classe,vazio_para_nulo,84,,
2022,generico,texto_NFC_espacos_encoding,0,0.0,
2022,generico,vazio_para_nulo,49242,,
2022,generico,categoria_caixa_alta,0,,
2022,tipo_compra,texto_NFC_espacos_encoding,0,0.0,
2022,tipo_compra,vazio_para_nulo,0,,
2022,tipo_compra,categoria_caixa_alta,0,,
2022,unidade_medida,texto_NFC_espacos_encoding,0,0.0,
2022,unidade_medida,vazio_para_nulo,58017,,
2022,unidade_medida,categoria_caixa_alta,0,,
2022,cnpj_fornecedor,texto_NFC_espacos_encoding,0,0.0,
2022,cnpj_fornecedor,vazio_para_nulo,0,,
2022,fornecedor,texto_NFC_espacos_encoding,0,0.0,
2022,fornecedor,vazio_para_nulo,0,,
2022,fornecedor,categoria_caixa_alta,0,,
2022,cnpj_fabricante,texto_NFC_espacos_encoding,0,0.0,
2022,cnpj_fabricante,vazio_para_nulo,0,,
2022,fabricante,texto_NFC_espacos_encoding,0,0.0,
2022,fabricante,vazio_para_nulo,0,,
2022,fabricante,categoria_caixa_alta,0,,
2022,quantidade,texto_NFC_espacos_encoding,0,0.0,
2022,quantidade,vazio_para_nulo,0,,
2022,observacao,texto_NFC_espacos_encoding,0,0.0,
2022,observacao,vazio_para_nulo,2343,,
2022,instituicao,texto_NFC_espacos_encoding,0,0.0,
2022,instituicao,vazio_para_nulo,0,,
2022,instituicao,categoria_caixa_alta,0,,
2022,municipio,texto_NFC_espacos_encoding,0,0.0,
2022,municipio,vazio_para_nulo,0,,
2022,municipio,categoria_caixa_alta,0,,
2022,unidade_apresentacao,texto_NFC_espacos_encoding,0,0.0,
2022,unidade_apresentacao,vazio_para_nulo,4,,
2022,unidade_apresentacao,categoria_caixa_alta,0,,
2022,pdm,texto_NFC_espacos_encoding,0,0.0,
2022,pdm,vazio_para_nulo,84,,
2022,numero_processo,texto_NFC_espacos_encoding,2742,2742.0,
2022,numero_processo,vazio_para_nulo,1,,
2022,numero_ata,texto_NFC_espacos_encoding,0,0.0,
2022,numero_ata,vazio_para_nulo,86294,,
2022,unidade_fornecimento,texto_NFC_espacos_encoding,0,0.0,
2022,unidade_fornecimento,vazio_para_nulo,4,,
2022,unidade_fornecimento,categoria_caixa_alta,0,,
2022,registro_anvisa,texto_NFC_espacos_encoding,0,0.0,
2022,registro_anvisa,vazio_para_nulo,49242,,
2022,modalidade_compra,texto_NFC_espacos_encoding,0,0.0,
2022,modalidade_compra,vazio_para_nulo,0,,
2022,modalidade_compra,categoria_caixa_alta,89555,,
2022,capacidade_informada,texto_NFC_espacos_encoding,0,0.0,
2022,capacidade_informada,vazio_para_nulo,58017,,
2022,preco_unitario,texto_NFC_espacos_encoding,0,0.0,
2022,preco_unitario,vazio_para_nulo,0,,
2022,preco_total,texto_NFC_espacos_encoding,0,0.0,
2022,preco_total,vazio_para_nulo,0,,
2022,id_bps,texto_NFC_espacos_encoding,0,0.0,
2022,id_bps,vazio_para_nulo,0,,
2022,quantidade,conversao_decimal_exata,89555,,0.0
2022,preco_unitario,conversao_decimal_exata,89555,,0.0
2022,preco_total,conversao_decimal_exata,89555,,0.0
2022,capacidade_informada,conversao_decimal_exata,31538,,0.0
2022,data_compra,data_dd_mm_aaaa_para_ISO,89555,,0.0
2022,data_insercao,data_dd_mm_aaaa_para_ISO,89435,,0.0
2022,cnpj_instituicao,retira_pontuacao_CNPJ_preserva_zeros,0,,
2022,cnpj_fornecedor,retira_pontuacao_CNPJ_preserva_zeros,0,,
2022,cnpj_fabricante,retira_pontuacao_CNPJ_preserva_zeros,0,,
2023,ano_compra,texto_NFC_espacos_encoding,0,0.0,
2023,ano_compra,vazio_para_nulo,0,,
2023,cnpj_instituicao,texto_NFC_espacos_encoding,0,0.0,
2023,cnpj_instituicao,vazio_para_nulo,0,,
2023,uf,texto_NFC_espacos_encoding,0,0.0,
2023,uf,vazio_para_nulo,0,,
2023,uf,categoria_caixa_alta,0,,
2023,esfera,texto_NFC_espacos_encoding,0,0.0,
2023,esfera,vazio_para_nulo,0,,
2023,esfera,categoria_caixa_alta,0,,
2023,data_compra,texto_NFC_espacos_encoding,0,0.0,
2023,data_compra,vazio_para_nulo,0,,
2023,data_insercao,texto_NFC_espacos_encoding,0,0.0,
2023,data_insercao,vazio_para_nulo,730,,
2023,validade_compra,texto_NFC_espacos_encoding,0,0.0,
2023,validade_compra,vazio_para_nulo,0,,
2023,codigo_catmat,texto_NFC_espacos_encoding,0,0.0,
2023,codigo_catmat,vazio_para_nulo,0,,
2023,descricao_produto,texto_NFC_espacos_encoding,0,0.0,
2023,descricao_produto,vazio_para_nulo,0,,
2023,descricao_produto,categoria_caixa_alta,470,,
2023,codigo_pdm,texto_NFC_espacos_encoding,0,0.0,
2023,codigo_pdm,vazio_para_nulo,37,,
2023,codigo_grupo,texto_NFC_espacos_encoding,0,0.0,
2023,codigo_grupo,vazio_para_nulo,37,,
2023,grupo,texto_NFC_espacos_encoding,0,0.0,
2023,grupo,vazio_para_nulo,37,,
2023,codigo_classe,texto_NFC_espacos_encoding,0,0.0,
2023,codigo_classe,vazio_para_nulo,37,,
2023,classe,texto_NFC_espacos_encoding,0,0.0,
2023,classe,vazio_para_nulo,37,,
2023,generico,texto_NFC_espacos_encoding,0,0.0,
2023,generico,vazio_para_nulo,15470,,
2023,generico,categoria_caixa_alta,0,,
2023,tipo_compra,texto_NFC_espacos_encoding,0,0.0,
2023,tipo_compra,vazio_para_nulo,0,,
2023,tipo_compra,categoria_caixa_alta,0,,
2023,unidade_medida,texto_NFC_espacos_encoding,0,0.0,
2023,unidade_medida,vazio_para_nulo,21035,,
2023,unidade_medida,categoria_caixa_alta,0,,
2023,cnpj_fornecedor,texto_NFC_espacos_encoding,0,0.0,
2023,cnpj_fornecedor,vazio_para_nulo,0,,
2023,fornecedor,texto_NFC_espacos_encoding,0,0.0,
2023,fornecedor,vazio_para_nulo,0,,
2023,fornecedor,categoria_caixa_alta,0,,
2023,cnpj_fabricante,texto_NFC_espacos_encoding,0,0.0,
2023,cnpj_fabricante,vazio_para_nulo,0,,
2023,fabricante,texto_NFC_espacos_encoding,0,0.0,
2023,fabricante,vazio_para_nulo,0,,
2023,fabricante,categoria_caixa_alta,0,,
2023,quantidade,texto_NFC_espacos_encoding,0,0.0,
2023,quantidade,vazio_para_nulo,0,,
2023,observacao,texto_NFC_espacos_encoding,0,0.0,
2023,observacao,vazio_para_nulo,6739,,
2023,instituicao,texto_NFC_espacos_encoding,0,0.0,
2023,instituicao,vazio_para_nulo,25,,
2023,instituicao,categoria_caixa_alta,0,,
2023,municipio,texto_NFC_espacos_encoding,0,0.0,
2023,municipio,vazio_para_nulo,0,,
2023,municipio,categoria_caixa_alta,0,,
2023,unidade_apresentacao,texto_NFC_espacos_encoding,0,0.0,
2023,unidade_apresentacao,vazio_para_nulo,1,,
2023,unidade_apresentacao,categoria_caixa_alta,0,,
2023,pdm,texto_NFC_espacos_encoding,0,0.0,
2023,pdm,vazio_para_nulo,37,,
2023,numero_processo,texto_NFC_espacos_encoding,756,756.0,
2023,numero_processo,vazio_para_nulo,0,,
2023,numero_ata,texto_NFC_espacos_encoding,0,0.0,
2023,numero_ata,vazio_para_nulo,21729,,
2023,unidade_fornecimento,texto_NFC_espacos_encoding,0,0.0,
2023,unidade_fornecimento,vazio_para_nulo,1,,
2023,unidade_fornecimento,categoria_caixa_alta,0,,
2023,registro_anvisa,texto_NFC_espacos_encoding,0,0.0,
2023,registro_anvisa,vazio_para_nulo,15470,,
2023,modalidade_compra,texto_NFC_espacos_encoding,0,0.0,
2023,modalidade_compra,vazio_para_nulo,0,,
2023,modalidade_compra,categoria_caixa_alta,33831,,
2023,capacidade_informada,texto_NFC_espacos_encoding,0,0.0,
2023,capacidade_informada,vazio_para_nulo,21035,,
2023,preco_unitario,texto_NFC_espacos_encoding,0,0.0,
2023,preco_unitario,vazio_para_nulo,0,,
2023,preco_total,texto_NFC_espacos_encoding,0,0.0,
2023,preco_total,vazio_para_nulo,0,,
2023,id_bps,texto_NFC_espacos_encoding,0,0.0,
2023,id_bps,vazio_para_nulo,0,,
2023,quantidade,conversao_decimal_exata,33831,,0.0
2023,preco_unitario,conversao_decimal_exata,33831,,0.0
2023,preco_total,conversao_decimal_exata,33831,,0.0
2023,capacidade_informada,conversao_decimal_exata,12796,,0.0
2023,data_compra,data_dd_mm_aaaa_para_ISO,33831,,0.0
2023,data_insercao,data_dd_mm_aaaa_para_ISO,33101,,0.0
2023,cnpj_instituicao,retira_pontuacao_CNPJ_preserva_zeros,0,,
2023,cnpj_fornecedor,retira_pontuacao_CNPJ_preserva_zeros,0,,
2023,cnpj_fabricante,retira_pontuacao_CNPJ_preserva_zeros,0,,
2024,ano_compra,texto_NFC_espacos_encoding,0,0.0,
2024,ano_compra,vazio_para_nulo,0,,
2024,cnpj_instituicao,texto_NFC_espacos_encoding,0,0.0,
2024,cnpj_instituicao,vazio_para_nulo,0,,
2024,uf,texto_NFC_espacos_encoding,0,0.0,
2024,uf,vazio_para_nulo,0,,
2024,uf,categoria_caixa_alta,0,,
2024,esfera,texto_NFC_espacos_encoding,0,0.0,
2024,esfera,vazio_para_nulo,0,,
2024,esfera,categoria_caixa_alta,0,,
2024,data_compra,texto_NFC_espacos_encoding,0,0.0,
2024,data_compra,vazio_para_nulo,0,,
2024,data_insercao,texto_NFC_espacos_encoding,0,0.0,
2024,data_insercao,vazio_para_nulo,1292,,
2024,validade_compra,texto_NFC_espacos_encoding,0,0.0,
2024,validade_compra,vazio_para_nulo,0,,
2024,codigo_catmat,texto_NFC_espacos_encoding,0,0.0,
2024,codigo_catmat,vazio_para_nulo,0,,
2024,descricao_produto,texto_NFC_espacos_encoding,0,0.0,
2024,descricao_produto,vazio_para_nulo,0,,
2024,descricao_produto,categoria_caixa_alta,324,,
2024,codigo_pdm,texto_NFC_espacos_encoding,0,0.0,
2024,codigo_pdm,vazio_para_nulo,38,,
2024,codigo_grupo,texto_NFC_espacos_encoding,0,0.0,
2024,codigo_grupo,vazio_para_nulo,38,,
2024,grupo,texto_NFC_espacos_encoding,0,0.0,
2024,grupo,vazio_para_nulo,38,,
2024,codigo_classe,texto_NFC_espacos_encoding,0,0.0,
2024,codigo_classe,vazio_para_nulo,38,,
2024,classe,texto_NFC_espacos_encoding,0,0.0,
2024,classe,vazio_para_nulo,38,,
2024,generico,texto_NFC_espacos_encoding,0,0.0,
2024,generico,vazio_para_nulo,9829,,
2024,generico,categoria_caixa_alta,0,,
2024,tipo_compra,texto_NFC_espacos_encoding,0,0.0,
2024,tipo_compra,vazio_para_nulo,0,,
2024,tipo_compra,categoria_caixa_alta,0,,
2024,unidade_medida,texto_NFC_espacos_encoding,0,0.0,
2024,unidade_medida,vazio_para_nulo,18381,,
2024,unidade_medida,categoria_caixa_alta,0,,
2024,cnpj_fornecedor,texto_NFC_espacos_encoding,0,0.0,
2024,cnpj_fornecedor,vazio_para_nulo,0,,
2024,fornecedor,texto_NFC_espacos_encoding,0,0.0,
2024,fornecedor,vazio_para_nulo,0,,
2024,fornecedor,categoria_caixa_alta,0,,
2024,cnpj_fabricante,texto_NFC_espacos_encoding,0,0.0,
2024,cnpj_fabricante,vazio_para_nulo,0,,
2024,fabricante,texto_NFC_espacos_encoding,0,0.0,
2024,fabricante,vazio_para_nulo,0,,
2024,fabricante,categoria_caixa_alta,0,,
2024,quantidade,texto_NFC_espacos_encoding,0,0.0,
2024,quantidade,vazio_para_nulo,0,,
2024,observacao,texto_NFC_espacos_encoding,1,0.0,
2024,observacao,vazio_para_nulo,20944,,
2024,instituicao,texto_NFC_espacos_encoding,0,0.0,
2024,instituicao,vazio_para_nulo,78,,
2024,instituicao,categoria_caixa_alta,0,,
2024,municipio,texto_NFC_espacos_encoding,0,0.0,
2024,municipio,vazio_para_nulo,0,,
2024,municipio,categoria_caixa_alta,0,,
2024,unidade_apresentacao,texto_NFC_espacos_encoding,0,0.0,
2024,unidade_apresentacao,vazio_para_nulo,5,,
2024,unidade_apresentacao,categoria_caixa_alta,0,,
2024,pdm,texto_NFC_espacos_encoding,0,0.0,
2024,pdm,vazio_para_nulo,38,,
2024,numero_processo,texto_NFC_espacos_encoding,0,0.0,
2024,numero_processo,vazio_para_nulo,0,,
2024,numero_ata,texto_NFC_espacos_encoding,0,0.0,
2024,numero_ata,vazio_para_nulo,1137,,
2024,unidade_fornecimento,texto_NFC_espacos_encoding,0,0.0,
2024,unidade_fornecimento,vazio_para_nulo,5,,
2024,unidade_fornecimento,categoria_caixa_alta,0,,
2024,registro_anvisa,texto_NFC_espacos_encoding,0,0.0,
2024,registro_anvisa,vazio_para_nulo,9829,,
2024,modalidade_compra,texto_NFC_espacos_encoding,0,0.0,
2024,modalidade_compra,vazio_para_nulo,0,,
2024,modalidade_compra,categoria_caixa_alta,28942,,
2024,capacidade_informada,texto_NFC_espacos_encoding,0,0.0,
2024,capacidade_informada,vazio_para_nulo,18381,,
2024,preco_unitario,texto_NFC_espacos_encoding,0,0.0,
2024,preco_unitario,vazio_para_nulo,0,,
2024,preco_total,texto_NFC_espacos_encoding,0,0.0,
2024,preco_total,vazio_para_nulo,0,,
2024,id_bps,texto_NFC_espacos_encoding,0,0.0,
2024,id_bps,vazio_para_nulo,0,,
2024,quantidade,conversao_decimal_exata,28942,,0.0
2024,preco_unitario,conversao_decimal_exata,28942,,0.0
2024,preco_total,conversao_decimal_exata,28942,,0.0
2024,capacidade_informada,conversao_decimal_exata,10561,,0.0
2024,data_compra,data_dd_mm_aaaa_para_ISO,28942,,0.0
2024,data_insercao,data_dd_mm_aaaa_para_ISO,27650,,0.0
2024,cnpj_instituicao,retira_pontuacao_CNPJ_preserva_zeros,0,,
2024,cnpj_fornecedor,retira_pontuacao_CNPJ_preserva_zeros,0,,
2024,cnpj_fabricante,retira_pontuacao_CNPJ_preserva_zeros,0,,
2025,ano_compra,texto_NFC_espacos_encoding,0,0.0,
2025,ano_compra,vazio_para_nulo,0,,
2025,cnpj_instituicao,texto_NFC_espacos_encoding,0,0.0,
2025,cnpj_instituicao,vazio_para_nulo,0,,
2025,uf,texto_NFC_espacos_encoding,0,0.0,
2025,uf,vazio_para_nulo,0,,
2025,uf,categoria_caixa_alta,0,,
2025,esfera,texto_NFC_espacos_encoding,0,0.0,
2025,esfera,vazio_para_nulo,0,,
2025,esfera,categoria_caixa_alta,0,,
2025,data_compra,texto_NFC_espacos_encoding,0,0.0,
2025,data_compra,vazio_para_nulo,0,,
2025,data_insercao,texto_NFC_espacos_encoding,0,0.0,
2025,data_insercao,vazio_para_nulo,0,,
2025,validade_compra,texto_NFC_espacos_encoding,0,0.0,
2025,validade_compra,vazio_para_nulo,0,,
2025,codigo_catmat,texto_NFC_espacos_encoding,0,0.0,
2025,codigo_catmat,vazio_para_nulo,0,,
2025,descricao_produto,texto_NFC_espacos_encoding,0,0.0,
2025,descricao_produto,vazio_para_nulo,0,,
2025,descricao_produto,categoria_caixa_alta,452,,
2025,codigo_pdm,texto_NFC_espacos_encoding,0,0.0,
2025,codigo_pdm,vazio_para_nulo,49,,
2025,codigo_grupo,texto_NFC_espacos_encoding,0,0.0,
2025,codigo_grupo,vazio_para_nulo,49,,
2025,grupo,texto_NFC_espacos_encoding,0,0.0,
2025,grupo,vazio_para_nulo,49,,
2025,codigo_classe,texto_NFC_espacos_encoding,0,0.0,
2025,codigo_classe,vazio_para_nulo,49,,
2025,classe,texto_NFC_espacos_encoding,0,0.0,
2025,classe,vazio_para_nulo,49,,
2025,generico,texto_NFC_espacos_encoding,0,0.0,
2025,generico,vazio_para_nulo,9185,,
2025,generico,categoria_caixa_alta,0,,
2025,tipo_compra,texto_NFC_espacos_encoding,0,0.0,
2025,tipo_compra,vazio_para_nulo,0,,
2025,tipo_compra,categoria_caixa_alta,0,,
2025,unidade_medida,texto_NFC_espacos_encoding,0,0.0,
2025,unidade_medida,vazio_para_nulo,21575,,
2025,unidade_medida,categoria_caixa_alta,0,,
2025,cnpj_fornecedor,texto_NFC_espacos_encoding,0,0.0,
2025,cnpj_fornecedor,vazio_para_nulo,0,,
2025,fornecedor,texto_NFC_espacos_encoding,0,0.0,
2025,fornecedor,vazio_para_nulo,0,,
2025,fornecedor,categoria_caixa_alta,0,,
2025,cnpj_fabricante,texto_NFC_espacos_encoding,0,0.0,
2025,cnpj_fabricante,vazio_para_nulo,0,,
2025,fabricante,texto_NFC_espacos_encoding,0,0.0,
2025,fabricante,vazio_para_nulo,0,,
2025,fabricante,categoria_caixa_alta,0,,
2025,quantidade,texto_NFC_espacos_encoding,0,0.0,
2025,quantidade,vazio_para_nulo,0,,
2025,observacao,texto_NFC_espacos_encoding,25,0.0,
2025,observacao,vazio_para_nulo,21242,,
2025,instituicao,texto_NFC_espacos_encoding,0,0.0,
2025,instituicao,vazio_para_nulo,95,,
2025,instituicao,categoria_caixa_alta,0,,
2025,municipio,texto_NFC_espacos_encoding,0,0.0,
2025,municipio,vazio_para_nulo,0,,
2025,municipio,categoria_caixa_alta,0,,
2025,unidade_apresentacao,texto_NFC_espacos_encoding,0,0.0,
2025,unidade_apresentacao,vazio_para_nulo,13,,
2025,unidade_apresentacao,categoria_caixa_alta,0,,
2025,pdm,texto_NFC_espacos_encoding,0,0.0,
2025,pdm,vazio_para_nulo,49,,
2025,numero_processo,texto_NFC_espacos_encoding,0,0.0,
2025,numero_processo,vazio_para_nulo,0,,
2025,numero_ata,texto_NFC_espacos_encoding,0,0.0,
2025,numero_ata,vazio_para_nulo,1499,,
2025,unidade_fornecimento,texto_NFC_espacos_encoding,0,0.0,
2025,unidade_fornecimento,vazio_para_nulo,13,,
2025,unidade_fornecimento,categoria_caixa_alta,0,,
2025,registro_anvisa,texto_NFC_espacos_encoding,0,0.0,
2025,registro_anvisa,vazio_para_nulo,9185,,
2025,modalidade_compra,texto_NFC_espacos_encoding,0,0.0,
2025,modalidade_compra,vazio_para_nulo,0,,
2025,modalidade_compra,categoria_caixa_alta,34233,,
2025,capacidade_informada,texto_NFC_espacos_encoding,0,0.0,
2025,capacidade_informada,vazio_para_nulo,21575,,
2025,preco_unitario,texto_NFC_espacos_encoding,0,0.0,
2025,preco_unitario,vazio_para_nulo,0,,
2025,preco_total,texto_NFC_espacos_encoding,0,0.0,
2025,preco_total,vazio_para_nulo,0,,
2025,id_bps,texto_NFC_espacos_encoding,0,0.0,
2025,id_bps,vazio_para_nulo,0,,
2025,quantidade,conversao_decimal_exata,34233,,0.0
2025,preco_unitario,conversao_decimal_exata,34233,,0.0
2025,preco_total,conversao_decimal_exata,34233,,0.0
2025,capacidade_informada,conversao_decimal_exata,12658,,0.0
2025,data_compra,data_dd_mm_aaaa_para_ISO,34233,,0.0
2025,data_insercao,data_dd_mm_aaaa_para_ISO,34233,,0.0
2025,cnpj_instituicao,retira_pontuacao_CNPJ_preserva_zeros,0,,
2025,cnpj_fornecedor,retira_pontuacao_CNPJ_preserva_zeros,0,,
2025,cnpj_fabricante,retira_pontuacao_CNPJ_preserva_zeros,0,,
2026,ano_compra,texto_NFC_espacos_encoding,0,0.0,
2026,ano_compra,vazio_para_nulo,0,,
2026,cnpj_instituicao,texto_NFC_espacos_encoding,0,0.0,
2026,cnpj_instituicao,vazio_para_nulo,0,,
2026,uf,texto_NFC_espacos_encoding,0,0.0,
2026,uf,vazio_para_nulo,0,,
2026,uf,categoria_caixa_alta,0,,
2026,esfera,texto_NFC_espacos_encoding,0,0.0,
2026,esfera,vazio_para_nulo,0,,
2026,esfera,categoria_caixa_alta,0,,
2026,data_compra,texto_NFC_espacos_encoding,0,0.0,
2026,data_compra,vazio_para_nulo,0,,
2026,data_insercao,texto_NFC_espacos_encoding,0,0.0,
2026,data_insercao,vazio_para_nulo,0,,
2026,validade_compra,texto_NFC_espacos_encoding,0,0.0,
2026,validade_compra,vazio_para_nulo,0,,
2026,codigo_catmat,texto_NFC_espacos_encoding,0,0.0,
2026,codigo_catmat,vazio_para_nulo,0,,
2026,descricao_produto,texto_NFC_espacos_encoding,0,0.0,
2026,descricao_produto,vazio_para_nulo,0,,
2026,descricao_produto,categoria_caixa_alta,139,,
2026,codigo_pdm,texto_NFC_espacos_encoding,0,0.0,
2026,codigo_pdm,vazio_para_nulo,9,,
2026,codigo_grupo,texto_NFC_espacos_encoding,0,0.0,
2026,codigo_grupo,vazio_para_nulo,9,,
2026,grupo,texto_NFC_espacos_encoding,0,0.0,
2026,grupo,vazio_para_nulo,9,,
2026,codigo_classe,texto_NFC_espacos_encoding,0,0.0,
2026,codigo_classe,vazio_para_nulo,9,,
2026,classe,texto_NFC_espacos_encoding,0,0.0,
2026,classe,vazio_para_nulo,9,,
2026,generico,texto_NFC_espacos_encoding,0,0.0,
2026,generico,vazio_para_nulo,2785,,
2026,generico,categoria_caixa_alta,0,,
2026,tipo_compra,texto_NFC_espacos_encoding,0,0.0,
2026,tipo_compra,vazio_para_nulo,0,,
2026,tipo_compra,categoria_caixa_alta,0,,
2026,unidade_medida,texto_NFC_espacos_encoding,0,0.0,
2026,unidade_medida,vazio_para_nulo,6985,,
2026,unidade_medida,categoria_caixa_alta,0,,
2026,cnpj_fornecedor,texto_NFC_espacos_encoding,0,0.0,
2026,cnpj_fornecedor,vazio_para_nulo,0,,
2026,fornecedor,texto_NFC_espacos_encoding,0,0.0,
2026,fornecedor,vazio_para_nulo,0,,
2026,fornecedor,categoria_caixa_alta,0,,
2026,cnpj_fabricante,texto_NFC_espacos_encoding,0,0.0,
2026,cnpj_fabricante,vazio_para_nulo,0,,
2026,fabricante,texto_NFC_espacos_encoding,0,0.0,
2026,fabricante,vazio_para_nulo,0,,
2026,fabricante,categoria_caixa_alta,0,,
2026,quantidade,texto_NFC_espacos_encoding,0,0.0,
2026,quantidade,vazio_para_nulo,0,,
2026,observacao,texto_NFC_espacos_encoding,43,0.0,
2026,observacao,vazio_para_nulo,6221,,
2026,instituicao,texto_NFC_espacos_encoding,0,0.0,
2026,instituicao,vazio_para_nulo,79,,
2026,instituicao,categoria_caixa_alta,0,,
2026,municipio,texto_NFC_espacos_encoding,0,0.0,
2026,municipio,vazio_para_nulo,0,,
2026,municipio,categoria_caixa_alta,0,,
2026,unidade_apresentacao,texto_NFC_espacos_encoding,0,0.0,
2026,unidade_apresentacao,vazio_para_nulo,2,,
2026,unidade_apresentacao,categoria_caixa_alta,0,,
2026,pdm,texto_NFC_espacos_encoding,0,0.0,
2026,pdm,vazio_para_nulo,9,,
2026,numero_processo,texto_NFC_espacos_encoding,0,0.0,
2026,numero_processo,vazio_para_nulo,0,,
2026,numero_ata,texto_NFC_espacos_encoding,0,0.0,
2026,numero_ata,vazio_para_nulo,217,,
2026,unidade_fornecimento,texto_NFC_espacos_encoding,0,0.0,
2026,unidade_fornecimento,vazio_para_nulo,2,,
2026,unidade_fornecimento,categoria_caixa_alta,0,,
2026,registro_anvisa,texto_NFC_espacos_encoding,0,0.0,
2026,registro_anvisa,vazio_para_nulo,2785,,
2026,modalidade_compra,texto_NFC_espacos_encoding,0,0.0,
2026,modalidade_compra,vazio_para_nulo,0,,
2026,modalidade_compra,categoria_caixa_alta,11146,,
2026,capacidade_informada,texto_NFC_espacos_encoding,0,0.0,
2026,capacidade_informada,vazio_para_nulo,6985,,
2026,preco_unitario,texto_NFC_espacos_encoding,0,0.0,
2026,preco_unitario,vazio_para_nulo,0,,
2026,preco_total,texto_NFC_espacos_encoding,0,0.0,
2026,preco_total,vazio_para_nulo,0,,
2026,id_bps,texto_NFC_espacos_encoding,0,0.0,
2026,id_bps,vazio_para_nulo,0,,
2026,quantidade,conversao_decimal_exata,11146,,0.0
2026,preco_unitario,conversao_decimal_exata,11146,,0.0
2026,preco_total,conversao_decimal_exata,11146,,0.0
2026,capacidade_informada,conversao_decimal_exata,4161,,0.0
2026,data_compra,data_dd_mm_aaaa_para_ISO,11146,,0.0
2026,data_insercao,data_dd_mm_aaaa_para_ISO,11146,,0.0
2026,cnpj_instituicao,retira_pontuacao_CNPJ_preserva_zeros,0,,
2026,cnpj_fornecedor,retira_pontuacao_CNPJ_preserva_zeros,0,,
2026,cnpj_fabricante,retira_pontuacao_CNPJ_preserva_zeros,0,,

