codigo_catmat,descricao_produto,unidade_apresentacao,fabricante_id,generico,registro_anvisa,mes_compra,uf,modalidade_compra,faixa_quantidade,registros,instituicoes,fornecedores,minimo,p25,mediana,p75,maximo,razao_max_min,ponderado,menor_quantidade,maior_quantidade,valor_total
308882,"SULFAMETOXAZOL, COMPOSIÇÃO:ASSOCIADO À TRIMETOPRIMA, CONCENTRAÇÃO:400MG + 80MG",COMPRIMIDO,73856593000166,S,1256802090013,2021-04,PB,PREGÃO,03: >1.000–10.000,5,5,4,0.002,0.11,0.15,0.2,0.27,135.0,0.13939520333680916,2000.0,10000.0,5347.2
267516,"ATENOLOL, DOSAGEM:25 MG",COMPRIMIDO,73856593000166,S,1256801460011,2021-04,PI,PREGÃO,04: >10.000–100.000,5,4,5,0.0012,0.03,0.07,0.08,0.16,133.33333333333334,0.06136969696969696,12000.0,43250.0,6581.9
267517,"ATENOLOL, DOSAGEM:50 MG",COMPRIMIDO,73856593000166,S,1256801460054,2021-04,PI,PREGÃO,04: >10.000–100.000,5,4,5,0.0016,0.05,0.1,0.13,0.16,100.0,0.08385185185185186,15000.0,65000.0,13584.0
268214,"ATROPINA SULFATO, DOSAGEM:0,25 MG/ML, USO:SOLUÇÃO INJETÁVEL","AMPOLA 1,00 ML",06628333000146,N,1108500170026,2023-03,PR,PREGÃO,02: >100–1.000,5,5,5,0.7985,0.97,1.3041,1.88,2.5,3.1308703819661865,1.582290909090909,200.0,300.0,1740.52
273710,"NIMESULIDA, DOSAGEM:100 MG",COMPRIMIDO,02814497000107,S,1438101770039,2020-11,PR,PREGÃO,04: >10.000–100.000,5,5,4,0.05,0.056,0.06,0.0649,0.15,2.9999999999999996,0.06532182182182182,20000.0,64800.0,13051.3
271746,"BACLOFENO, CONCENTRAÇÃO:10 MG",COMPRIMIDO,17159229000176,S,1037006130016,2020-08,SP,PREGÃO,03: >1.000–10.000,6,6,4,0.107,0.1217,0.1909,0.2302,0.29,2.710280373831776,0.15738014042126378,2250.0,10000.0,4707.24
271746,"BACLOFENO, CONCENTRAÇÃO:10 MG",COMPRIMIDO,17159229000176,S,1037006130016,2021-10,SP,PREGÃO,03: >1.000–10.000,5,4,5,0.14,0.1799,0.2,0.25,0.37,2.642857142857143,0.1901998831775701,1080.0,6000.0,3256.222
267671,"GLIBENCLAMIDA, DOSAGEM:5 MG",COMPRIMIDO,03485572000104,S,1542302120036,2021-04,PI,PREGÃO,04: >10.000–100.000,6,6,5,0.04,0.055,0.075,0.08,0.09,2.25,0.06502127659574468,20000.0,90000.0,19100.0
267666,"FUROSEMIDA, COMPOSIÇÃO:10 MG/ML, APRESENTAÇÃO:SOLUÇÃO INJETÁVEL","AMPOLA 2,00 ML",17159229000176,S,1037002770037,2021-03,PR,PREGÃO,02: >100–1.000,5,5,3,0.49,0.49,0.5,0.53,0.9858,2.0118367346938775,0.5546181818181819,200.0,1000.0,1220.16
272198,"ETILEFRINA CLORIDRATO, COMPOSIÇÃO:10MG/ML, APRESENTAÇÃO:INJETÁVEL","AMPOLA 1,00 ML",60665981000118,N,1049712200019,2020-08,PR,PREGÃO,02: >100–1.000,5,5,4,1.11,1.15,1.3,1.68,2.21,1.9909909909909909,1.515,150.0,1000.0,3333.0
273256,"OXCARBAZEPINA, DOSAGEM:600 MG",COMPRIMIDO,73663650000190,S,1235202110071,2021-06,SP,PREGÃO,03: >1.000–10.000,5,4,3,1.09,1.2,1.25,1.53,2.062,1.8917431192660548,1.3704682779456194,2500.0,7500.0,36290.0
268069,"CLORPROMAZINA, DOSAGEM:5 MG/ML, APRESENTAÇÃO:SOLUÇÃO INJETÁVEL","AMPOLA 5,00 ML",17174657000178,S,1038700640031,2020-03,PE,PREGÃO,02: >100–1.000,5,4,4,0.97,1.28,1.38,1.39,1.73,1.7835051546391754,1.3771929824561404,120.0,700.0,3140.0
267653,"ESPIRONOLACTONA, DOSAGEM:25 MG",COMPRIMIDO,57507378000365,S,1023506320019,2023-02,PB,PREGÃO,03: >1.000–10.000,5,5,4,0.18,0.2,0.2,0.24,0.3,1.6666666666666667,0.22067539627842866,2520.0,10000.0,6404.0
363088,"VITAMINAS DO COMPLEXO B, COMPOSIÇÃO BÁSICA:B1, B2, B5, B6 E PP, FORMA FARMACÊUTICA:SOLUÇÃO INJETÁVEL","AMPOLA 2,00 ML",17174657000178,N,1038700290012,2020-08,PR,PREGÃO,03: >1.000–10.000,6,6,4,0.672,0.679,0.725,0.8805,1.07,1.5922619047619047,0.7925138339920949,1500.0,10000.0,20050.6
396853,"TETRACAÍNA CLORIDRATO, COMPOSIÇÃO:ASSOCIADA À FENILEFRINA, CONCENTRAÇÃO:1% + 0,1%, FORMA FARMACEUTICA:SOLUÇÃO OFTÁLMICA","FRASCO 10,00 ML",43426626000177,N,1014700490014,2020-01,PR,PREGÃO,01: 1–100,5,5,5,7.96,8.31,8.7,9.74,12.64,1.5879396984924623,8.903064516129032,3.0,80.0,1103.98
276283,"DESLANÓSIDO, DOSAGEM:0,2 MG/ML, APRESENTAÇÃO:SOLUÇÃO INJETÁVEL","AMPOLA 2,00 ML",60665981000118,S,1049712290018,2020-03,PR,PREGÃO,02: >100–1.000,5,5,3,1.27,1.319,1.35,1.72,1.998,1.573228346456693,1.5861194029850747,150.0,1000.0,5313.5
268069,"CLORPROMAZINA, DOSAGEM:5 MG/ML, APRESENTAÇÃO:SOLUÇÃO INJETÁVEL","AMPOLA 5,00 ML",17174657000178,S,1038700640031,2020-03,PR,PREGÃO,02: >100–1.000,6,6,5,0.95,1.0025,1.095,1.225,1.43,1.5052631578947369,1.1676190476190476,200.0,500.0,2452.0
267632,"CIPROFLOXACINO CLORIDRATO, DOSAGEM:500 MG",COMPRIMIDO,73856593000166,S,1256801500072,2021-04,PI,PREGÃO,03: >1.000–10.000,5,5,5,0.4,0.45,0.56,0.57,0.6,1.4999999999999998,0.4869090909090909,2500.0,8000.0,13390.0
396853,"TETRACAÍNA CLORIDRATO, COMPOSIÇÃO:ASSOCIADA À FENILEFRINA, CONCENTRAÇÃO:1% + 0,1%, FORMA FARMACEUTICA:SOLUÇÃO OFTÁLMICA","FRASCO 10,00 ML",43426626000177,N,1014700490014,2020-08,PR,PREGÃO,01: 1–100,6,6,4,7.31,7.7775,8.0295,8.3347,10.95,1.4979480164158687,7.974777777777778,12.0,100.0,2583.828
268381,"AMICACINA SULFATO, DOSAGEM:250 MG/ML, INDICAÇÃO:SOLUÇÃO INJETÁVEL","AMPOLA 2,00 ML",17159229000176,S,1037002970060,2021-06,PR,PREGÃO,02: >100–1.000,5,5,2,1.9,2.1,2.55,2.78,2.78,1.463157894736842,2.57122905027933,150.0,600.0,4602.5
267769,"PROMETAZINA CLORIDRATO, DOSAGEM:25 MG/ML, APRESENTAÇÃO:SOLUÇÃO INJETÁVEL","AMPOLA 2,00 ML",61068755000112,N,1071402130061,2021-03,PR,PREGÃO,02: >100–1.000,6,6,6,1.54,1.8222,1.9875,2.0875,2.25,1.461038961038961,1.9963050847457628,200.0,1000.0,5889.1
267670,"HALOPERIDOL, DOSAGEM:1 MG",COMPRIMIDO,44734671000151,N,1029800200229,2020-10,SP,PREGÃO,04: >10.000–100.000,5,4,4,0.11,0.11,0.1299,0.13,0.156,1.4181818181818182,0.12294368932038836,12500.0,37500.0,12663.2
270612,"BENZILPENICILINA, APRESENTAÇÃO:BENZATINA, DOSAGEM:1.200.000UI, USO:INJETÁVEL",FRASCO-AMPOLA,17159229000176,N,1037001000092,2020-05,PR,PREGÃO,03: >1.000–10.000,5,5,3,6.5,6.6387,7.5,7.54,8.98,1.3815384615384616,7.022525891829689,1200.0,10000.0,244103.0
269843,"LIDOCAÍNA CLORIDRATO, DOSAGEM:2%, APRESENTAÇÃO:INJETÁVEL","FRASCO 20,00 ML",17174657000178,S,1038700410018,2020-05,PR,PREGÃO,02: >100–1.000,6,6,5,2.75,2.835,3.04,3.4475,3.786,1.3767272727272728,3.25547770700637,120.0,500.0,5111.1
267717,"METRONIDAZOL, DOSAGEM:250 MG",COMPRIMIDO,73856593000166,S,1256801820018,2021-04,PI,PREGÃO,04: >10.000–100.000,5,4,5,0.22,0.25,0.26,0.27,0.3,1.3636363636363635,0.25268482490272376,15000.0,40000.0,32470.0
267194,"DIAZEPAM, DOSAGEM:5 MG/ML, APRESENTAÇÃO:SOLUÇÃO INJETÁVEL","AMPOLA 2,00 ML",04099395000182,N,1018600370011,2021-03,PR,PREGÃO,02: >100–1.000,6,6,6,0.63,0.6775,0.71,0.72,0.85,1.349206349206349,0.7341630901287554,200.0,800.0,1710.6
267769,"PROMETAZINA CLORIDRATO, DOSAGEM:25 MG/ML, APRESENTAÇÃO:SOLUÇÃO INJETÁVEL","AMPOLA 2,00 ML",61068755000112,N,1071402130061,2020-08,PR,PREGÃO,03: >1.000–10.000,5,5,3,1.78,1.78,1.8,2.24,2.34,1.3146067415730336,1.9650678733031675,2500.0,7000.0,43428.0
271003,"DICLOFENACO, APRESENTAÇÃO:SAL SÓDICO, DOSAGEM:25MG/ML, USO:SOLUÇÃO INJETÁVEL","AMPOLA 3,00 ML",06628333000146,N,1108500160039,2021-07,PR,PREGÃO,03: >1.000–10.000,6,6,3,0.718,0.74,0.7495,0.8422,0.94,1.309192200557103,0.7847557251908397,2500.0,7200.0,20560.6
267194,"DIAZEPAM, DOSAGEM:5 MG/ML, APRESENTAÇÃO:SOLUÇÃO INJETÁVEL","AMPOLA 2,00 ML",04099395000182,N,1018600370011,2021-06,PR,PREGÃO,02: >100–1.000,5,5,2,0.7,0.7,0.73,0.89,0.9,1.2857142857142858,0.74578231292517,240.0,1000.0,2192.6
268129,"LEVOMEPROMAZINA, DOSAGEM:100 MG",COMPRIMIDO,44734671000151,N,1029800280151,2021-03,PR,PREGÃO,04: >10.000–100.000,5,4,3,0.7,0.748,0.7599,0.8095,0.899,1.2842857142857145,0.7689621212121212,20000.0,75000.0,131953.9
268255,"EPINEFRINA, DOSAGEM:1MG/ML, USO:SOLUÇÃO INJETÁVEL","AMPOLA 1,00 ML",19570720000110,S,1134300010016,2020-08,PR,PREGÃO,03: >1.000–10.000,5,5,5,1.8,1.81,1.81,2.09,2.21,1.2277777777777776,1.9787417218543046,1200.0,5000.0,29879.0
268069,"CLORPROMAZINA, DOSAGEM:5 MG/ML, APRESENTAÇÃO:SOLUÇÃO INJETÁVEL","AMPOLA 5,00 ML",17174657000178,S,1038700640031,2020-08,PR,PREGÃO,02: >100–1.000,5,5,4,1.05,1.06,1.13,1.25,1.283,1.2219047619047618,1.16,200.0,1000.0,3364.0
292196,"HALOPERIDOL, CONCENTRAÇÃO:5 MG/ML, TIPO USO:SOLUÇÃO INJETÁVEL","AMPOLA 1,00 ML",60665981000118,N,1049701910095,2020-03,PR,PREGÃO,02: >100–1.000,5,5,2,0.959,1.05,1.09,1.15,1.17,1.2200208550573515,1.0817619047619047,200.0,800.0,2271.7
268130,"LEVOMEPROMAZINA, DOSAGEM:40 MG/ML, APRESENTAÇÃO:SOLUÇÃO ORAL","FRASCO 20,00 ML",44734671000151,N,1029800280133,2021-03,PR,PREGÃO,02: >100–1.000,6,6,4,9.1,9.2861,9.4259,9.4435,11.0,1.208791208791209,9.690474716981132,110.0,1000.0,25679.758
268255,"EPINEFRINA, DOSAGEM:1MG/ML, USO:SOLUÇÃO INJETÁVEL","AMPOLA 1,00 ML",19570720000110,S,1134300010016,2021-03,PR,PREGÃO,02: >100–1.000,5,5,4,1.77,1.83,1.93,2.0,2.06,1.1638418079096045,1.890952380952381,200.0,1000.0,3971.0
267769,"PROMETAZINA CLORIDRATO, DOSAGEM:25 MG/ML, APRESENTAÇÃO:SOLUÇÃO INJETÁVEL","AMPOLA 2,00 ML",61068755000112,N,1071402130061,2020-05,PR,PREGÃO,02: >100–1.000,5,5,5,1.74,1.75,1.796,1.82,2.0,1.1494252873563218,1.827737704918033,200.0,1000.0,5574.6
269843,"LIDOCAÍNA CLORIDRATO, DOSAGEM:2%, APRESENTAÇÃO:INJETÁVEL","FRASCO 20,00 ML",17174657000178,S,1038700410018,2020-11,PR,PREGÃO,02: >100–1.000,6,6,5,2.82,2.8597,2.8945,2.9375,3.2,1.1347517730496455,2.891636363636364,150.0,1000.0,7952.0
267107,"FENITOÍNA SÓDICA, DOSAGEM:50 MG/ML, APRESENTAÇÃO:SOLUÇÃO INJETÁVEL","AMPOLA 5,00 ML",19570720000110,S,1134301710021,2022-02,PR,PREGÃO,02: >100–1.000,5,5,3,2.707,2.8,2.81,2.9221,2.9854,1.102844477281123,2.881704347826087,200.0,1000.0,6627.92
269958,"BROMOPRIDA, DOSAGEM:5 MG/ML, APRESENTAÇÃO:INJETÁVEL","AMPOLA 2,00 ML",01564260000152,S,1458700050021,2021-03,PR,PREGÃO,03: >1.000–10.000,5,5,4,1.06,1.0799,1.09,1.15,1.16,1.0943396226415094,1.089969696969697,1500.0,6000.0,17984.5
397598,"METFORMINA CLORIDRATO, COMPOSIÇÃO:ASSOCIADA À VILDAGLIPTINA, CONCENTRAÇÃO:850 MG + 50 MG",COMPRIMIDO,56994502000130,N,1006810590160,2022-03,SP,PREGÃO,03: >1.000–10.000,5,4,2,2.11,2.11,2.11,2.11,2.1103,1.0001421800947867,2.1100873180873183,1344.0,4050.0,24358.848
440269,"PEMBROLIZUMABE, CONCENTRAÇÃO:25 MG/ML, FORMA FARMACÊUTICA:SOLUÇÃO INJETÁVEL",FRASCO-AMPOLA,03560974000118,N,1017102090017,2025-02,MS,DISPENSA DE LICITAÇÃO,01: 1–100,7,1,2,15799.14,15799.14,15799.14,15799.14,15799.14,1.0,15799.14,12.0,96.0,4360562.64

