instituicao_id,instituicao,registros,valor_total,quantidade_total,instituicoes,fornecedores,preco_ponderado
46374500026231,SECRETARIA DE ESTADO DA SAUDE,5262,38948866782.1181,16438970588.0,1,276,2.369300837520186
76416866000140,SECRETARIA DE ESTADO DA SAUDE,1851,25270931375.9874,777445881.0,1,172,32.50506819006145
95422986000102,MUNICIPIO DE FAZENDA RIO GRANDE,1195,13466421078.4356,51964898.0,1,153,259.1445686747158
07954571000104,SECRETARIA DA SAUDE DO ESTADO DO CEARA,207,5347707049.44,726450658.0,1,85,7.361418137004426
42498717000155,SECRETARIA DE ESTADO DE SAUDE - SES,1074,5078575224.3246,223928381.0,1,156,22.679462074638053
13693153000103,CONSORCIO PUBLICO DA ASSOCIACAO DOS MUNICIPIOS DA REGIAO METROPOLITANA DE PORTO ALEGRE - CP GRANPAL,490,3090880354.8249,762100307.0,1,65,4.055739548238891
12075748000132,CONSORCIO INTERFEDERATIVO SANTA CATARINA - CINCATARINA,6220,1751941490.1709,5103296081.0,1,109,0.34329607029729775
18538208000124,CONSORCIO INTERMUNICIPAL DO SUL DO ESTADO DE ALAGOAS - CONISUL,2682,1702674891.511,2839653347.0,1,155,0.5996066010345311
08597121000174,FUNDO ESTADUAL DE SAUDE DO PARANA - FUNSAUDE,1705,1699810925.254,430130656.0,1,155,3.951847889804906
05816630000152,FUNDO ESTADUAL DE SAUDE DO ESTADO DA BAHIA,1253,1507715486.65,408836243.0,1,136,3.687822477739578
46523015000135,MUNICIPIO DE BARUERI,1105,1121400309.396,424667950.0,1,110,2.6406520892287726
27080605000196,SECRETARIA DE ESTADO DA SAUDE,1748,1015112022.6397,2596256255.0,1,141,0.39099068926064084
87958625000149,SECRETARIA DA SAUDE,623,1009418163.18,7962810379.0,1,70,0.12676657048648277
03273207000128,CONSORCIO INTERGESTORES PARANA SAUDE,528,889561834.65,5774670340.0,1,78,0.15404547485389442
07662324000134,CONSORCIO INTERMUNICIPAL DO VALE DO RIO CAI (CIS-CAI),580,836923341.8859,131111045.0,1,37,6.383316843259849
02529964000157,SECRETARIA DE ESTADO DA SAUDE,419,793448667.31,133116741.0,1,43,5.960547571623617
80905706000131,FUNDO MUNICIPAL DE SAUDE,2654,784696588.0563,398724278.0,1,245,1.9680180800435234
08778268000160,SECRETARIA DE ESTADO DA SAUDE - SES,717,716205628.683,5913076.0,1,93,121.12234456025932
46634291000170,MUNICIPIO DE ITAPETININGA,1709,646364940.3904,385084116.0,1,153,1.6785032504181503
10572048000128,SECRETARIA DE SAUDE,520,475090230.5099,211646560.0,1,101,2.24473400611803
03517102000177,FUNDO ESPECIAL DE SAUDE,303,474780817.5068,9168871.0,1,58,51.78181888553127
25053117000164,SECRETARIA DA SAUDE,2474,471266859.61,77217965.0,1,196,6.1030727708247685
18960233000100,CONSORCIO INTERMUNICIPAL DO OESTE PAULISTA,2097,366877767.81,565340321.0,1,83,0.6489502945076511
04712762000171,CONSORCIO INTERMUNICIPAL DE DESENVOLVIMENTO SUSTENTAVEL DA REGIAO DOS CAMPOS DE CIMA DA SERRA - CONDESUS,1383,351044474.4752,144997369.0,1,66,2.421040305049949
28715986000103,CONSORCIO INTERMUNICIPAL DO VALE DO SAO FRANCISCO - CONIVALES,2591,338614775.4335,553024610.0,1,218,0.6122960340472009
11718406000120,FUNDO MUNICIPAL DE SAUDE,5417,303459487.788,705159777.0,1,562,0.43034145974551236
46522959000198,MUNICIPIO DE MAUA,727,255988578.7714,204117041.0,1,118,1.2541264439131272
92963560000160,MUNICIPIO DE PORTO ALEGRE,1010,203400710.9408,1040805180.0,1,130,0.19542630537330724
00733062000102,FUNDO ESTADUAL DE SAUDE,828,198339839.47,34373772.0,1,136,5.770092367808805
45317955000105,MUNICIPIO DE ITIRAPUA,505,184356297.095,249061793.0,1,51,0.7402030430857776
46374500000194,SECRETARIA DE ESTADO DA SAUDE,147,158339176.7767,546022742.0,1,51,0.28998641374666406
11112312000103,FUNDO MUNICIPAL DE SAUDE DE IVINHEMA,1410,148313661.82,6092418.0,1,80,24.343973414168232
14051123000166,FUNDO MUNICIPAL DE SAUDE,1275,146669561.785,48356110.0,1,82,3.0331133291118744
02231696000192,CONSORCIO INTERMUNICIPAL DO NOROESTE DO ESTADO DO RIO GRANDE DO SUL-CISA,1589,117165951.0779,473052460.0,1,70,0.24768067177559971
07242772000189,CONSORCIO INTERMUNICIPAL DE SERVICOS DO VALE DO TAQUARI,1465,107370892.363,376091225.0,1,68,0.28549161805888984
09051532000122,FUNDO MUNICIPAL DE SAUDE DE CASCAVEL,1714,103643603.7795,309020421.0,1,180,0.3353940281490329
51501484000193,CONSORCIO INTERMUNICIPAL DO VALE DO PARANAPANEMA,824,94749717.629,243977253.0,1,46,0.3883547194008287
88830609000139,MUNICIPIO DE CAXIAS DO SUL,1683,93489279.178,196826997.0,1,174,0.47498199232293326
29138278000705,NOVA IGUACU PREFEITURA,538,81660684.78,62002345.0,1,42,1.3170580044996685
04279238000159,MUNICIPIO DE JARU,3247,80768059.57,34910451.0,1,192,2.313578233921985
21467008000132,FUNDO MUNICIPAL DE SAUDE,960,80541699.48,25827346.0,1,100,3.118465965492544
46634200000105,MUNICIPIO DE ITAI,2442,79668462.3328,88573828.0,1,89,0.8994582726265371
14814139000183,FUNDACAO ESTATAL DE ATENCAO ESPECIALIZADA EM SAUDE DE CURITIBA (FEAES - CURITIBA),1119,78922049.7236,19670550.0,1,113,4.012193340989449
06205888000185,CONSORCIO INTERMUNICIPAL DO VALE DO JACUI,721,76625453.864,1865533580.0,1,27,0.04107428281403543
18431312001359,MUNICIPIO DE UBERLANDIA,441,74220591.4799,250120252.0,1,113,0.29673963178279544
46137410000180,MUNICIPIO DE BAURU,1072,71403369.2274,321036753.0,1,111,0.22241493710659355
10572048000209,SECRETARIA DE SAUDE,454,71280828.2923,13501422.0,1,54,5.2795052470991575
46523049000120,MUNICIPIO DE COTIA,974,69959314.193,82628063.0,1,12,0.846677407807563
03269695000108,CONSORCIO INTERMUNIC DE SAUDE DO MEDIO VALE DO ITAJAI,948,68703516.86,485793153.0,1,67,0.14142545327311354
13792329000184,FUNDO MUNICIPAL DA SAUDE,671,65936871.369,458692702.0,1,78,0.14374955407291395
11855524000180,FUNDO MUNICIPAL DE SAUDE DE ITAGUAI - FMSI,1794,62494172.768,82846469.0,1,145,0.7543371917033663
45279635000108,MUNICIPIO DE ATIBAIA,1011,60075757.1,167174128.0,1,112,0.3593603736338915
18478187000107,FUNDO MUNICIPAL DE SAUDE DE MARABA,1974,58373351.505,73355387.0,1,131,0.7957609371619838
11266975000182,FUNDO MUNICIPAL DE SAUDE,456,56798701.36,658968102.0,1,57,0.08619340023836237
08935681000191,FUNDO MUNICIPAL DE SAUDE DE FLORIANOPOLIS,464,50889279.7638,265070583.0,1,35,0.1919838828882796
11471451000123,FUNDO MUNICIPAL DE SAUDE,671,48800023.164,68596739.0,1,9,0.7114044176939665
13650403000128,MUNICIPIO DE TEIXEIRA DE FREITAS,752,46706324.806,51697244.0,1,90,0.9034586989975714
48468284000171,MUNICIPIO DE GUARARAPES,914,46163373.8125,2271219.0,1,47,20.325373208175876
76105543000135,MUNICIPIO DE SAO JOSE DOS PINHAIS,800,45622212.35,156363641.0,1,98,0.29176995405217
02049227000157,CIMCERO - CONSORCIO INTERMUNICIPAL DA REGIAO CENTRO LESTE DO ESTADO DE RONDONIA,120,44907170.24,41839538.0,1,2,1.073318979765025
04228734000183,FUNDACAO SERVICOS DE SAUDE DE MATO GROSSO DO SUL-SAUDE-MS,680,43963771.13,3924844.0,1,109,11.201405999830822
14587933000131,FUNDO MUNICIPAL DE SAUDE DE VIANA,280,43783005.5,303163750.0,1,52,0.14442031905199748
46482857000196,MUNICIPIO DE UBATUBA,1759,43052142.46,87239640.0,1,159,0.49349289451446615
11155765000117,FUNDO MUNICIPAL DE SAUDE,864,42748689.22,90406719.0,1,152,0.4728485857339873
22004126000177,FUNDO MUNICIPAL DE SAUDE,239,42306205.35,31341066.0,1,27,1.349864913656734
15344304000143,CONSORCIO INTERMUNICIPAL DA REGIAO NORDESTE,638,40588987.0972,106544225.0,1,44,0.3809590533621132
32370759000152,FUNDACAO MUNICIPAL DE SAUDE DE PONTA GROSSA,1009,39409189.806,118509987.0,1,121,0.33253897670244453
76309806000128,MUNICIPIO DE CIANORTE,2003,38535309.322,183278534.0,1,132,0.2102554428005191
46634507000106,MUNICIPIO DE SALTO,1543,37515552.4544,51913802.0,1,105,0.7226508367543568
19122075000173,FUNDO MUNICIPAL DE SAUDE DE JI-PARANA,957,37236014.38,20932524.0,1,111,1.7788592708648037
80257355000108,UNIVERSIDADE ESTADUAL DE PONTA GROSSA,1387,36650084.4472,9167105.0,1,176,3.997999853519732
11248285000109,FUNDO MUNICIPAL DE SAUDE,1264,35926392.12,70871821.0,1,110,0.5069206860086183
51816247000111,MUNICIPIO DE MONTE ALTO,2321,35124128.0638,65563154.0,1,99,0.5357296884130986
03330461000110,MUNICIPIO DE CORUMBA,400,34645777.1,81546700.0,1,23,0.4248581132038452
13034603000156,FUNDO MUNICIPAL DE SAUDE DE TRES LAGOAS-MS,1085,33767305.7522,104293144.0,1,64,0.3237730157238332
11430018000140,FUNDO ESTADUAL DE SAUDE DE PERNAMBUCO,22,33093307.098,1608661.0,1,15,20.57195835418401
05943030000155,MUNICIPIO DE BOA VISTA,240,32785142.39,57149733.0,1,42,0.5736709634321476
88566872000162,MUNICIPIO DO RIO GRANDE,614,31615540.103,90300059.0,1,94,0.3501164944200092
14792165000158,FUNDO MUNICIPAL DE SAUDE DE VITORIA,335,31444963.35,145414540.0,1,82,0.21624359812987065
03887256000150,CONSORCIO INTERMUNICIPAL DE SAUDE DA REGIAO DO CONTESTADO,681,30859170.621,111885770.0,1,29,0.27580961029271195
14814026000188,FUNDO MUNICIPAL DE SAUDE DE SERRA,378,30698319.5855,143942590.0,1,63,0.21326780062454065
46522983000127,MUNICIPIO DE SANTANA DE PARNAIBA,466,30670950.016,70571984.0,1,67,0.4346051829292485
11308894000106,FUNDO MUNICIPAL DE SAUDE,433,30542978.3013,14059012.0,1,122,2.1724839769181505
18663401000197,MUNICIPIO DE GUAXUPE,1602,30332679.1687,81564596.0,1,84,0.37188536026954633
11364895000160,FUNDO MUNICIPAL DE SAUDE DE VARZEA GRANDE,258,29937970.1632,38678752.0,1,39,0.7740159290351457
12157728000100,FUNDO MUNICIPAL DE SAUDE DE VILA VELHA,459,29819038.9565,168927514.0,1,118,0.17651972879030234
10435993000188,FUNDO MUNICIPAL DE SAUDE DE SAO JOAO DE MERITI,250,28703111.29,14716362.0,1,18,1.9504216660340374
46435921000188,MUNICIPIO DE DIVINOLANDIA,554,27911338.8,5145060.0,1,57,5.424881109258201
02973240000106,ESTADO DO MARANHAO - SECRETARIA DE ESTADO DA SAUDE,36,27798302.74,1377174.0,1,16,20.18503307497818
00204125000133,SECRETARIA MUNICIPAL DE SAUDE,249,27448618.31,73464725.0,1,74,0.3736299061896713
12625868000166,FUNDO MUNICIPAL DE SAUDE,677,27324733.61,94427585.0,1,48,0.2893723651833307
04092714000128,MUNICIPIO DE CACOAL,1139,26847410.5801,28839033.0,1,100,0.9309400415783705
46189718000179,MUNICIPIO DE PEDERNEIRAS,2028,26689029.6032,96012782.0,1,227,0.27797371399153914
88000906000157,MUNICIPIO DE ALVORADA,584,26362934.64,159442790.0,1,87,0.16534416288124412
03518900000113,INSTITUTO CURITIBA DE SAUDE,167,25682957.9661,206630.0,1,32,124.29442949281324
58200015000183,MUNICIPIO DE SANTOS,427,25613517.268,85216298.0,1,126,0.3005706404659822
07851282000180,FUNDO MUNICIPAL DE SAUDE,1449,24579397.1681,19136946.0,1,100,1.284394969192054
19110162000100,FUNDACAO HOSPITALAR DO MUNICIPIO DE VARGINHA FHOMUV,736,24338426.21,4716453.0,1,77,5.160324127050561
09555110000194,FUNDO MUNICIPAL DE SAUDE,1409,23778094.4568,33248534.0,1,39,0.715162192017248
46410866000171,MUNICIPIO DE JAGUARIUNA,966,23508811.35,45777841.0,1,96,0.5135412862742915
13660767000199,FUNDACAO MUNICIPAL DE SAUDE DE TUBARAO,1146,21994310.2117,107020887.0,1,84,0.20551418352288559
07926117000140,CONSORCIO INTERMUNICIPAL - CI - CENTRO SUL,323,21757712.6278,60982060.0,1,39,0.3567887445553659
02493318000187,CONSORCIO INTERMUNICIPAL DO MEDIO ALTO URUGUAI,1887,21710256.1351,70063333.0,1,58,0.3098661625917796
11664446000137,FUNDO MUNICIPAL DE SAUDE,1193,21610262.31,21151558.0,1,26,1.0216865495203709
11422073000198,FUNDO MUNICIPAL DE SAUDE DE JUAZEIRO DO NORTE,1361,20544344.85,7170902.0,1,15,2.8649596452440713
04384829000196,FUNDO ESTADUAL DE SAUDE,63,20030107.9,3581630.0,1,23,5.592455920907519
18308734000106,MUNICIPIO DE SAO SEBASTIAO DO OESTE,1162,19590543.0,7903600.0,1,53,2.478686041803735
34671016000148,MUNICIPIO DE PAU D`ARCO,174,19572486.75,1275923.0,1,3,15.339865140764765
13659627000109,FUNDO MUNICIPAL DE SAUDE DE SAO GABRIEL DO OESTE,1279,19459445.3525,53383023.0,1,71,0.3645249792710315
11216262000104,FUNDO MUNICIPAL DE SAUDE,1116,18953410.079,30366041.0,1,91,0.6241646739197909
46374500003614,SECRETARIA DE ESTADO DA SAUDE,482,18641929.3018,328632.0,1,75,56.72584928369727
55356653000108,MUNICIPIO DE PRESIDENTE PRUDENTE,637,18520578.68,124985136.0,1,46,0.14818225008772243
19876424000142,MUNICIPIO DE IPATINGA,394,18395871.686,54979990.0,1,29,0.33459212498947344
78956513000168,AUTARQUIA MUNICIPAL DE SAUDE DE APUCARANA A M S,1210,17964172.545,92686712.0,1,117,0.19381605148535208
11892520000172,FUNDO MUNICIPAL DE SAUDE DE BASTOS,1021,17813252.7764,35652939.0,1,144,0.499629294976215
47842836000105,MUNICIPIO DE FERNANDOPOLIS,809,17424297.3658,48075528.0,1,114,0.3624359022286765
46694139000183,MUNICIPIO DE JACAREI,219,17254333.925,83316508.0,1,52,0.20709382017066774
44518371000135,MUNICIPIO DE GARCA,1049,17050477.176,25974416.0,1,97,0.6564335142703497
88254875000160,MUNICIPIO DE NOVO HAMBURGO,307,16399755.617,82086570.0,1,60,0.19978609919990567
50387844000105,MUNICIPIO DE JABOTICABAL,1386,15552497.736,19760941.0,1,46,0.7870322438592372
45358249000101,MUNICIPIO DE SAO CARLOS,259,15314908.52,41749627.0,1,57,0.3668274334522797
08968508000190,FUNDO MUNICIPAL DE SAUDE DE PIMENTA BUENO,1810,15245464.3285,9291368.0,1,124,1.640820203063747
09253109000105,FUNDO MUNICIPAL DE SAUDE,1173,14884445.8397,63768941.0,1,136,0.2334121534133678
16781346000104,MUNICIPIO DE PIUMHI,1891,14803438.316,14443416.0,1,61,1.0249263966363635
76105618000188,MUNICIPIO DE CAMPO LARGO,155,14765755.171,9276525.0,1,25,1.591733453098008
11372925000180,FUNDO MUNICIPAL DE SAUDE,752,14299028.6544,13120341.0,1,11,1.0898366631172163
77816510000166,MUNICIPIO DE FRANCISCO BELTRAO,983,14101802.455,28799555.0,1,94,0.4896534844027972
18428839000190,MUNICIPIO DE UBERABA,320,13644002.82,32004890.0,1,94,0.4263099426368908
45339363000194,MUNICIPIO DE PORTO FERREIRA,785,13300934.94,17622898.0,1,98,0.7547529889805865
17453467000190,FUNDO MUNICIPAL DE SAUDE DE CONCEICAO DO ARAGUAIA,300,12919418.67,137658241.0,1,15,0.09385140022238117
46362927000172,MUNICIPIO DE BROTAS,2041,12912836.8292,25367964.0,1,131,0.5090214109890726
02236721000120,CONSORCIO PUBLICO DA REGIAO NOROESTE - CIM NOROESTE,268,12839587.6,25919150.0,1,18,0.4953707046720282
12465477000121,FUNDO MUNICIPAL DE SAUDE,501,12730792.7,28472012.0,1,6,0.4471335815677515
08247860000136,FUNDO MUNICIPAL DE SAUDE,1054,12600023.379,35774694.0,1,45,0.352204923933102
07146301000177,MUNICIPIO DE CHAVAL,941,12384501.0177,2658804.0,1,9,4.657921763958532
09256935000108,FUNDO MUNICIPAL DE SAUDE,1101,12342718.192,28837420.0,1,134,0.428010487484664
10414835000141,FMS - FUNDO MUNICIPAL DE SAUDE DE LINHARES,351,12271414.98,56360170.0,1,42,0.21773204339163635
19275776000142,FUNDO MUNICIPAL DE SAUDE,761,12247652.84,4668516.0,1,75,2.6234573984538128
87612537000190,MUNICIPIO DE PASSO FUNDO,353,11381042.23,69547371.0,1,52,0.1636444637138045
90256652000184,MUNICIPIO DE IMBE,561,11366354.23,36114401.0,1,60,0.31473190514775534
88000914000101,MUNICIPIO DE VIAMAO,176,11277181.225,54208675.0,1,42,0.20803277750286278
92324706000127,MUNICIPIO DE ELDORADO DO SUL,877,11270271.8652,42045379.0,1,70,0.2680501908473699
87990800000185,MUNICIPIO DE CACHOEIRINHA,773,11059557.149,50563758.0,1,88,0.21872498379175062
76020452000105,MUNICIPIO DA LAPA,1192,10963942.0936,24558063.0,1,151,0.446449790995324
76331941000170,MUNICIPIO DE CORNELIO PROCOPIO,639,10908171.64,29545980.0,1,87,0.369193089550592
12219015000124,FUNDO MUNICIPAL DE SAUDE DE ITABAIANA SERGIPE,448,10800849.44,55817240.0,1,30,0.19350382498310556
04034583000637,MUNICIPIO DE RIO BRANCO,177,10760934.0,50290400.0,1,13,0.21397590792676138
43976166000150,MUNICIPIO DE AMERICO BRASILIENSE,1116,10661266.3615,18640567.0,1,59,0.5719389523666314
95725438000143,FUNDO MUNICIPAL DE SAUDE DE GUAIRA,1221,10518078.344,32975700.0,1,78,0.3189645206621846
09468040000137,FUNDO MUNICIPAL DE SAUDE DE PIRAQUARA,776,10439149.123,38334395.0,1,159,0.2723180872686265
12292556000188,FUNDO MUNICIPAL DE SAUDE DE CABO FRIO,185,10171693.08,7286060.0,1,16,1.3960484926009393
35561471000153,MUNICIPIO DE PARIPUEIRA,661,9991719.78,24234671.0,1,17,0.4122903001241486
52359692000162,MUNICIPIO DE BOM JESUS DOS PERDOES,631,9694765.8177,10807355.0,1,87,0.8970525922115079
46523031000128,MUNICIPIO DE ITAPEVI,147,9603097.75,23317407.0,1,13,0.4118424381407418
11441605000134,FUNDO MUNICIPAL DE SAUDE DE OURILANDIA DO NORTE,496,9418511.7,5746336.0,1,5,1.6390464636944306
09262602000191,FUNDO MUNICIPAL DE SAUDE DO MUNICIPIO DE SARANDI,520,9272703.394,5838100.0,1,48,1.5883084212329353
11899610000195,FUNDO MUNICIPAL DE SAUDE DE URUARA,327,8979265.22,10134541.0,1,8,0.8860061072326808
18313817000185,MUNICIPIO DE PARA DE MINAS,288,8889571.573,19788572.0,1,33,0.44922754269484433
46482832000192,MUNICIPIO DE SAO SEBASTIAO,128,8849995.93,52772101.0,1,14,0.16770217145608812
46231890000143,MUNICIPIO DE SANTA CRUZ DO RIO PARDO,919,8848279.158,24640220.0,1,57,0.35909903231383483
91995365000159,MUNICIPIO DE NOVA HARTZ,705,8766713.9402,26077052.0,1,42,0.33618500819034297
11770182000104,FUNDO MUNICIPAL DE SAUDE DE GUARAPARI,756,8562533.7814,34572279.0,1,107,0.2476705044929205
11209770000165,FUNDO MUNICIPAL DE SAUDE,201,8547020.388,90026.0,1,8,94.93946624308533
23109604000176,FUNDO MUNICIPAL DE SAUDE DE ESPIGAO DO OESTE (FMS),596,8540898.82,5071558.0,1,49,1.684077914518576
11795661000177,FUNDO MUNICIPAL DE SAUDE,390,8369824.34,25371894.0,1,26,0.3298856734936698
44229813000123,MUNICIPIO DE SERRANA,587,8271138.736,15904154.0,1,57,0.5200615346154218
46523122000163,MUNICIPIO DE TABOAO DA SERRA,210,8260429.75,48069490.0,1,24,0.17184350718095823
04380507000179,MUNICIPIO DE OURO PRETO DO OESTE,548,8244951.75,10218719.0,1,43,0.8068478788779689
44959021000104,MUNICIPIO DE GUARUJA,91,8238771.2,46865846.0,1,21,0.17579478240934773
45741527000105,MUNICIPIO DE SAO SEBASTIAO DA GRAMA,689,8227274.26,10095300.0,1,40,0.8149608491080007
01596018000160,MUNICIPIO DE TAMANDARE,655,8220072.58,20144703.0,1,22,0.40805131651729987
46374500003533,SECRETARIA DE ESTADO DA SAUDE,52,8190003.6602,80291.0,1,24,102.00400618002017
11168783000133,FUNDO MUNICIPAL DE SAUDE DO CABO DE SANTO AGOSTINHO,178,8023939.0,17809400.0,1,24,0.4505451615439038
07582909000144,FUNDO MUNICIPAL DE SAUDE,560,7979973.81,7156156.0,1,157,1.1151201580848713
36975571000199,FUNDO MUNICIPAL DE SAUDE,380,7918139.19,15052334.0,1,40,0.526040625327607
14007211000160,FUNDO MUNICIPAL DE SAUDE DE JARAGUA DO SUL,277,7877309.136,44314278.0,1,22,0.1777600694746736
45355575000165,MUNICIPIO DE IBATE,893,7838023.7506,8336348.0,1,62,0.9402227151025845
07598642000183,MUNICIPIO DE SENADOR SA,1292,7835990.5096,1671402.0,1,16,4.688273981723128
11289929000107,FUNDO MUNICIPAL DE SAUDE,1512,7726812.9,16167363.0,1,32,0.47792660435718554
06016618000126,FUNDO MUNICIPAL DE SAUDE DE MIRANTE DA SERRA,2492,7671347.83,11340682.0,1,100,0.6764450171515258
88150495000186,MUNICIPIO DE ESTEIO,1504,7638747.5897,35243387.0,1,188,0.21674272083157048
11639262000117,FUNDO MUNICIPAL DE SAUDE DE CAPELA,769,7465499.16,21052867.0,1,40,0.3546072447044861
22992304000115,FUNDO MUNICIPAL DE SAUDE DE NOVA MAMORE,901,7461214.146,11987243.0,1,72,0.6224295399701165
11264342000135,FUNDO MUNICIPAL DE SAUDE DE ITAPUA DO OESTE - RO,738,7391424.5,6893520.0,1,51,1.0722279038865485
88814181000130,MUNICIPIO DE OSORIO,148,7299040.9,10653650.0,1,22,0.6851211462738123
46371654000122,MUNICIPIO DE SANTA CRUZ DAS PALMEIRAS,1060,7204609.8543,8814756.0,1,93,0.817335142833222
30372673000133,AUTARQUIA MUNICIPAL DE SAUDE DE PAICANDU,635,7129947.9,2213105.0,1,23,3.221694361541816
76105576000185,MUNICIPIO DE RIO BRANCO DO SUL,242,7089296.737,796393.0,1,74,8.901756716847084
11957240000103,FUNDO MUNICIPAL DE SAUDE DE MONTE NEGRO,1237,7046549.64,7636270.0,1,71,0.9227737678212006
11361904000169,MUNICIPIO DE TIMBAUBA,275,7045915.62,26621767.0,1,16,0.2646674662880191
10373665000102,FUNDO MUNICIPAL DE SAUDE DE ARAUCARIA,139,6864734.0,30379022.0,1,20,0.22596955227854273
88488366000100,MUNICIPIO DE SANTA MARIA,180,6850362.1,30182750.0,1,45,0.22696282147915614
76288760000108,MUNICIPIO DE ROLANDIA,426,6842673.0132,14526819.0,1,67,0.47103725965058146
11462050000107,FUNDO MUNICIPAL DE SAUDE DE SALGADO DE SAO FELIX,382,6783486.2,32675547.0,1,8,0.20760130503706642
11328684000171,FUNDO MUNICIPAL DE SAUDE,687,6753163.97,6063217.0,1,46,1.113792227789307
09485333000122,FUNDO MUNICIPAL DE SAUDE,755,6647606.93,8280875.0,1,86,0.8027662451129862
87849923000109,MUNICIPIO DE BENTO GONCALVES,125,6623913.14,10574678.0,1,34,0.6263938381859003
18158261000108,MUNICIPIO DE DOURADOQUARA,2022,6566050.0537,2899023.0,1,109,2.264918234074031
76208487000164,MUNICIPIO DE PALOTINA,901,6559445.8746,17995492.0,1,74,0.36450494793918387
09201882000128,FUNDO MUNICIPAL DE SAUDE,795,6559072.883,16890489.0,1,63,0.3883293658934327
05131180000164,MUNICIPIO DE OBIDOS,175,6557310.0,5435200.0,1,7,1.2064523844568737
14830853000165,FUNDO MUNICIPAL DE SAUDE DE CASTELO - ES,664,6447405.0324,22907243.0,1,47,0.2814570497375001
05301040000197,FUNSAUDE -FUNDACAO DE SAUDE PUBLICA DO MUNICIPIO DE SAO GABRIEL DO OESTE,997,6377031.9272,1591896.0,1,42,4.005935015352762
09157931000172,FUNDO MUNICIPAL DE SAUDE,1272,6350036.14,16455544.0,1,126,0.3858903807737988
14004655000142,FUNDO MUNICIPAL DE SAUDE DE CHAPADAO DO SUL-MS,674,6348705.05,13496952.0,1,67,0.47038064964593485
11490142000109,FUNDO MUNICIPAL DE SAUDE,1243,6265872.48,23930228.0,1,19,0.2618392302823024
63762009000230,MUNICIPIO DE NOVO HORIZONTE DO OESTE,1293,6258870.722,4040276.0,1,58,1.549119595294975
18241380000111,MUNICIPIO DE ITAMOGI,1149,6133936.2527,7328027.0,1,35,0.8370515355224537
09090689000167,MUNICIPIO DE SANTA LUZIA,1483,6093897.62,11081432.0,1,45,0.5499196872750742
11356210000133,FUNDO MUNICIPAL DE SAUDE,494,6072190.1,12124511.0,1,26,0.5008193814991796
08889455000111,FUNDO MUNICIPAL DE SAUDE DE DOIS VIZINHOS,1102,6043696.328,28260100.0,1,87,0.21385969363165735
76206457000119,MUNICIPIO DE SANTA HELENA,902,6025648.6785,13907705.0,1,62,0.43325974188408517
87890992000158,MUNICIPIO DE GRAVATAI,120,5975788.91,18387660.0,1,33,0.3249890910534565
11297536000137,FUNDO MUNICIPAL DE SAUDE,914,5952614.9764,24614532.0,1,58,0.2418333599192542
11546530000156,FUNDO MUNICIPAL DE SAUDE,872,5861907.44,11491317.0,1,49,0.5101162416805664
11171199000137,FUNDO MUNICIPAL DE SAUDE DO MUNICIPIO DE PILAR,885,5836313.47,11986973.0,1,13,0.4868880133458213
76021450000122,MUNICIPIO DE SAO MATEUS DO SUL,952,5826340.6164,29961904.0,1,80,0.19445828998050324
45732377000173,MUNICIPIO DE SANTA GERTRUDES,368,5807402.915,10879360.0,1,17,0.5338000502786928
24039073000155,FUNDACAO ESTATAL DE ATENCAO EM SAUDE DO ESTADO DO PARANA - FUNEAS-PARANA,9,5791759.8,3329380.0,1,5,1.739591095038716
53415717000160,MUNICIPIO DE OURINHOS,291,5774075.836,35363096.0,1,46,0.1632797036775287
76105634000170,MUNICIPIO DE COLOMBO,317,5761999.595,26678387.0,1,51,0.21598005887687288
12200283000102,MUNICIPIO DE MESSIAS,1015,5619960.38,5572025.0,1,34,1.0086028652060965
11073548000188,TORITAMA FUNDO MUNICIPAL DE SAUDE,520,5604018.28,10030210.0,1,39,0.5587139531475414
46373445000118,MUNICIPIO DE TAMBAU,996,5570383.1399,19210233.0,1,136,0.2899695771467217
00333678000196,CONSORCIO INTERMUNICIPAL DE SAUDE DO SUDOESTE - CONSUD,125,5499622.3365,10773293.0,1,19,0.5104866577470788
11348184000100,FUNDO MUNICIPAL DE SAUDE DE PALMEIRAIS - PI,523,5490024.08,7645009.0,1,2,0.7181187203311337
07331783000135,FUNDO MUNICIPAL DE SAUDE,842,5478835.674,7504914.0,1,34,0.7300331055092703
11393101000196,FUNDO MUNICIPAL DE SAUDE,789,5477381.74,16604900.0,1,30,0.32986538551873246
95684478000194,MUNICIPIO DE CANDOI,491,5471921.249,7077449.0,1,42,0.7731488067240047
84744853000128,FUNDO MUNICIPAL DE SAUDE DE CANDEIAS DO JAMARI,362,5464993.1,4347769.0,1,28,1.2569649169493595
12200333000143,MUNICIPIO DE SATUBA,666,5454639.81,11057765.0,1,2,0.4932859226073261
45276128000110,MUNICIPIO DE ARARAQUARA,78,5408251.88,11092540.0,1,45,0.4875575729273908
13099820000124,CUITE DE MAMANGUAPE FUNDO MUNICIPAL DE SAUDE,943,5264150.77,5724544.0,1,13,0.9195755626998412
44880060000111,MUNICIPIO DE DRACENA,341,5252696.7866,10409409.0,1,32,0.5046104717952767
11676238000158,FUNDO MUNICIPAL DE SAUDE,303,5249345.03,7202275.0,1,2,0.7288454037092447
49979255000137,MUNICIPIO DE ITAPOLIS,775,5225922.188,10093953.0,1,52,0.5177280088385591
00843130000196,MUNICIPIO DE OEIRAS - SECRETARIA DE SAUDE,741,5212843.04,10893827.0,1,2,0.47851347740330374
10291177000148,MUNICIPIO DE RIO FORMOSO,887,5145194.56,13830083.0,1,8,0.3720291888342246
25648387000118,UNIVERSIDADE FEDERAL DE UBERLANDIA,118,5130981.506,1483844.0,1,42,3.4578982062804444
76282680000145,MUNICIPIO DE MARIALVA,866,5123071.85,3286628.0,1,86,1.5587623089683407
08931506000126,FUNDO MUNICIPAL DE SAUDE DE UMUARAMA,794,5120188.647,10013638.0,1,67,0.5113215244050164
11513856000187,AUTARQUIA MUNICIPAL DE SAUDE DE CAMBIRA,1113,5076352.585,3914629.0,1,70,1.2967646704195979
76105600000186,MUNICIPIO DE CAMPINA GRANDE DO SUL,623,5063682.825,9299750.0,1,41,0.5444966612005699
46634523000190,MUNICIPIO DE SAO MANUEL,270,5058823.38,12186841.0,1,55,0.41510538949347087
01613167000190,MUNICIPIO DE TAMARANA,1494,5040434.5,11345238.0,1,81,0.4442775462268839
10425754000147,FUNDO MUNICIPAL DE SAUDE DE SANTA LUZIA,383,5022830.9,5463650.0,1,11,0.9193178369771124
88080379000138,MUNICIPIO DE HERVAL,195,5015920.0,6215000.0,1,30,0.8070667739340306
04695284000139,MUNICIPIO DE ESPIGAO D'OESTE,289,4937023.056,1827975.0,1,40,2.7008154137775406
04218960000183,MUNICIPIO DE ARROIO DO PADRE,10,4920883.585,1003360.0,1,3,4.90440478492266
23085655000105,FUNDO MUNICIPAL DE SAUDE DO MUNICIPIO DE NOVA BRASILNDIA D'OESTE - RO.,403,4897451.46,2593318.0,1,58,1.8884885926060746
75967760000171,MUNICIPIO DE UNIAO DA VITORIA,300,4887076.493,7966099.0,1,52,0.6134842779382983
46425229000179,MUNICIPIO DE AGUAI,748,4873955.3105,8202482.0,1,54,0.5942049382735616
13846658000160,FUNDO MUNICIPAL DE SAUDE,394,4785769.75,14321737.0,1,35,0.3341612647963023
11429173000146,FUNDO MUNICIPAL DE SAUDE DE RIO BANANAL,1336,4766108.6024,9454935.0,1,83,0.5040868712899665
45749819000194,MUNICIPIO DE SANTA RITA DO PASSA QUATRO,1348,4740620.3777,8786390.0,1,95,0.5395413107886174
88696810000175,MUNICIPIO DE CAMAQUA,423,4664598.308,20439600.0,1,37,0.22821377659053993
08518587000137,FUNDO MUNICIPAL DE SAUDE - MUNICIPIO DE PARANAVAI,519,4652144.5666,8571674.0,1,69,0.5427346591342601
75368928000122,MUNICIPIO DE MAMBORE,312,4646425.9924,8293688.0,1,64,0.5602364101953196
14578805000121,FUNDO MUNICIPAL DE SAUDE DE COLATINA,603,4574785.4282,11999589.0,1,77,0.3812451766639674
76205640000108,MUNICIPIO DE DOIS VIZINHOS,762,4505300.655,10017889.0,1,77,0.44972555146099147
75732057000184,MUNICIPIO DE CAMBE,424,4468004.381,10249994.0,1,71,0.43590312160182726
11685421000110,FUNDO MUNICIPAL DE SAUDE DE BAYEUX,385,4464980.3,13958402.0,1,7,0.3198776120647621
11401857000130,FUNDO MUNICIPAL DE SAUDE,336,4464469.3801,3682015.0,1,38,1.2125071136592327
04326257000199,FUNDACAO MUNICIPAL DE SAUDE DE BITURUNA,448,4401296.771,4932017.0,1,44,0.8923928630010804
14785598000186,FUNDO MUNICIPAL DE SAUDE DE NOVA VENECIA,178,4344322.8,23177900.0,1,27,0.18743383999413232
10540697000147,FUNDO MUNICIPAL DE SAUDE DE FORQUILHINHA,649,4316465.804,24945495.0,1,50,0.1730358849964693
76910900000138,MUNICIPIO DE JAGUARIAIVA,761,4298003.6495,3098759.0,1,62,1.3870080407995589
13917136000102,FUNDO MUNICIPAL DE SAUDE DE CARIACICA,59,4205497.45,16492650.0,1,23,0.25499222077713407
12835008000157,FUNDO MUNICIPAL DE SAUDE,498,4190123.52,8408610.0,1,24,0.4983134572777189
10588370000145,FUNDO MUNICIPAL DE SAUDE DE SAO PEDRO DO IVAI,427,4168356.082,4712437.0,1,48,0.8845436197873838
12306005000126,FUNDO MUNICIPAL DE SAUDE,766,4128433.0,4280559.0,1,18,0.9644611836911955
10785644000196,FUNDO MUNICIPAL DE SAUDE DE SAO JOSE DE CAIANA,767,4117360.16,2039604.0,1,16,2.018705670316395
11190128000181,FUNDO MUNICIPAL DE SAUDE,342,4114709.6036,4436884.0,1,6,0.9273872392426757
19047937000140,FUNDO MUNICIPAL DE SAUDE DE MACHADINHO D'OESTE,483,4106059.3,7357670.0,1,34,0.5580651619330576
01572597000101,MUNICIPIO DE TRABIJU,423,4093575.8348,2634434.0,1,18,1.5538729893404049
45270188000126,MUNICIPIO DE MATAO,403,4048797.4373,11553851.0,1,20,0.35042839286225863
29138278000101,MUNICIPIO DE NOVA IGUACU,36,4038281.44,9752936.0,1,10,0.4140580272443088
87843819000107,MUNICIPIO DE FLORES DA CUNHA,1605,4021519.9045,28521846.0,1,43,0.1409978829736336
11079071000148,FUNDO MUNICIPAL DE SAUDE DE BURITIS,736,3930348.0976,7876453.0,1,112,0.49899975250280804
09647690000140,FUNDO MUNICIPAL DE SAUDE,565,3880885.05,3426025.0,1,19,1.1327661210878495
97761407000173,MUNICIPIO DE TAQUARA,147,3863765.2,14495800.0,1,35,0.2665437712992729
44431245000149,MUNICIPIO DE PIACATU,1258,3853229.014,5100252.0,1,39,0.7554977703062515
44229805000187,MUNICIPIO DE CASSIA DOS COQUEIROS,938,3847242.79,6286281.0,1,23,0.6120061750341736
10566414000136,FUNDO MUNICIPAL DE SAUDE,546,3787457.7,11474994.0,1,22,0.3300618457839717
09588897000190,FUNDO MUNICIPAL DE SAUDE - MUNICIPIO DE NOVA TEBAS PARANA,1505,3758751.567,2535082.0,1,133,1.482694274583623
56901275000150,MUNICIPIO DE ARUJA,221,3732150.0,19754531.0,1,34,0.18892627721711033
01391942000100,FUNDO MUNICIPAL DE SAUDE DE PRAINHA,186,3727891.6,3880520.0,1,5,0.9606680547967799
76105519000104,MUNICIPIO DE CONTENDA,549,3654694.599,6019627.0,1,63,0.6071297439193492
11186410000195,FUNDO MUNICIPAL DE SAUDE DE BELTERRA,201,3645489.0,3789200.0,1,30,0.9620735247545656
10599648000180,FUNDO MUNICIPAL DE SAUDE DE JOAO ALFREDO,248,3642656.15,10833662.0,1,8,0.33623498222484693
04092680000171,MUNICIPIO DE PIMENTA BUENO,401,3634908.91,2493717.0,1,40,1.4576268718543444
08703778000179,FUNDO MUNICIPAL DE SAUDE DE FLORIDA,1945,3597464.5181,2294150.0,1,104,1.5681034448924438
76017458000115,MUNICIPIO DE PARANAGUA,206,3593598.7238,3258052.0,1,36,1.1029899841377608
11408007000163,FUNDO MUNICIPAL DE SAUDE DE GROAIRAS,640,3580428.03,836021.0,1,23,4.282701068513829
11607836000175,FUNDO MUNICIPAL DE SAUDE DE AMARAJI,432,3579565.0,6248419.0,1,33,0.572875314539566
11203936000136,FUNDO MUNICIPAL DE SAUDE,451,3566921.0555,3842628.0,1,8,0.9282504201551646
04311955000110,FUNDO MUNICIPAL DE SAUDE - MARICA,137,3549142.2594,7288539.0,1,21,0.4869483801074536
95423000000100,MUNICIPIO DE PINHAIS,267,3538326.1049,24635046.0,1,24,0.14362977462676546
11835031000189,FUNDO MUNICIPAL DE SAUDE,164,3503443.7,7159705.0,1,9,0.4893279401874798
10319517000100,FUNDO MUNICIPAL DE SAUDE DE PORTO DA FOLHA,503,3475678.76,4570578.0,1,7,0.7604462192746737
09280202000109,FUNDO MUNICIPAL DE SAUDE - MAUA DA SERRA,1240,3471681.6426,7397596.0,1,43,0.4692986265538156
02861127000120,MUNICIPIO DE BATALHA-SECRETARIA MUNICIPAL DE SAUDE E SANEAMENTO BASICO,164,3445089.0,4258700.0,1,3,0.8089532016812643
12262739000150,MUNICIPIO DE JOAQUIM GOMES,346,3419930.13,14943440.0,1,14,0.2288582903267253
75845511000103,MUNICIPIO DE LUPIONOPOLIS,1216,3406218.304,5308961.0,1,88,0.6415979141681395
11465675000122,FUNDO MUNICIPAL DE SAUDE DE SERINGUEIRAS,1312,3397092.99,1138442.0,1,80,2.9839842433782313
11278364000154,FUNDO MUNICIPAL DE SAUDE,948,3370176.12,9848338.0,1,31,0.34220760091702784
04632212000142,MUNICIPIO DE PRESIDENTE MEDICI,222,3365352.14,1606671.0,1,27,2.0946118651547208
11472134000121,FUNDO MUNICIPAL DE SAUDE DE FEIRA NOVA,746,3322512.84,11991028.0,1,17,0.2770832358993741
46227849000101,MUNICIPIO DE PONGAI,1104,3317318.34,11856648.0,1,52,0.2797855127351339
11594727000160,FUNDO MUNICIPAL DE SAUDE,1750,3252250.9234,14076278.0,1,26,0.23104480626199625
11294360000160,MUNICIPIO DE AMARAJI,2167,3193557.49,3965204.0,1,14,0.8053955080243035
11497605000156,FUNDO MUNICIPAL DE SAUDE,415,3162499.82,1680552.0,1,12,1.8818220560863335
46223707000168,MUNICIPIO DE FARTURA,808,3162086.5,8811868.0,1,44,0.35884406121380846
11334531000137,FUNDO MUNICIPAL DE SAUDE,247,3121174.09,8932182.0,1,7,0.3494301941003889
88577416000118,MUNICIPIO DE CANOAS,19,3077860.0,18663625.0,1,13,0.1649122290016007
13070749000157,FUNDO MUNICIPAL DE SAUDE DO MUNICIPIO DE MATARACA-PB,709,3059903.8,4504995.0,1,7,0.6792246828242873
76206465000165,MUNICIPIO DE MATELANDIA,431,3049268.14,5124826.0,1,61,0.5949993502218417
46523262000131,MUNICIPIO DE GUARAREMA,183,3021348.2738,10630988.0,1,21,0.28420202090341934
04266498000190,SECRETARIA MUNICIPAL DE SAUDE,361,2992395.03,9133797.0,1,12,0.3276178603487684
06553952000119,MUNICIPIO DE SIMPLICIO MENDES,369,2964197.106,4901984.0,1,1,0.6046933457963143
03581920000139,FUNDO MUNICIPAL DE SAUDE DE IGUABA GRANDE,230,2954138.72,4603468.0,1,15,0.6417202682846932
11811613000125,FUNDO MUNICIPAL DE SAUDE,417,2938872.82,1420547.0,1,49,2.0688318091552054
10601116000130,FUNDO MUNICIPAL DE SAUDE,385,2937531.138,2141540.0,1,32,1.3716909971329043
02930318000105,MUNICIPIO DE SEBASTIAO LEAL - SECRETARIA DE SAUDE,1024,2921898.475,5737520.0,1,7,0.509261575558778
14029232000187,FUNDO MUNICIPAL DE SAUDE,953,2916299.35,10135466.0,1,3,0.28773214275495573
08885072000175,FUNDO MUNICIPAL DE SAUDE DE TOLEDO,186,2889022.0,12666227.0,1,26,0.2280886012859236
76179829000165,MUNICIPIO DE PALMEIRA,411,2877038.4,12757790.0,1,44,0.2255122870026862
09154486000197,FUNDO MUNICIPAL DE SAUDE DE CANHOTINHO,497,2856426.65,3231324.0,1,30,0.8839802662933213
08966882000156,FUNDO MUNICIPAL DE SAUDE,424,2843051.766,1878076.0,1,36,1.5138108180925585
95440517000108,MUNICIPIO DE SANTA CRUZ DO SUL,108,2836850.855,17796060.0,1,21,0.15940892843696863
09298629000134,FUNDO MUNICIPAL DE SAUDE DO MUNICIPIO DE GOIOERE,993,2767498.3412,5657225.0,1,100,0.4891971489908922
04223191000101,FUNDO MUN.DE SAUDE DE SAO MAMEDE-PB,706,2767036.82,2593504.0,1,9,1.0669105657828173
11402091000108,FUNDO MUNICIPAL DE SAUDE,351,2755567.07,5722014.0,1,21,0.4815729339354989
11095923000190,FUNDO MUNICIPAL DE SAUDE,596,2715800.154,2913021.0,1,31,0.932296799096196
04092672000125,MUNICIPIO DE JI-PARANA,77,2709868.41,2423757.0,1,29,1.1180445935793069
11514360000128,FUNDO MUNICIPAL DE SAUDE,179,2707288.7,14760902.0,1,7,0.18340943527705827
01616458000132,MUNICIPIO DE SAO JOSE DA BARRA,647,2678714.61,6288400.0,1,14,0.4259771340881623
29138377000193,MUNICIPIO DE TRES RIOS,490,2676281.17,7729343.0,1,32,0.346249502706763
02545932000145,MUNICIPIO DE ARRAIAL - SECRETARIA DE SAUDE E SANEAMENTO,465,2659587.2568,3658037.0,1,2,0.7270531317206469
10298603000175,FUNDO MUNICIPAL DE SAUDE,373,2642392.73,7623346.0,1,19,0.3466184966548809
07735541000107,MUNICIPIO DE UBAJARA,416,2631476.734,202146.0,1,10,13.017703709200282
12225481000112,FUNDO MUNICIPAL DE SAUDE,174,2619814.13,130123.0,1,17,20.133367121876994
09288947000114,FMS- FUNDO MUNICIPAL DE SAUDE DE CACHOEIRO DE ITAPEMIRIM.,69,2608852.6,14437350.0,1,18,0.1807016246056236
06553887000555,MUNICIPIO DE PIRACURUCA,167,2595840.0,3154314.0,1,3,0.8229491420321503
08888105000130,FUNDO MUNICIPAL DE SAUDE,249,2594094.235,7780865.0,1,20,0.33339406801171845
48664296000171,MUNICIPIO DE PRADOPOLIS,230,2570409.04,7346305.0,1,28,0.3498914134384565
21817418000166,FUNDO MUNICIPAL DE SAUDE,1987,2565470.3296,2164262.0,1,31,1.1853788171672375
95719373000123,MUNICIPIO DE MERCEDES,1315,2556947.1375,4960679.0,1,49,0.5154429741372099
12051399000119,FUNDO MUNICIPAL DE SAUDE DE PEDRA BRANCA,680,2546805.7,2065938.0,1,2,1.2327599860208778
10640637000104,MUNICIPIO DE FLORIANO - SECRETARIA DE SAUDE,510,2524257.88,6578942.0,1,13,0.3836875108490088
10417698000107,FUNDO MUNICIPAL DE SAUDE DE ITAMBE,481,2514178.64,9350920.0,1,22,0.2688696556060794
11812868000102,FUNDO MUNICIPAL DE SAUDE,98,2505759.0,6003300.0,1,1,0.41739693168757186
11816665000194,FUNDO MUNICIPAL DE SAUDE DE ESTANCIA/SE,4,2458800.0,12575.0,1,2,195.53081510934393
11508022000183,FUNDO MUNICIPAL DE SAUDE,629,2447338.6,3792867.0,1,47,0.6452476714843943
02911953000137,FUNDO MUNICIPAL DE SAUDE DE SAPUCAIA,309,2443277.17,429910.0,1,18,5.683229443371868
11381413000180,FUNDO MUNICIPAL DE SAUDE,660,2429632.34,1098784.0,1,2,2.211201054984419
19361548000195,FUNDO MUNICIPAL DE SAUDE DE MINISTRO ANDREAZZA,854,2427355.858,4501095.0,1,62,0.5392811877998576
18299446000124,MUNICIPIO DE ITABIRA,111,2400035.0,14315715.0,1,25,0.1676503758282419
12262713000102,MUNICIPIO DE BARRA DE SANTO ANTONIO,317,2378688.276,8925455.0,1,4,0.26650610820400755
07615929000174,FUNDO MUNICIPAL DE SAUDE,813,2376051.9,6998690.0,1,12,0.339499520624574
11822995000192,FUNDO MUNICIPAL DE SAUDE DE SAPUCAIA,447,2336383.14,3420065.0,1,25,0.6831399812576662
08987945000150,FUNDO MUNICIPAL DE SAUDE DE NOVA UNIAO,535,2279618.55,1478320.0,1,51,1.5420332201417823
76017474000108,MUNICIPIO DE GUARATUBA,185,2277931.64,487811.0,1,35,4.669701257249222
11412389000107,FUNDO MUNICIPAL DE SAUDE DE TOMAR DO GERU,381,2275469.118,4017700.0,1,11,0.5663611314931428
11966012000191,FUNDO MUNICIPAL DE SAUDE DE MONCOES,1105,2260755.49,2520018.0,1,10,0.8971187864531127
57712473000139,SERVICO AUTONOMO MUNICIPAL DE SAUDE-SAMS,165,2256875.74,8870058.0,1,33,0.2544375403182257
76208479000118,MUNICIPIO DE ASSIS CHATEAUBRIAND,124,2235764.2395,4826805.0,1,17,0.46319754775674593
11655026000194,FUNDO MUNICIPAL DE SAUDE,429,2208648.7664,2641195.0,1,3,0.8362308600463049
11408429000139,FUNDO MUNICIPAL DE SAUDE DE PASSO DE CAMARAGIBE,227,2197193.488,6399648.0,1,5,0.3433303656701118
09367941000132,FUNDO MUNICIPAL DE SAUDE,825,2193431.929,2192422.0,1,50,1.000460645350211
44531788000138,MUNICIPIO DE LINS,262,2192859.9796,6437203.0,1,40,0.3406541598268689
11256054000139,MUNICIPIO DE TORITAMA,234,2182065.15,5812847.0,1,24,0.3753866478852789
11850969000178,FUNDO MUNICIPAL DE SAUDE DE NOSSA SENHORA DA GLORIA,206,2177936.81,9953245.0,1,11,0.21881675875556164
45369220000125,MUNICIPIO DE SAO SIMAO,466,2158027.5197,9303894.0,1,43,0.23194885063178924
10411736000106,FUNDO MUNICIPAL DE SAUDE,706,2156800.18,4840306.0,1,18,0.44559170019416133
11153600000106,FUNDO MUNICIPAL DE SAUDE,346,2155153.42,4770468.0,1,10,0.45176980958681623
75963256000101,MUNICIPIO DE RIO AZUL,460,2122536.44,5218300.0,1,44,0.40674864227813656
45786159000111,MUNICIPIO DE IRACEMAPOLIS,67,2118512.85,1602250.0,1,24,1.3222111717896707
95719381000170,MUNICIPIO DE QUATRO PONTES,765,2108354.8769,6997147.0,1,53,0.30131636178288096
11485023000150,FUNDO MUNICIPAL DE SAUDE DE CUJUBIM,270,2092381.0,3498800.0,1,30,0.5980281810906597
11401087000125,FUNDO MUNICIPAL DE SAUDE DE CHA PRETA,345,2077754.668,7505455.0,1,16,0.2768326061511261
76285329000108,MUNICIPIO DE MANDAGUACU,416,2077538.2226,2509716.0,1,48,0.8277981343705821
44751725000197,MUNICIPIO DE SANTA CRUZ DA CONCEICAO,395,2071216.4,4438370.0,1,25,0.46666149960458453
08194799000106,FUNDO MUNICIPAL DE SAUDE,479,2048957.802,6776932.0,1,25,0.3023429779138997
11402806000122,FUNDO MUNICIPAL DE SAUDE,410,2045915.2,2286877.0,1,48,0.8946328114717145
76002666000140,MUNICIPIO DE PIEN,830,2036731.502,12186802.0,1,57,0.16712600253946852
46137444000174,MUNICIPIO DE AGUDOS,221,2020276.008,7862019.0,1,20,0.2569665639322418
11423181000185,FUNDO MUNICIPAL DE SAUDE DE GUACUI,345,2006258.54,13057864.0,1,19,0.15364370007223233
10539832000134,FUNDO MUNICIPAL DE SAUDE DE GUADALUPE,515,2000236.34,3222413.0,1,3,0.6207262507940479
10541009000163,FUNDO MUNICIPAL DE SAUDE DE CACIMBAS,436,1995757.23,3916196.0,1,25,0.509616278143382
10589928000107,FUNDO MUNICIPAL DE SAUDE DO BOM JARDIM,229,1980592.08,1284894.0,1,21,1.5414439479054305
95719472000105,MUNICIPIO DE PATO BRAGADO,733,1970766.09,3964606.0,1,40,0.49709002357359094
29115474000160,MUNICIPIO DE MACAE,39,1959167.75,883975.0,1,5,2.216315789473684
10759784000190,FUNDO MUNICIPAL DE SAUDE DE ALIANCA,266,1956121.92,12079170.0,1,8,0.1619417493089343
11706451000165,FUNDO MUNICIPAL DE SAUDE -PAROBE/RS,259,1954974.25,12045265.0,1,37,0.16230230302114565
18260489000104,MUNICIPIO DE TUPACIGUARA,93,1937724.0,225190.0,1,7,8.60484035703184
56024581000156,MUNICIPIO DE RIBEIRAO PRETO,13,1857886.32,22410200.0,1,9,0.0829036028237142
76205665000101,MUNICIPIO DE MARMELEIRO,355,1852827.495,11473200.0,1,36,0.16149178040999895
09583958000127,SAUDE - IS,23,1850006.5,276800.0,1,4,6.683549494219653
76977768000181,MUNICIPIO DE PARANAVAI,115,1832697.812,5143670.0,1,21,0.35630159244275
01693184000185,SECRETARIA MUNICIPAL DE SAUDE E SANEAMENTO,693,1822965.7882,2322107.0,1,8,0.7850481430011623
95583571000102,MUNICIPIO DE MARIPA,757,1818593.0771,4396546.0,1,68,0.41364131686555766
75378844000170,MUNICIPIO DE GUAPOREMA,988,1816361.7118,1299660.0,1,79,1.3975668342489573
11265919000123,FUNDO MUNICIPAL SAUDE,590,1808635.0885,9117678.0,1,73,0.19836575589749936
09535844000101,FUNDO MUNICIPAL DE SAUDE DE GRANDES RIOS,599,1800762.13,2123996.0,1,25,0.8478180420302109
15389588000194,MUNICIPIO DE SAO GABRIEL DO OESTE,65,1796852.45,5657050.0,1,17,0.3176306467151607
09241895000120,FUNDO MUNICIPAL DE SAUDE,271,1787747.38,11485343.0,1,44,0.15565467918546272
14173522000108,CONSORCIO PUBLICO DE DESENVOLVIMENTO DO VALE DO IVINHEMA-CODEVALE,19,1762088.0,640541.0,1,4,2.750937098483938
75687954000113,MUNICIPIO DE PAULA FREITAS,545,1755370.08,4171833.0,1,54,0.42076710165531556
00562279000105,FUNDO MUNICIPAL DE SAUDE,154,1749207.69,9762817.0,1,9,0.17917038596544418
11164805000197,FUNDO MUNICIPAL DE SAUDE,609,1746079.55,2812234.0,1,25,0.6208870065577758
10460927000168,FUNDO MUNICIPAL DE SAUDE DE CACIMBA DE AREIA,613,1710527.68,4305359.0,1,19,0.3973019857345229
11406652000147,FUNDO MUNICIPAL DE SAUDE DE CUMARU DO NORTE,269,1698908.28,1917838.0,1,6,0.8858455615124948
11367495000108,FUNDO MUNICIPAL DE SAUDE DO MUNICIPIO DE BREJO GRANDE,432,1696835.18,5397148.0,1,10,0.31439478406002574
88814199000132,MUNICIPIO DE SANTO ANTONIO DA PATRULHA,171,1674822.15,13334300.0,1,28,0.1256025550647578
02165050000154,MUNICIPIO DE JOAQUIM PIRES - FUNDO MUNICIPAL DE SAUDE,209,1670861.8,5263224.0,1,4,0.31745975470548093
02361201000140,MUNICIPIO DE BARRAS - SECRETARIA MUNICIPAL DE SAUDE,64,1651877.53,1123539.0,1,2,1.4702449403180486
76244961000103,MUNICIPIO DE IBIPORA,158,1625810.14,1898070.0,1,25,0.8565596316258093
77001311000108,MUNICIPIO DE CASTRO,122,1620468.0,3573760.0,1,20,0.45343503760744985
11884818000130,FUNDO MUNICIPAL DE SAUDE DE OBIDOS,35,1606333.0,2348600.0,1,4,0.6839534190581623
08851627000168,FUNDO MUNICIPAL DE SAUDE,419,1604505.16,4997021.0,1,4,0.3210923388154662
09151473000164,MUNICIPIO DE CONDADO,663,1604389.855,4145414.0,1,14,0.38702765393275557
02466144000163,SECRETARIA DA SAUDE DO ESTADO DA BAHIA SESAB,5,1600550.96,1417.0,1,4,1129.5349047282991
17546256000100,FUNDO MUNICIPAL DE SAUDE DE SANTA MARIA DAS BARREIRAS,382,1594374.61,3511159.0,1,16,0.4540878410803954
19217292000147,FUNDO MUNICIPAL DE SAUDE,969,1589497.43,1556893.0,1,88,1.0209419850946726
71989982000134,MUNICIPIO DE NOVA EUROPA,467,1583751.18,4926130.0,1,32,0.32150007815465687
46523247000193,MUNICIPIO DE DIADEMA,12,1576107.4,80404.0,1,9,19.602350629321922
09285785000160,FUNDO MUNICIPAL DE SAUDE DE SAO JOAO DO TRIUNFO,479,1568116.41,4973977.0,1,40,0.31526410556381745
09520756000136,FUNDO MUNICIPAL DE SAUDE,417,1559005.6468,1188934.0,1,81,1.3112634063791597
11328835000191,FUNDO MUNICIPAL DE SAUDE DE THEOBROMA,271,1556630.15,845480.0,1,23,1.841120014666225
10557425000150,FUNDO MUNICIPAL DE SAUDE DE PITIMBU,141,1546443.0,2254810.0,1,4,0.685841822592591
03073673000160,MUNICIPIO DE BONITO,110,1544246.5,9078750.0,1,10,0.17009461654963515
10585650000108,FUNDO MUNICIPAL DE SAUDE DE JOAO NEIVA,197,1523298.66,3166677.0,1,19,0.48104011239542266
88661400000199,MUNICIPIO DE TEUTONIA,266,1516721.01,1578490.0,1,45,0.9608683045188756
11120699000140,FUNDO MUNICIPAL DE SAUDE,215,1514045.84,7922198.0,1,2,0.19111436497800233
76206606000140,MUNICIPIO DE FOZ DO IGUACU,41,1508196.24,6629758.0,1,16,0.2274888827012992
44445054000136,MUNICIPIO DE SANTOPOLIS DO AGUAPEI,1166,1478160.7153,2265711.0,1,41,0.6524047927118684
13661399000101,FUNDO MUNICIPAL DE SAUDE DE SAO JOSE DA COROA GRANDE,201,1476349.4,6447374.0,1,21,0.228984606756177
45685872000179,MUNICIPIO DE REGISTRO,54,1470915.1456,3414158.0,1,20,0.4308280828245207
11588202000112,FUNDO MUNICIPAL DE SAUDE DE SERRA GRANDE,515,1469207.95,2233543.0,1,11,0.6577925520126543
95594776000193,MUNICIPIO DE SANTA LUCIA,189,1463731.98,2313130.0,1,36,0.6327927872622809
08036438000131,FUNDO MUNICIPAL DE SAUDE DE SAPE,152,1461538.2,3994120.0,1,4,0.3659224560103352
04885197000144,MUNICIPIO DE FORTALEZA - SECRETARIA MUNICIPAL DE SAUDE - SMS,3,1452880.1588,518.0,1,3,2804.7879513513517
00136858000188,CONSORCIO INTERMUNICIPAL DE SAUDE,33,1449645.7,426700.0,1,12,3.397341692055308
11174552000132,FUNDO MUNICIPAL DE SAUDE DE ITAPORANGA,858,1439180.78,4423590.0,1,21,0.32534226273230565
46523163000150,MUNICIPIO DE MAIRIPORA,89,1435372.78,4124435.0,1,18,0.3480168265471513
11980140000190,FUNDO MUNICIPAL DE SAUDE DE MONSENHOR GIL,275,1425484.83,2555775.0,1,2,0.5577505179446548
11490408000105,FUNDO MUNICIPAL DE SAUDE,248,1419334.5001,3709811.0,1,7,0.3825894365238553
04316867000101,FUNDO MUNICPAL DE SAUDE DE ALTO PARAISO,277,1413570.63,1690333.0,1,45,0.8362675460989047
45731650000145,MUNICIPIO DE PIRASSUNUNGA,266,1398121.851,1896496.0,1,47,0.7372131821000414
14231159000121,FUNDO MUNICIPAL DE SAUDE PREFEITURA DE SEVERIANO MELO/RN,381,1390021.62,1566923.0,1,10,0.887102697452268
76282664000152,MUNICIPIO DE PAICANDU,106,1384751.096,1861124.0,1,14,0.7440402122588284
02703617000107,MUNICIPIO DE CAMPINAS DO PIAUI - SECRETARIA DE SAUDE,450,1383402.59,3165632.0,1,3,0.43700676199886784
11913577000100,FUNDO MUNICIPAL DE SAUDE DE ALTO ALEGRE DOS PARECIS,616,1349179.68,1522643.0,1,45,0.8860774850046924
75449579000173,MUNICIPIO DE RIBEIRAO CLARO,344,1343900.859,3934658.0,1,36,0.3415546812454856
18241778000158,MUNICIPIO DE SAO JOAO BATISTA DO GLORIA,222,1322748.415,1714388.0,1,16,0.7715572058367184
08561107000110,FUNDO MUNICIPAL DE SAUDE DO MUNICIPIO DE ASTORGA,298,1322003.06,3523093.0,1,21,0.3752393308947564
11402080000128,FUNDO MUNICIPAL DE SAUDE,319,1318981.25,2032062.0,1,22,0.6490851411029781
08549559000187,FUNDO MUNICIPAL DE SAUDE,450,1315400.918,1184638.0,1,42,1.11038217413252
76205707000104,MUNICIPIO DE SALTO DO LONTRA,333,1301871.848,3377675.0,1,48,0.3854343144322648
10091569000163,MUNICIPIO DE SANTA CRUZ DO CAPIBARIBE,77,1290301.0,1719626.0,1,2,0.7503381549243847
11243983000103,FUNDO MUNICIPAL DE SAUDE DE PINDOBA,460,1285975.0,5134910.0,1,13,0.2504376902418932
11779393000108,FUNDO MUNICIPAL DA SAUDE DE RIO CRESPO,236,1271449.73,1393723.0,1,21,0.9122686000015785
11356696000100,FUNDO MUNICIPAL DE SAUDE DE SAO MATEUS,77,1266391.6,7422120.0,1,18,0.1706239726654918
11161074000126,FUNDO MUNICIPAL DE SAUDE,212,1263292.58,5086776.0,1,8,0.24834838019209024
45299104000187,MUNICIPIO DE BATATAIS,256,1261441.1252,4296169.0,1,16,0.2936199961407477
11306864000152,FUNDO MUNICIPAL DE SAUDE,300,1260076.18,6899960.0,1,18,0.18262079490315886
12013802000115,FUNDO MUNICIPAL DE SAUDE,420,1258612.7144,489881.0,1,1,2.569221330078121
75731000000160,MUNICIPIO DE FLORAI,588,1256725.255,2385616.0,1,39,0.5267927675703047
09259137000130,FUNDO MUNICIPAL DE SAUDE DE LUPIONOPOLIS,267,1248292.1,2642950.0,1,34,0.47231014585974007
10234992000175,FUNDO MUNICIPAL DE SAUDE DE CACHOEIRINHA,261,1247375.2988,3911690.0,1,19,0.31888398589867806
09472866000170,FUNDO MUNICIPAL DE SAUDE DO M UNICIPIO DE NOVA AURORA,277,1227755.99,2387776.0,1,35,0.5141839058605162
76105550000137,MUNICIPIO DE MANDIRITUBA,291,1226195.79,2419777.0,1,37,0.5067391705929927
19314027000187,FUNDO MUNICIPAL DE SAUDE DE VALE DO PARAISO,243,1223196.27,686179.0,1,32,1.7826197974580977
12022274000160,FUNDO MUNICIPAL DE SAUDE-FMS,89,1215004.7,326750.0,1,13,3.718453557765876
11292555000170,FUNDO MUNICIPAL DE SAUDE DO MUNICIPIO DE MESSIAS,70,1212237.0,2762211.0,1,10,0.43886473553251365
08881567000126,MUNICIPIO DE QUIXABA,712,1208666.25,1979445.0,1,4,0.6106086554564537
10254294000131,FMS SANTANA DO MUNDAU,427,1197500.2478,1806104.0,1,13,0.6630295087104618
32415283000129,MUNICIPIO DE MIGUEL PEREIRA,211,1186932.72,5984223.0,1,18,0.19834366466623987
76020460000143,MUNICIPIO DE ANTONIO OLINTO,300,1170409.17,2795679.0,1,21,0.41864934064318543
09309271000106,FUNDO MUNICIPAL DE SAUDE,331,1167957.77,3333266.0,1,43,0.35039440896706114
01613513000130,MUNICIPIO DE PORTO ALEGRE DO PIAUI,382,1167017.18,2256612.0,1,4,0.5171545573629849
19181382000125,FUNDO MUNICIPAL DE SAUDE DE CEREJEIRAS - RO,522,1161757.97,471286.0,1,45,2.465080588008131
11291694000180,FUNDO MUNICIPAL DE SAUDE,242,1157647.582,5287683.0,1,24,0.21893286378930052
12332979000184,MUNICIPIO DE SANTANA DO MUNDAU,546,1151805.186,3742526.0,1,17,0.30776143866468797
11870137000113,FUNDO MUNICIPAL DE SAUDE DE CAMOCIM DE SAO FELIX,124,1141054.4,1265700.0,1,6,0.9015204234810776
44556207000112,MUNICIPIO DE URU,990,1132474.308,2669375.0,1,22,0.42424698965113555
10292209000120,MUNICIPIO DE SIRINHAEM,219,1125177.84,6936015.0,1,3,0.16222252114506674
75827204000108,MUNICIPIO DE NOVA AMERICA DA COLINA,351,1117830.892,868029.0,1,24,1.2877805833676064
45352267000186,MUNICIPIO DE PONTAL,105,1107624.936,2642410.0,1,22,0.41917224654765917
45323474000102,MUNICIPIO DE ARAMINA,182,1105531.01,1101308.0,1,23,1.00383454038289
08992896000144,FUNDO MUNICIPAL DE SAUDE DE BARRACAO,343,1090879.291,5077605.0,1,33,0.21484130628514822
76002658000102,MUNICIPIO DE CAMPO DO TENENTE,303,1089024.177,561004.0,1,35,1.9412057258058764
11462395000160,FUNDO MUNICIPAL DE SAUDE DE CONCEICAO DE CANINDE,631,1072421.44,160548.0,1,3,6.6797558362608065
23767031000178,MUNICIPIO DE ITAU DE MINAS,120,1072079.76,3852443.0,1,6,0.2782856904047639
10505599000179,FUNDO MUNICIPAL DE SAUDE DE BALSA NOVA,319,1061031.944,1553310.0,1,45,0.6830780359361621
12240308000193,FUNDO MUNICIPAL DE SAUDE DO MUNICIPIO DE MIGUEL PEREIRA,90,1050413.488,213992.0,1,16,4.908657744214737
44518504000173,MUNICIPIO DE LUCIANOPOLIS,282,1049574.01,2288225.0,1,17,0.458684792797911
12024740000147,FUNDO MUNICIPAL DE SAUDE,259,1048669.05,1332720.0,1,5,0.7868637448226184
76970300000165,MUNICIPIO DE NOSSA SENHORA DAS GRACAS,526,1046270.735,1568692.0,1,21,0.6669701477409204
17744434000107,MUNICIPIO DE RIO POMBA,85,1039705.4028,2850668.0,1,2,0.364723427210745
13861101000107,FUNDO MUNICIPAL DE SAUDE,512,1034321.42,1350820.0,1,4,0.7656989236167662
09494245000197,FUNDO MUNICIPAL DE SAUDE,257,1030846.75,2453325.0,1,3,0.42018352643860885
08927244000126,FUNDO MUNICIPAL DE SAUDE,382,1030728.205,976570.0,1,26,1.0554575760058162
11701954000148,FUNDO MUNICIPAL DE SAUDE DE PEDRINHAS,308,1028186.04,1350192.0,1,25,0.7615109851043408
76247345000106,MUNICIPIO DE TAPEJARA,121,995845.38,354299.0,1,4,2.810748492092837
11367491000120,FUNDO MUNICIPAL DE SAUDE,174,978472.0,2961500.0,1,9,0.33039743373290564
18592162000121,MUNICIPIO DE ESTRELA DO SUL,41,975055.75,50264.0,1,8,19.39868991723699
09350916000146,FUNDO MUNICIPAL DE SAUDE DE SANTA ISABEL DO IVAI,236,966297.65,867712.0,1,20,1.1136156351416138
12014954000132,FUNDO MUNICIPAL DE SAUDE DE MENDES,130,965113.465,759810.0,1,14,1.2702036890801647
05893631000109,MUNICIPIO DE GUAJARA-MIRIM,46,939179.0,482725.0,1,11,1.9455777098762235
11206680000110,FUNDO MUNICIPAL DE SAUDE DE CANOINHAS,104,936770.77,2395800.0,1,26,0.3910054136405376
09036819000183,FUNDO MUNICIPAL DE SAUDE DE CLEVELANDIA,62,925638.2,894700.0,1,14,1.034579412093439
08882730000175,MUNICIPIO DE SAO JOSE DE ESPINHARAS,409,917177.7435,973275.0,1,17,0.9423623780534792
11843644000168,FUNDO MUNICIPAL DE SAUDE DO MUNICIPIO DE GUATAPARA,183,896054.55,2012870.0,1,15,0.4451626533258482
22981088000102,MUNICIPIO DE TUCUMA,370,895889.0,1092570.0,1,11,0.8199831589737957
14028087000110,FUNDO MUNICIPAL DE SAUDE DE DEMERVAL LOBAO,176,885076.82,1261437.0,1,1,0.7016417149647584
09654201000187,FUNDO MUNICIPAL DE SAUDE DE RIBEIRAO DO PINHAL,461,882803.5262,361128.0,1,56,2.444572357169757
08888967000163,FUNDO MUNICIPAL DE SAUDE DE CRUZEIRO DO OESTE,250,877234.9,2015123.0,1,23,0.4353257344588891
88185020000125,MUNICIPIO DE SAPUCAIA DO SUL,46,868056.55,2518260.0,1,17,0.3447048954436794
11190812000163,FUNDO MUNICIPAL DE SAUDE DE VITORIA DO XINGU,151,855402.9,2108525.0,1,2,0.4056878149417247
76404136000129,MUNICIPIO DE MARILUZ,208,855344.47,919131.0,1,12,0.9306012635848426
11366609000103,FUNDO MUNICIPAL DE SAUDE,207,838026.08,792210.0,1,3,1.0578332512843815
11295659000139,FUNDO MUNICIPAL DE SAUDE DE SAO FELIPE D'OESTE,332,832611.808,84800.0,1,4,9.818535471698112
12333746000104,MUNICIPIO DE VICOSA,163,832283.0,5187800.0,1,42,0.16043081845869153
46446696000185,MUNICIPIO DE VINHEDO,25,816209.0,2636600.0,1,15,0.3095687628005765
76238443000187,MUNICIPIO DE GUAIRACA,97,789575.0,411200.0,1,10,1.9201726653696498
12431437000169,FUNDO MUNICIPAL DE SAUDE,356,788011.5,1529180.0,1,5,0.5153163787127741
11431661000198,FUNDO MUNICIPAL DE SAUDE DE BOA ESPERANCA,159,775924.56,5746480.0,1,33,0.13502606117136057
27150549000119,MUNICIPIO DE CARIACICA,5,770464.8,7188000.0,1,3,0.10718764607679467
11386903000179,FUNDO MUNICIPAL DE SAUDE,243,764482.45,4095450.0,1,15,0.18666628819787812
13119961000161,MUNICIPIO DE CAPELA,179,762145.1,76676.0,1,10,9.939812979289478
01610390000184,MUNICIPIO DE TAQUARAL,328,758228.174,1550637.0,1,19,0.4889785127015543
77877116000138,MUNICIPIO DE TUPASSI,119,742622.51,754525.0,1,16,0.9842251880322057
23179533000188,FUNDO MUNICIPAL DE SAUDE,277,742479.4,1389279.0,1,2,0.534435055881504
11429331000168,FUNDO MUNICIPAL DE SAUDE,218,728354.54,285507.0,1,12,2.551091707033453
11299001000103,FUNDO MUNICIPAL DE SAUDE DE QUIPAPA,80,728250.5,1590980.0,1,12,0.4577370551483991
11334929000173,FUNDO MUNICIPAL DE SAUDE DA GAMELEIRA,151,727172.08,3711932.0,1,3,0.19590123957012143
11261188000148,FUNDO MUNICIPAL DE SAUDE,127,713678.0,2651276.0,1,4,0.26918283875386795
10493355000113,FUNDO MUNICIPAL DE SAUDE DE DESTERRO,265,712440.076,1229693.0,1,8,0.5793641795147244
13884491000122,FUNDO MUNICIPAL DE SAUDE,282,701342.73,1220387.0,1,2,0.5746887913424185
95422846000126,MUNICIPIO DE ITAPERUCU,135,700280.85,206353.0,1,22,3.3936063444679747
09141808000163,FUNDO MUNICIPAL DE SAUDE DE CAFEARA,594,693267.4445,1399730.0,1,20,0.4952865513349003
15246041000130,FUNDO MUNICIPAL DE SAUDE,675,682815.8344,564491.0,1,39,1.2096133231530708
78121985000109,MUNICIPIO DE BOA VISTA DA APARECIDA,344,675043.5,1076135.0,1,20,0.6272851454510818
08694222000163,FUNDO MUNICIPAL DE SAUDE DE SANTA RITA,36,670035.5,740975.0,1,9,0.9042619521576302
87455531000157,MUNICIPIO DE PELOTAS,19,660883.255,5614285.0,1,8,0.11771458965834473
09536254000101,FUNDO MUNICIPAL DE SAUDE DE SAO MIGUEL DO GUAPORE,81,659416.0,411350.0,1,11,1.6030533608848911
01612372000131,MUNICIPIO DE CURRAL DE CIMA,129,649880.0,375300.0,1,1,1.7316280309086065
11822633000100,FUNDO MUNICIPAL DE SAUDE DE JAGUARE,97,649708.04,338604.0,1,10,1.9187843026071754
11272240000161,FUNDO MUNICIPAL DE SAUDE,71,647216.75,3714325.0,1,2,0.17424882044516837
06554323000103,MUNICIPIO DE ALTO LONGA,192,643612.71,910368.0,1,2,0.7069808143519982
46634309000134,MUNICIPIO DE PARANAPANEMA,137,641856.3776,633016.0,1,1,1.0139654883920786
11270608000152,FUNDO MUNICIPAL DE SAUDE,107,639132.635,3736390.0,1,26,0.17105618926289815
08937598000151,FUNDO MUNICIPAL DE SAUDE,542,638521.454,3527118.0,1,46,0.1810320647055188
09307789000100,FUNDO MUNICIPAL DE SAUDE,586,638425.2009,678289.0,1,42,0.9412288875390874
08673415000138,FUNDO MUNICIPAL DE SAUDE,192,625122.9688,32774.0,1,20,19.0737465307866
01612566000137,MUNICIPIO DE BOQUEIRAO DO PIAUI,71,623748.8,1009828.0,1,1,0.6176782580795938
10277035000126,FUNDO MUNICIPAL DE SAUDE,227,619382.0,998850.0,1,2,0.6200951093757822
63762009000150,MUNICIPIO DE NOVO HORIZONTE DO OESTE,99,607874.05,209825.0,1,20,2.897052543786489
08916107000196,FUNDO MUNICIPAL DE SAUDE DE SANTA IZABEL DO OESTE,184,602600.73,369484.0,1,30,1.6309251009515973
23273682000101,FUNDO MUNICIPAL DE SAUDE,68,602293.8,122595.0,1,15,4.912874097638566
75771477000170,MUNICIPIO DE LONDRINA,25,601022.8554,2483353.0,1,10,0.24202070966149394
11876352000121,FUNDO MUNICIPAL DE SAUDE DE CACAULANDIA,262,597050.43,508916.0,1,47,1.1731807017268077
11227813000135,FUNDO MUNICIPAL DE SAUDE DE SAO JOSE DOS RAMOS,267,596927.75,2095325.0,1,11,0.2848855189529071
22855167000177,MUNICIPIO DE SAO MIGUEL DO GUAPORE,27,585562.4,35490.0,1,1,16.499363200901662
08541779000164,FUNDO MUNICIPAL DE SAUDE,258,579658.12,1063157.0,1,19,0.5452234430098283
02433931000109,MUNICIPIO DE PAULISTANA - SECRETARIA DE SAUDE E MEIO AMBIENTE,137,572724.222,1507629.0,1,2,0.3798840576826261
76105659000174,MUNICIPIO DE ALMIRANTE TAMANDARE,79,557381.5,268490.0,1,17,2.075986070244702
51455087000122,MUNICIPIO DE VARGEM GRANDE PAULISTA,147,556262.67,887042.0,1,1,0.6270984575702165
77116663000109,MUNICIPIO DE NOVA SANTA ROSA,247,555520.8,1878462.0,1,21,0.29573172095043715
02852126000110,MUNICIPIO DE ELISEU MARTINS - SECRETARIA DE SAUDE,366,553134.54,180130.0,1,2,3.0707519014045412
12011137000120,FUNDO MUNICIPAL DE SAUDE DE RIACHAO,330,551561.9,1229970.0,1,14,0.4484352463881233
11414057000153,FUNDO MUNICIPAL DE SAUDE,54,551344.2,113750.0,1,6,4.846981978021978
11224453000118,FUNDO MUNICIPAL DE SAUDE DE PAULO JACINTO,122,547464.28,2075826.0,1,3,0.2637332223413716
11384276000137,FUNDO MUNICIPAL DE SAUDE DE CALCADO,261,539319.739,2011324.0,1,11,0.26814165146938035
76247386000100,MUNICIPIO DE MARIA HELENA,660,537142.0,202338.0,1,57,2.6546768278820587
65712077000130,MUNICIPIO DE PONTALINDA,443,533663.09,804438.0,1,20,0.6633986584422914
11975218000188,FUNDO MUNICIPAL DE SAUDE DO MUNICIPIO DE RIACHAO DO POCO,101,525817.82,1020472.0,1,5,0.5152692283570739
41522327000100,MUNICIPIO DE LAGOA ALEGRE,139,524064.11,631324.0,1,2,0.8301032591822899
12652705000172,FUNDO MUNICIPAL DE SAUDE DE FLORESTA DO ARAGUAIA,108,516548.76,273271.0,1,9,1.890243604334159
09348540000135,FUNDO MUNICIPAL DE SAUDE DE BOA VISTA DA APARECIDA,124,509778.6,273140.0,1,17,1.8663637694954966
10291345000103,FUNDO MUNICIPAL DE SAUDE DE PRIMAVERA,64,505512.15,1355362.0,1,4,0.372972054698302
76975259000110,MUNICIPIO DE SAO PEDRO DO PARANA,534,504621.07,673678.0,1,16,0.7490538061210252
10398439000178,FUNDO MUNICIPAL DE SAUDE,145,498289.0,2251170.0,1,7,0.22134667750547493
11453233000166,FUNDO MUNICIPAL DE SAUDE - MURITIBA,117,497524.62,718382.0,1,9,0.6925627590891754
02419781000189,MUNICIPIO DE PORTO - SECRETARIA MUNICIPAL DE SAUDE,257,493724.22,1151740.0,1,1,0.42867680205601955
04128655000109,FUNDO MUNICIPAL DE SAUDE DE PRIMAVERA DE RONDONIA,276,493528.18,940620.0,1,44,0.5246839106121495
04217860000132,MUNICIPIO DE COQUEIRO BAIXO,102,491934.55,303210.0,1,10,1.6224219188021503
07417536000156,MUNICIPIO DE CURRAL NOVO DO PIAUI - SECRETARIA DE SAUDE,166,490156.1,1013980.0,1,3,0.4833981932582496
10560403000149,MUNICIPIO DE NAZARIA,100,485201.0,2582915.0,1,1,0.18785016154228845
46362661000168,MUNICIPIO DE LEME,2,484914.0,600.0,1,2,808.19
01266058000144,MUNICIPIO DE BURITIS,116,464055.0,1247708.0,1,15,0.37192596344657564
01592473000198,MUNICIPIO DE PIMENTEIRAS DO OESTE,338,456830.92,392373.0,1,24,1.1642771546462167
11418976000103,FUNDO MUNICIPAL DE SAUDE DE LAGOA ALEGRE - PIAUI,28,455264.0,115519.0,1,1,3.941031345492949
10484826000127,FUNDO MUNICIPAL DE SAUDE,149,452957.0,704540.0,1,4,0.6429116870582224
44553790000108,MUNICIPIO DE BALBINOS,121,452057.4,851825.0,1,5,0.5306928066210783
46523155000103,MUNICIPIO DE JUQUITIBA,77,436326.85,1856480.0,1,7,0.23502911423769712
12375571000190,LAGOA DE DENTRO - FUNDO MUNICIPAL DE SAUDE,264,436168.75,1400550.0,1,9,0.3114267609153547
51814960000126,MUNICIPIO DE DOURADO,101,434154.49,709310.0,1,13,0.6120800355274845
14523538000195,FUNDO MUNICIPAL DE ASSISTENCIA SOCIAL,90,426726.8,115650.0,1,2,3.689812364894077
14734122000116,FUNDO MUNICIPAL DE SAUDE,161,426661.9,2138375.0,1,9,0.19952622902905245
80909617000163,MUNICIPIO DE SAO MANOEL DO PARANA,259,426606.38,367645.0,1,21,1.1603758517047695
12012235000182,FUNDO MUNICIPAL DE SAUDE,241,424640.9,742840.0,1,2,0.5716451725809057
09239144000170,FUNDO MUNICIPAL DE SAUDE,185,424379.044,184500.0,1,20,2.3001574200542003
11159820000147,FUNDO MUNICIPAL DE SAUDE DE BRANQUINHA,140,423871.72,1078260.0,1,4,0.39310715411867264
06554091000193,MUNICIPIO DE ITAUEIRA,14,421536.0,788600.0,1,1,0.5345371544509256
12366720000154,MUNICIPIO DE PORTO CALVO,74,416728.5,2411900.0,1,1,0.17278017330735104
06554141000132,MUNICIPIO DE NAZARE DO PIAUI,83,411225.09,25239.0,1,1,16.293240223463687
76290709000130,MUNICIPIO DE ASSAI,81,406687.0782,535455.0,1,12,0.7595168187802896
15408168000108,FUNDO MUNICIPAL DE SAUDE DE CAPAO ALTO,97,400626.0,1583825.0,1,9,0.25294840023361165
12403819000189,FUNDO MUNICIPAL DE SAUDE DE FARO,790,394011.657,687703.0,1,2,0.5729386915572565
11478439000140,FUNDO MUNICIPAL DE SAUDE DE CAMPO NOVO DE RONDONIA,101,389031.14,96917.0,1,9,4.014065024711867
91987669000174,MUNICIPIO DE MONTE BELO DO SUL,146,388988.9234,1545382.0,1,22,0.25171053072961896
07165026000139,FUNDO MUNICIPAL DE SAUDE,168,388355.52,14873.0,1,2,26.111444900154645
12342663000173,MUNICIPIO DE MATRIZ DE CAMARAGIBE,32,386894.0,1848750.0,1,1,0.209273292765382
45298569000113,MUNICIPIO DE ALTINOPOLIS,267,386812.998,609252.0,1,13,0.6348981997597054
09271085000117,FUNDO MUNICIPAL DE SAUDE,60,383465.17,1181435.0,1,19,0.3245757659117937
89848949000150,MUNICIPIO DE FARROUPILHA,120,365822.677,2090220.0,1,19,0.1750163509104305
97553416000179,FUNDO MUNICIPAL DE SAUDE DE AMARGOSA,20,365043.5,532850.0,1,1,0.6850774139063527
12552597000166,FUNDO MUNICIPAL DE SAUDE - FMS,143,362053.88,998189.0,1,1,0.36271074916674095
78279973000107,MUNICIPIO DE TURVO,93,360837.41,705417.0,1,18,0.5115235527354741
17754136000190,MUNICIPIO DE DIAMANTINA,48,360808.04,839930.0,1,7,0.4295691783839129
76381854000127,MUNICIPIO DE CRUZEIRO DO OESTE,233,358382.44,730938.0,1,6,0.49030484117667983
01612770000158,MUNICIPIO DE RIACHAO,192,350586.0,1023260.0,1,2,0.3426167347497215
01742695000140,MUNICIPIO DE NOVA SANTA RITA - SECRETARIA DE SAUDE,175,349618.89,785383.0,1,2,0.4451571908228215
88379763000136,MUNICIPIO DE IGREJINHA,10,348422.4,916500.0,1,8,0.3801662847790508
10382118000185,FUNDO MUNICIPAL DE SAUDE DE DIAMANTE,139,345598.0,757825.0,1,5,0.4560393230627124
08976611000181,FUNDO MUNICIPAL DE SAUDE DE BOM JESUS DO SUL,234,340392.778,879176.0,1,12,0.3871725092586695
02344726000177,"MUNICIPIO DE VILA NOVA DO PIAUI - SECRETARIA DE SAUDE, SANEAMENTO E MEIO AMBIENTE",270,339395.432,516302.0,1,1,0.6573583522821914
11429927000168,FUNDO MUNICIPAL DE SAUDE DE CRUZ DAS ALMAS,69,334537.99,97650.0,1,13,3.425888274449565
75666131000101,MUNICIPIO DE BARRACAO,92,333630.3632,929756.0,1,29,0.3588364723647925
18239616000185,MUNICIPIO DE GUAPE,174,331608.58,605750.0,1,19,0.5474347172926125
01825779000147,MUNICIPIO DE NAZARE DO PIAUI - SECRETARIA DE SAUDE,139,330399.87,49529.0,1,1,6.6708366815401074
23045893000197,FUNDO MUNICIPAL DE SAUDE DE PARECIS,173,327690.19,641292.0,1,17,0.5109843721736744
01576782000174,MUNICIPIO DE PRATANIA,89,321576.75,261877.0,1,2,1.227968664678456
78092293000171,MUNICIPIO DE SANTA INES,255,312539.08,448285.0,1,5,0.6971883511605341
11418606000168,FUNDO MUNICIPAL DE SAUDE,383,310981.97,1332788.0,1,23,0.23333191025129277
18428888000123,MUNICIPIO DE CONQUISTA,70,302808.4176,188126.0,1,18,1.6096042949937808
08663203000170,FUNDO MUNICIPAL DE SAUDE DE ILHEUS,8,301190.2,22527.0,1,3,13.370186886846895
76970359000153,MUNICIPIO DE ITAGUAJE,138,295084.7,343020.0,1,4,0.8602550871669291
02401609000106,"MUNICIPIO DE SAO JULIAO - SECRETARIA DE SAUDE, SANEAMENTO E MEIO AMBIENTE",86,294988.04,266928.0,1,2,1.1051221303122938
88414552000197,MUNICIPIO DE JAGUARAO,74,292336.85,723155.0,1,13,0.40425199300288317
00772500000141,MUNICIPIO DE SOCORRO DO PIAUI - SECRETARIA MUNICIPAL DE SAUDE,317,289865.92,665330.0,1,3,0.43567240316835254
06554760000127,MUNICIPIO DE AGUA BRANCA,162,286539.7,223870.0,1,4,1.2799379103944253
12011652000100,SSFUNDO MUNICIPAL DE SAUDE DE SERRARIA - PB,441,286261.6192,397339.0,1,24,0.720446820473198
53300331000103,MUNICIPIO DE PARAPUA,9,282056.0,287556.0,1,6,0.9808732907677113
02406316000103,MUNICIPIO DE JATOBA DO PIAUI- SEC.MUNICIPAL DE SAUDE E VIG.SANITARIA,50,281652.5,801460.0,1,1,0.35142427569685325
95587473000143,FUNDO MUNICIPAL DE SAUDE DE LARANJEIRAS DO SUL,32,281356.0,1113600.0,1,10,0.25265445402298853
09182117000108,FUNDO MUNICIPAL DE SAUDE,267,279996.0143,1379394.0,1,25,0.20298479933942004
76970391000139,MUNICIPIO DE PARANAPOEMA,48,278043.1,116280.0,1,8,2.3911515307877536
75587204000170,MUNICIPIO DE TERRA ROXA,97,277705.6,907250.0,1,8,0.30609600440892804
14491945000168,FUNDO MUNICIPAL DE SAUDE DE SANTA TERESA,108,276837.91,209103.0,1,19,1.3239308379124162
11176515000163,FUNDO MUNICIPAL DE SAUDE,186,273217.89,365191.0,1,21,0.7481506663636289
46429379000150,MUNICIPIO DE SAO JOAO DA BOA VISTA,118,272465.16,409164.0,1,16,0.6659069712877965
11144705000107,FUNDO MUNICIPAL DE SAUDE DE ARRAIAL DO CABO,7,271219.2,167784.0,1,2,1.6164783292805036
09102679000102,FUNDO MUNICIPAL DE SAUDE,298,270667.75,412202.0,1,3,0.656638614077564
63761944000100,MUNICIPIO DE GOVERNADOR JORGE TEIXEIRA,23,268332.5,68450.0,1,6,3.920124178232286
10568451000183,FUNDO MUNICIPAL DE SAUDE,58,261803.442,950690.0,1,9,0.2753825558278724
10264406000135,MUNICIPIO DE PESQUEIRA,28,261354.26,4071840.0,1,2,0.06418578824315298
08542693000156,FUNDO MUNICIPAL DE SAUDE,165,261209.33,404491.0,1,10,0.645772909656828
02321216000184,MUNICIPIO DE SAO JOAO DA VARJOTA - SECRETARIA DE SAUDE,129,256647.36,221640.0,1,2,1.1579469409853815
08702862000178,MUNICIPIO DE CABACEIRAS,58,250082.4638,761400.0,1,7,0.32845083241397427
46523007000199,MUNICIPIO DE PIRAPORA DO BOM JESUS,101,246607.72,1390895.0,1,24,0.17730146416515985
18158642000189,MUNICIPIO DE IRAI DE MINAS,175,246249.922,42377.0,1,1,5.810933336479694
08698105000178,FUNDO MUNICIPAL DE SAUDE SANTA CECILIA,156,245847.0001,852608.0,1,4,0.2883470482331857
11446327000108,FUNDO MUNICIPAL DE SAUDE,38,245470.42,53538.0,1,11,4.58497553139826
08533932000101,FUNDO MUNICIPAL DE SAUDE - MUNICIPIO DE ALTO PARANA,64,244678.2,339953.0,1,6,0.719741258350419
14051642000124,FUNDO MUNICIPAL DE SAUDE,21,244501.2,72840.0,1,2,3.35668863261944
08241754011007,RIO GRANDE DO NORTE SECRETARIA DA SAUDE PUBLICA,49,244283.79,130227.0,1,24,1.8758305881268862
04218211000156,MUNICIPIO DE PAU D`ARCO DO PIAUI,112,243476.5,845320.0,1,1,0.28802879382955565
46211694000107,MUNICIPIO DE IBIRAREMA,28,241021.0,187900.0,1,8,1.2827088877062267
06554075000109,MUNICIPIO DE FRANCISCO AYRES,97,237835.45,504465.0,1,1,0.4714607554537976
13927758000111,FUNDO MUNICIPAL DE SAUDE,53,234373.3,82496.0,1,5,2.841026231574864
11970318000111,FUNDO MUNICIPAL DE SAUDE DE CORURIPE,27,228499.2,294000.0,1,4,0.7772081632653062
01753843000121,MUNICIPIO DE FLORESTA DO PIAUI - SECRETARIA DE SAUDE,119,220964.991,1345395.0,1,1,0.16423800519550022
11420456000127,DONA INES - FUNDO MUNICIPAL DE SAUDE,199,220372.45,656482.0,1,4,0.33568696476064847
77721363000140,MUNICIPIO DE ORTIGUEIRA,15,219809.7,74500.0,1,6,2.950465771812081
13877281000107,FUNDO MUNICIPAL DE SAUDE DE TEIXEIRPOLIS,161,216302.016,495382.0,1,17,0.43663680957321827
15626810000125,FUNDO MUNICIPAL DE SAUDE - FMS,39,215911.8,771450.0,1,5,0.27987789228077
12225915000184,FUNDO MUNICIPAL DE SAUDE DE CALDAZINHA,121,214101.54,810725.0,1,6,0.26408651515618736
75352062000161,MUNICIPIO DE MUNHOZ DE MELLO,175,213632.18,184737.0,1,14,1.1564125215847394
13817576000198,FUNDO MUNICIPAL DE SAUDE DE CACHOEIRAS DE MACACU,6,213364.8,41040.0,1,4,5.198947368421052
18431155000148,MUNICIPIO DE MONTE ALEGRE DE MINAS,41,211495.0,325530.0,1,5,0.6496943446072558
08944084000123,MUNICIPIO DE EMAS,469,209949.4377,29790.0,1,2,7.047648126888218
11429318000109,FUNDO MUNICIPAL DE SAUDE,69,208963.72,49989.0,1,13,4.180194042689392
22855159000120,MUNICIPIO DE CABIXI,131,207347.6,310202.0,1,13,0.6684276697119942
75741330000137,MUNICIPIO DE IVAIPORA,26,194557.02,299714.0,1,11,0.6491422489439932
11436548000103,FUNDO MUNICIPAL DE SAUDE - CONGO - PARAIBA,116,191686.6,676600.0,1,4,0.2833086018326929
84723030000116,MUNICIPIO DE PRIMAVERA DE RONDONIA,72,189625.6,108590.0,1,8,1.746252877797219
11538959000100,FUNDO MUNICIPAL DE SAUDE SAO JOSE DA LAJE,50,184690.0,827500.0,1,1,0.223190332326284
68319748000195,MUNICIPIO DE GUATAPARA,30,179713.2,690900.0,1,2,0.2601146330872775
13069201000197,FUNDO MUNICIPAL DE SAUDE DE JUNCO DO SERIDO-PB,131,174111.08,344944.0,1,1,0.5047517278166891
01680880000157,MUNICIPIO DE SAO JOSE DO PEIXE - SECRETARIA DE SAUDE,107,174061.92,73368.0,1,1,2.3724501144913317
45735552000186,MUNICIPIO DE ARTUR NOGUEIRA,159,173111.02,171333.0,1,22,1.0103775688279548
11447587000106,FUNDO MUNICIPAL DE SAUDE DE MORAUJO,43,171488.0,31944.0,1,4,5.36839469070874
21858225000153,MUNICIPIO DE MILTON BRANDAO - FUNDO MUNICIPAL DE SAUDE,130,169520.78,444069.0,1,2,0.38174423344119945
11601645000104,FUNDO MUNICIPAL DE SAUDE,52,169157.18,655520.0,1,4,0.25805037222357824
09380391000191,FUNDO MUNICIPAL DE SAUDE - MUNICIPIO DE ARIRANHA DO IVAI,167,167939.5,387950.0,1,9,0.43288954762211623
12584054000120,FUNDO MUNICIPAL DE SAUDE DE JACUIPE,21,167791.75,205950.0,1,1,0.8147208060208788
11523119000165,FUNDO MUNICIPAL DE SAUDE,51,161058.6,483411.0,1,6,0.3331711524975642
09071622000185,MUNICIPIO DE LAGOA DE DENTRO,88,159970.5,764740.0,1,10,0.20918285953395926
76995448000154,MUNICIPIO DE PATO BRANCO,14,159216.0,993151.0,1,9,0.16031399052107886
08823037000121,FUNDO MUNICIPAL DE SAUDE,68,158602.79,93399.0,1,7,1.6981208578250304
14635944000140,FUNDO MUNICIPAL DE SAUDE DO MUNICIPIO DE IBIRACU,63,156667.858,607735.0,1,26,0.25778975704871365
00955107000193,FUNDACAO MUNICIPAL DE SAUDE DE RIO CLARO,12,156656.0,485460.0,1,7,0.3226959996704157
12401524000173,FUNDO MUNICIPAL DE SAUDE,99,151301.55,350310.0,1,5,0.4319075961291427
01825794000195,MUNICIPIO DE JARDIM DO MULATO- SECRETARIA MUNICIPAL DE SAUDE,84,147859.48,64152.0,1,7,2.3048304027933657
12526644000105,FUNDO MUNICIPAL DE SAUDE DE SAO JOSE DO BONFIM PB,94,141100.1,422190.0,1,4,0.3342099528648239
10693916000128,FUNDO MUNICIPAL DE SAUDE - FMS,61,140904.115,462122.0,1,4,0.30490674540489304
31796626000180,MUNICIPIO DE AGUA DOCE DO NORTE,96,140019.358,46856.0,1,8,2.98829089124125
08730943000181,FUNDO MUNICIPAL DE SAUDE,143,139411.55,368210.0,1,4,0.37861967355585124
09652908000154,FUNDO MUNICIPAL DE SAUDE DE FENIX,65,137157.53,120079.0,1,7,1.142227450261911
10257028000162,FUNDO MUNICIPAL DE SAUDE,14,136372.6,21924.0,1,5,6.220242656449553
11321779000163,FUNDO MUNICIPAL DE SAUDE - SALGADINHO - PB,763,136195.686,686714.0,1,5,0.19832956077784927
12447227000169,FUNDO MUNICIPAL DE SAUDE DE SANTA TEREZINHA,45,131154.5,1051900.0,1,6,0.12468342998383877
75771204000125,MUNICIPIO DE JANDAIA DO SUL,52,130823.1,252960.0,1,6,0.5171691176470589
76175926000180,MUNICIPIO DE CANDIDO DE ABREU,31,130200.42,456200.0,1,8,0.2854020604997808
63761993000215,MUNICIPIO DE SERINGUEIRAS,22,127291.5308,49599.0,1,12,2.5664132502671424
66831959000187,MUNICIPIO DE SALTINHO,6,124236.0,140204.0,1,4,0.8861088128726713
06554166000560,MUNICIPIO DE RIO GRANDE DO PIAUI,69,122533.05,215985.0,1,1,0.5673220362525175
10381732000122,FUNDO MUNICIPAL DE SAUDE,29,121027.76,283120.0,1,2,0.4274786662899124
10486210000195,FUNDO MUNICIPAL DE SAUDE DE JACARAU,28,120690.0,454500.0,1,1,0.26554455445544556
27744176000104,MUNICIPIO DE MARILANDIA,2,120325.0,72500.0,1,1,1.6596551724137931
00394544017150,MINISTERIO DA SAUDE,1,114700.0,10000.0,1,1,11.47
11832051000104,FUNDO MUNICIPAL DE SAUDE DO MUNICIPIO DE AREIA DE BARAUNAS,118,111559.576,456000.0,1,2,0.24464819298245613
01612155000141,MUNICIPIO DE SOORETAMA,37,109578.395,201290.0,1,3,0.5443807193601272
11463735000178,FUNDO MUNICIPAL DE SAUDE DE CROATA,168,106198.48,29923.0,1,1,3.5490585836981583
09354277000197,FUNDO MUNICIPAL DE SAUDE - MUNICPO DE TURVO,31,105537.66,258650.0,1,12,0.40803270829306015
16656280000120,FUNDO MUNICIPAL DE SAUDE,5,105139.2,51281.0,1,3,2.05025643025682
87568911000106,MUNICIPIO DE CANDELARIA,41,104878.594,780562.0,1,13,0.13436292568687688
18457200000133,MUNICIPIO DE CANAPOLIS,13,100258.4,67105.0,1,5,1.4940526041278592
09158413000173,FUNDO MUNICIPAL DE SAUDE DE REALEZA,76,91994.965,47254.0,1,9,1.9468185762051888
05266565000139,MUNICIPIO DE CAJUEIRO DA PRAIA - SECRETARIA MUNICIPAL DE SAUDE,74,91558.6,215860.0,1,1,0.4241573241916057
11918033000131,FUNDO MUNICIPAL SAUDE DE VIANOPOLIS,14,87890.0,1070.0,1,1,82.14018691588785
11855813000180,FUNDO MUNICIPAL DE SAUDE,45,82942.134,17942.0,1,2,4.622791996432951
46319000000150,MUNICIPIO DE GUARULHOS,4,78023.4,53040.0,1,4,1.4710294117647058
09055340000275,"ASSOCIACAO DE SAUDE, ESPORTE, LAZER E CULTURA - ASELC",43,77131.51,12927.0,1,13,5.9666983832289
11432702000160,FUNDO MUNICIPAL DE SAUDE DE PARIPUEIRA,6,76970.0,82000.0,1,4,0.9386585365853658
84745389000194,MUNICIPIO DE SAO FELIPE D`OESTE,20,76321.9,40905.0,1,4,1.865833027747219
76402882000183,MUNICIPIO DE JANIOPOLIS,43,76079.6452,19931.0,1,6,3.8171514324419245
02458170000140,MUNICIPIO DE BERTOLINIA - SECRETARIA DE SAUDE,30,74882.0,17650.0,1,2,4.242606232294618
09277712000127,FUNDO MUNICIPAL DE SAUDE,2,74750.0,250.0,1,1,299.0
01612618000175,MUNICIPIO DE CAXINGO,54,74370.35,301875.0,1,1,0.24636140786749483
24772162000106,MUNICIPIO DE NOVA MUTUM,5,74049.44,860.0,1,3,86.104
91566869000153,MUNICIPIO DE VILA FLORES,20,73776.35,173750.0,1,8,0.4246120863309353
75388850000108,MUNICIPIO DE LEOPOLIS,58,73578.48,43314.0,1,7,1.6987228147942928
17518565000168,FUNDO MUNICIPAL DE SAUDE DE PARAISO DAS AGUAS - MS,1,70000.0,1.0,1,1,70000.0
12756355000194,FUNDO MUNICIPAL DE SAUDE,33,69709.101,3075.0,1,7,22.669626341463413
12457150000108,FUNDO MUNICIPAL DE SAUDE DE RIO TINTO,133,66028.52,160189.0,1,6,0.41219134896903037
76178011000128,MUNICIPIO DE PINHAO,20,65026.47,116930.0,1,2,0.5561145129564697
01753396000100,FUNDO MUNICIPAL DE SAUDE - PREFEITURA MUNICIPAL DE PIRA,11,64775.45,153675.0,1,2,0.4215093541564991
11401979000126,FUNDO MUNICIPAL DE SAUDE,12,62820.0,921200.0,1,4,0.06819366044290057
10552903000139,FUNDO MUNICIPAL DE SAUDE,8,61695.0,200150.0,1,6,0.30824381713714716
09148131000195,MUNICIPIO DE MANAIRA,58,57812.5,368100.0,1,7,0.15705650638413474
10517867000172,FUNDO MUNICIPAL DE SAUDE,15,57620.8,99095.0,1,3,0.5814703062717594
11323261000169,FUNDO MUNICIPAL DE SAUDE,4,56127.625,257350.0,1,3,0.2180984068389353
11295419000134,FUNDO MUNICIPAL DE SAUDE,36,55219.114,123555.0,1,9,0.4469192990975679
88743604000179,MUNICIPIO DE CHARQUEADAS,8,51696.72,287140.0,1,5,0.1800401198021871
46374500015701,SECRETARIA DE ESTADO DA SAUDE,8,51207.0,6440.0,1,6,7.95139751552795
12021434000157,FUNDO MUNICIPAL DE SAUDE DE JARAGUARI,69,50599.6,5670.0,1,2,8.924091710758377
12332953000136,MUNICIPIO DE MURICI,14,47662.8,341880.0,1,1,0.13941382941382943
45132495000140,MUNICIPIO DE LIMEIRA,1,47460.0,420000.0,1,1,0.113
92455393000146,MUNICIPIO DE NOVA ESPERANCA DO SUL,16,46963.2,249000.0,1,3,0.18860722891566264
46341038000129,MUNICIPIO DE PIRACICABA,8,46158.0,38950.0,1,5,1.1850577663671373
11323039000166,FUNDO MUNICIPAL DE SAUDE DE BOCA DA MATA,4,45857.0,4200.0,1,2,10.918333333333333
01761198000199,MUNICIPIO DE LUZILANDIA - SECRETARIA MUNICIPAL DE SAUDE,7,45766.0,117500.0,1,1,0.38949787234042554
67662544000190,MUNICIPIO DE EMILIANOPOLIS,24,44863.698,42070.0,1,7,1.0664059424768242
11194088000146,FUNDO MUNICIPAL DE SAUDE,17,44026.074,1290.0,1,2,34.12873953488372
11371082000105,FUNDO MUNICIPAL DE SAUDE,1,41446.0,1219000.0,1,1,0.034
13781828000176,MUNICIPIO DE IBITIARA,25,40463.0,706650.0,1,2,0.05726031274322508
10316445000139,FUNDO MUNICIPAL DE SAUDE,7,39595.0,30000.0,1,1,1.3198333333333334
03265143000113,SECRETARIA MUNICIPAL DE SAUDE,22,39361.48,10712.0,1,2,3.674522031366692
81478133000170,MUNICIPIO DE PEROLA,129,37267.03,11132.0,1,3,3.3477389507725475
13861260000101,FUNDO MUNICIPAL DE SAUDE DO MUNICIPIO DE COLIDER,19,37264.0,19152.0,1,2,1.9456975772765246
29141322000132,MUNICIPIO DE PIRAI,22,37247.35,4404.0,1,1,8.457618074477747
11502951000185,FUNDO MUNICIPAL DE SAUDE DE GOVERNADOR JORGE TEIXEIRA,7,36110.0,172900.0,1,3,0.20884904569115095
04589955000187,FUNDO MUNICIPAL DE SAUDE DE AQUIDAUANA,2,34400.0,520000.0,1,1,0.06615384615384616
76105584000121,MUNICIPIO DE TIJUCAS DO SUL,12,33960.33,17.0,1,6,1997.6664705882354
46374500001751,SECRETARIA DE ESTADO DA SAUDE,40,33323.146,43123.0,1,24,0.7727464694014795
01612453000131,MUNICIPIO DE ARIRANHA DO IVAI,43,32224.5,63300.0,1,9,0.5090758293838863
08891830000168,MUNICIPIO DE SERRA GRANDE,6,31232.0,9100.0,1,2,3.432087912087912
08929648000159,MUNICIPIO DE CACIMBA DE DENTRO,28,29752.4,217900.0,1,2,0.13654153281321707
82892282000143,MUNICIPIO DE FLORIANOPOLIS,16,29622.696,2580.0,1,6,11.48166511627907
76002641000147,MUNICIPIO DE RIO NEGRO,15,28287.0,65166.0,1,5,0.43407605192892
12403050000107,FUNDO MUNICIPAL DE SAUDE - FMS,55,26115.53,18688.0,1,2,1.397449165239726
11907806000184,FUNDO MUNICIPAL DE SAUDE DE TACIMA,56,24996.3,65500.0,1,1,0.38162290076335875
03118011000169,MUNICIPIO DE DOMINGOS MOURAO - SECRETARIA MUNICIPAL DE SAUDE,3,24186.0,105600.0,1,1,0.2290340909090909
76950096000110,MUNICIPIO DE UBIRATA,18,23440.06,108876.0,1,2,0.21529134060766378
06554125000220,MUNICIPIO DE MANOEL EMIDIO,72,23040.6,8007.0,1,2,2.877557137504683
76205970000195,MUNICIPIO DE LARANJEIRAS DO SUL,2,22789.25,7500.0,1,2,3.0385666666666666
18229151000181,FUNDO MUNICIPAL DE SAUDE DE BANDEIRANTES MS,22,22742.46,7452.0,1,2,3.0518599033816423
76247337000160,MUNICIPIO DE ICARAIMA,16,22427.771,7020.0,1,4,3.1948391737891737
92324748000168,MUNICIPIO DE CERRO GRANDE DO SUL,8,22035.9,34210.0,1,5,0.644136217480269
45355914000103,MUNICIPIO DE RIBEIRAO BONITO,30,20233.24,78764.0,1,8,0.256884363414758
11837925000108,FUNDO MUNICIPAL DE SAUDE,5,19789.0,1800.0,1,1,10.99388888888889
12802079000153,FUNDO MUNICIPAL DE SAUDE DE ISAIAS COELHO,11,19666.0,101800.0,1,1,0.19318271119842828
87838330000139,MUNICIPIO DE FELIZ,2,19463.6,110120.0,1,2,0.1767490010897203
11739873000137,FMS DE GURINHEM,5,18036.25,395.0,1,1,45.66139240506329
01612553000168,MUNICIPIO DE SOBRADO,7,16831.0,25060.0,1,2,0.6716280925778132
09258961000175,FUNDO MUNICIPAL DE SAUDE DE SAO PEDRO DO IGUACU,19,15773.42,30785.0,1,8,0.5123735585512424
46523148000101,MUNICIPIO DE EMBU-GUACU,2,15663.96,8502.0,1,1,1.8423853211009174
10975044000190,FUNDO MUNICIPAL DE SAUDE - FMS,1,15000.0,100000.0,1,1,0.15
46732442000123,MUNICIPIO DE DESCALVADO,1,13925.23,11.0,1,1,1265.93
10380316000100,FUNDO MUNICIPAL DE SAUDE DE QUINTA DO SOL,22,13300.3,41870.0,1,6,0.3176570336756627
13791643000142,FUNDO MUNICIPAL DE SAUDE,26,11612.6,11924.0,1,1,0.9738846024823885
23014200000107,FUNDO MUNICIPAL DE SAUDE DE CRUZ DO ESPIRITO SANTO,119,11584.34,2758600.0,1,1,0.004199354745160588
03961246000118,MUNICIPIO DE ACAUA - SECRETARIA DE SAUDE E DE ASSISTENCIA SOCIAL,30,11496.27,46068.0,1,2,0.24955001302422508
79151312000156,UNIVERSIDADE ESTADUAL DE MARINGA,1,10332.0,1200.0,1,1,8.61
14164659000198,FUNDO MUNICIPAL DE SAUDE DE SAO ROQUE DE MINAS,2,9600.0,8.0,1,1,1200.0
12332987000120,MUNICIPIO DE COLONIA LEOPOLDINA,4,9227.5,16950.0,1,3,0.5443952802359882
08159071000143,MUNICIPIO DE JAPI,1,9000.0,6.0,1,1,1500.0
78121936000168,MUNICIPIO DE TRES BARRAS DO PARANA,2,8360.72,200.0,1,1,41.803599999999996
08881666000108,MUNICIPIO DE SALGADINHO,64,8322.4265,17112.0,1,4,0.48635030972417015
12342368000117,FUNDO MUNICIPAL DE SAUDE DE JACARE DOS HOMENS,6,7929.6,46170.0,1,1,0.17174788823911633
11348486000170,FUNDO MUNICIPAL DE SAUDE,1,7520.0,1000.0,1,1,7.52
04182700000103,FUNDO MUNICIPAL DE SAUDE,2,6392.5,32250.0,1,1,0.1982170542635659
13601247000105,FUNDO MUNICIPAL DE SAUDE,39,6126.1541,34609.0,1,6,0.17701043370221617
11544537000139,FUNDO MUNICIPAL DE SAUDE,6,5241.0,33400.0,1,4,0.15691616766467065
72887078000180,MUNICIPIO DE VERA CRUZ,2,5079.75,20175.0,1,2,0.2517843866171004
10700103000118,FUNDO MUNICIPAL DA SAUDE,1,4900.0,100000.0,1,1,0.049
14540893000172,FUNDO MUNICIPAL DE SAUDE DE CASSILANDIA-MS,2,4440.0,125000.0,1,1,0.03552
08061295000118,CONSORCIO METROPOLITANO DE SAUDE DO PARANA - COMESP,4,3808.8,336.0,1,1,11.335714285714285
12842829000110,MUNICIPIO DE TEOTONIO VILELA,2,3720.0,19000.0,1,1,0.1957894736842105
08790172000118,MUNICIPIO DE SERRARIA,15,3582.26,20911.0,1,2,0.17130983692793267
10530745000116,FUNDO MUNICIPAL DE SAUDE,4,3551.0,15500.0,1,1,0.22909677419354837
11782445000197,FUNDO MUNICIPAL DE SAUDE DE OROS,2,3533.4,520.0,1,1,6.795
09457349000121,FUNDO MUNICIPAL DE SAUDE DE INAJA PARANA,21,3462.13,391.0,1,1,8.85455242966752
02304966000148,MUNICIPIO DE PARNAGUA - SECRETARIA DE SAUDE,5,3425.3,12400.0,1,1,0.27623387096774193
11084263000142,FUNDO MUNICIPAL DE SAUDE,1,3357.0,300.0,1,1,11.19
00394544004334,MINISTERIO DA SAUDE,1,3276.0,21000.0,1,1,0.156
11160486000141,FUNDO MUNICIPAL DE SAUDE,5,3148.9,3480.0,1,4,0.9048563218390805
06554919000103,MUNICIPIO DE FRANCINOPOLIS,2,3147.0,1300.0,1,1,2.420769230769231
11307575000178,FUNDO MUNICIPAL DE SAUDE,2,3010.0,2500.0,1,1,1.204
14744834000116,FUNDO MUNICIPAL DE SAUDE,1,2370.0,50000.0,1,1,0.0474
45368545000193,MUNICIPIO DE SANTA ROSA DE VITERBO,1,2100.0,3000.0,1,1,0.7
00394429000968,COMANDO DA AERONAUTICA,2,1929.0,400.0,1,2,4.8225
09417876000102,FUNDO MUNICIPAL DE SAUDE DE CAFEZAL DO SUL,4,1815.5,1350.0,1,2,1.344814814814815
13887045000171,FUNDO MUNICIPAL DE SAUDE DE NANTES,5,1525.8,2630.0,1,1,0.5801520912547529
11895474000165,FUNDO MUNICIPAL DE SAUDE,1,1080.0,6000.0,1,1,0.18
04394805000118,MUNICIPIO DE ROLIM DE MOURA,2,1068.0,1600.0,1,1,0.6675
63761969000103,MUNICIPIO DE CASTANHEIRAS,2,1030.0,510.0,1,2,2.019607843137255
15718459000100,CONSORCIO INTERMUNICIPAL DA REDE DE URGENCIAS E EMERGENCIAS DO NOROESTE DO PARANA - CIUENP,2,988.65,3500.0,1,1,0.28247142857142854
02125685000128,HOSPITAL REGIONAL DE MATO GROSSO DO SUL ROSA PEDROSSIAN,1,536.25,125.0,1,1,4.29
14813806000103,FUNDO MUNICIPAL DE SAUDE DE AGUA DOCE DO NORTE,1,499.0,500.0,1,1,0.998
08218991000195,FUNDO MUNICIPAL DE SAUDE DE ITABUNA - SMS,1,315.0,350.0,1,1,0.9
18457218000135,MUNICIPIO DE ITUIUTABA,1,278.08,176.0,1,1,1.5799999999999998
13556480000113,FUNDO MUNICIPAL DE SAUDE DO MUNICIPIO DE PEDRO OSORIO - RS,2,212.315,40.0,1,2,5.307875
88141460000180,MUNICIPIO DE SANTANA DA BOA VISTA,4,186.9,150.0,1,2,1.246
04384268000125,MUNICIPIO DE CAJAZEIRAS DO PIAUI - SECRETARIA DE SAUDE E PROMOCAO SOCIAL,1,177.5,50.0,1,1,3.55
14801768000179,FUNDO MUNICIPAL DE SAUDE DE PIUMA,1,153.0,1000.0,1,1,0.153
76413061000142,MUNICIPIO DE NOVA ALIANCA DO IVAI,1,81.6,20.0,1,1,4.08
10473821000107,FUNDO MUNICIPAL DE SAUDE DO MUNICIPIO DE PRINCESA ISABEL,1,8.0,100.0,1,1,0.08
13917262000167,FUNDO MUNICIPAL DE SAUDE DE SANTA MARIA DE JETIBA,1,0.0022,1.0,1,1,0.0022

