ano_compra,cnpj_instituicao,uf,esfera,data_compra,data_insercao,validade_compra,codigo_catmat,descricao_produto,codigo_pdm,codigo_grupo,grupo,codigo_classe,classe,generico,tipo_compra,unidade_medida,cnpj_fornecedor,fornecedor,cnpj_fabricante,fabricante,quantidade,observacao,instituicao,municipio,unidade_apresentacao,pdm,numero_processo,numero_ata,unidade_fornecimento,registro_anvisa,modalidade_compra,capacidade_informada,preco_unitario,preco_total,id_bps,flag_invalido_quantidade,flag_invalido_preco_unitario,flag_invalido_preco_total,flag_invalido_capacidade_informada,flag_invalido_data_compra,flag_invalido_data_insercao,flag_formato_cnpj_instituicao,flag_formato_cnpj_fornecedor,flag_formato_cnpj_fabricante,ano_arquivo,arquivo_origem,linha_origem,registro_id,instituicao_id,fornecedor_id,fabricante_id,municipio_uf,produto,mes_compra,trimestre_compra,flag_ano_data_divergente,flag_data_futura,flag_insercao_anterior_compra,preco_total_calculado,diferenca_total,flag_total_divergente,flag_quantidade_nao_positiva,flag_preco_negativo,flag_total_negativo,faixa_quantidade,elegivel_preco,flag_duplicado_id_bps,flag_duplicado_exato,flag_possivel_duplicado_negocio
2025,76416866000140,PR,ESTADUAL,2025-12-01,2026-02-05,12,272815,"PENICILAMINA, DOSAGEM:250 MG",10621,65,"Equipamentos e artigos para uso médico, dentário e veterinario",6505,DROGAS E MEDICAMENTOS,N,ADMINISTRATIVA,,11697594000310,AGILLE COMERCIO DE MEDICAMENTOS LTDA,17875154000120,MEDQUIMICA INDUSTRIA FARMACEUTICA LTDA.,77500.0,"Registro de Preços, pelo período de 1 (um) ano, podendo ser prorrogado por igual período, desde que comprovado o preço vantajoso, para futura e eventual aquisição de Medicamentos – CEAF 09",SECRETARIA DE ESTADO DA SAUDE,CURITIBA,CÁPSULA,PENICILAMINA,242049608,1349,CÁPSULA,1091701310013,PREGÃO,,294400.0,22816000000.0,15502366,0,0,0,0,0,0,0,0,0,2025,BPS_2025.csv,14183,2025:14183,76416866000140,11697594000310,17875154000120,CURITIBA / PR,"272815 | PENICILAMINA, DOSAGEM:250 MG",2025-12,2025Q4,0,0,0,22816000000.0,0.0,0,0,0,0,04: >10.000–100.000,1,0,0,0
2025,46374500026231,SP,ESTADUAL,2025-12-11,2026-03-21,12,305725,"OCTREOTIDA, DOSAGEM:0,1 MG/ML, FORMA FARMACÊUTICA:SOLUÇÃO INJETÁVEL",10144,65,"Equipamentos e artigos para uso médico, dentário e veterinario",6505,DROGAS E MEDICAMENTOS,N,ADMINISTRATIVA,ML,05005873000100,PORTAL LTDA,05035244000123,SUN FARMACEUTICA DO BRASIL LTDA,28060.0,,SECRETARIA DE ESTADO DA SAUDE,SAO PAULO,"AMPOLA 1,00 ML",OCTREOTIDA,024.00102469/2025-61,PERP 008/2026,AMPOLA,1468200200046,PREGÃO,100.0,520000.0,14591200000.0,15622464,0,0,0,0,0,0,0,0,0,2025,BPS_2025.csv,25519,2025:25519,46374500026231,05005873000100,05035244000123,SAO PAULO / SP,"305725 | OCTREOTIDA, DOSAGEM:0,1 MG/ML, FORMA FARMACÊUTICA:SOLUÇÃO INJETÁVEL",2025-12,2025Q4,0,0,0,14591200000.0,0.0,0,0,0,0,04: >10.000–100.000,1,0,0,0
2026,95422986000102,PR,MUNICIPAL,2026-06-24,2026-07-23,12,271089,"AMOXICILINA, CONCENTRAÇÃO:500MG",2436,65,"Equipamentos e artigos para uso médico, dentário e veterinario",6505,DROGAS E MEDICAMENTOS,S,ADMINISTRATIVA,,42227547000174,MED4 IMPORTADORA E DISTRIBUIDORA LTDA,05399786000185,UNICHEM FARMACEUTICA DO BRASIL LTDA.,261600.0,,MUNICIPIO DE FAZENDA RIO GRANDE,FAZENDA RIO GRANDE,CÁPSULA,AMOXICILINA,4/2026,2/2026,CÁPSULA,1564900030066,PREGÃO,,51038.16,13351582656.0,15569621,0,0,0,0,0,0,0,0,0,2026,BPS_2026.csv,6316,2026:6316,95422986000102,42227547000174,05399786000185,FAZENDA RIO GRANDE / PR,"271089 | AMOXICILINA, CONCENTRAÇÃO:500MG",2026-06,2026Q2,0,0,0,13351582656.0,0.0,0,0,0,0,05: >100.000,1,0,0,0
2025,46374500026231,SP,ESTADUAL,2025-01-08,2025-09-17,12,356051,"ÁCIDO ZOLEDRÔNICO, CONCENTRAÇÃO:50 MCG/ML, FORMA FARMACEUTICA:SOLUÇÃO INJETÁVEL",13679,65,"Equipamentos e artigos para uso médico, dentário e veterinario",6505,DROGAS E MEDICAMENTOS,N,ADMINISTRATIVA,ML,27817504000155,SP HOSPITALAR LTDA,61190096000192,EUROFARMA LABORATORIOS S.A.,18657.0,,SECRETARIA DE ESTADO DA SAUDE,SAO PAULO,"BOLSA 100,00 ML",ÁCIDO ZOLEDRÔNICO,024.00126107/2024-85,PERP 158/2024,BOLSA,1004314180050,PREGÃO,10000.0,199000.0,3712743000.0,15516522,0,0,0,0,0,0,0,0,0,2025,BPS_2025.csv,15194,2025:15194,46374500026231,27817504000155,61190096000192,SAO PAULO / SP,"356051 | ÁCIDO ZOLEDRÔNICO, CONCENTRAÇÃO:50 MCG/ML, FORMA FARMACEUTICA:SOLUÇÃO INJETÁVEL",2025-01,2025Q1,0,0,0,3712743000.0,0.0,0,0,0,0,04: >10.000–100.000,1,0,0,0
2026,13693153000103,RS,MUNICIPAL,2026-06-08,2026-06-22,12,271157,"INSULINA, ORIGEM:HUMANA, TIPO:NPH, DOSAGEM:100U/ML, APLICAÇÃO:INJETÁVEL",8428,65,"Equipamentos e artigos para uso médico, dentário e veterinario",6505,DROGAS E MEDICAMENTOS,,ADMINISTRATIVA,ML,47647493000110,G2 COMERCIO DE MEDICAMENTOS LTDA,43940618000144,ELI LILLY DO BRASIL LTDA,63200.0,,CONSORCIO PUBLICO DA ASSOCIACAO DOS MUNICIPIOS DA REGIAO METROPOLITANA DE PORTO ALEGRE - CP GRANPAL,PORTO ALEGRE,"FRASCO 10,00 ML",INSULINA,8,26,FRASCO,,REGISTRO DE PREÇOS,1000.0,45715.0,2889188000.0,15438036,0,0,0,0,0,0,0,0,0,2026,BPS_2026.csv,2595,2026:2595,13693153000103,47647493000110,43940618000144,PORTO ALEGRE / RS,"271157 | INSULINA, ORIGEM:HUMANA, TIPO:NPH, DOSAGEM:100U/ML, APLICAÇÃO:INJETÁVEL",2026-06,2026Q2,0,0,0,2889188000.0,0.0,0,0,0,0,04: >10.000–100.000,1,0,0,0
2024,42498717000155,RJ,ESTADUAL,2024-11-13,2025-03-17,12,606824,"TEZEPELUMABE, CONCENTRAÇÃO:110 MG/ML, FORMA FARMACÊUTICA:SOLUÇÃO INJETÁVEL, CARACTERÍSTICAS ADICIONAIS:SERINGA PREENCHIDA",30101,65,"Equipamentos e artigos para uso médico, dentário e veterinario",6505,DROGAS E MEDICAMENTOS,N,JUDICIAL,ML,60318797000100,ASTRAZENECA DO BRASIL LTDA.,60318797000100,ASTRAZENECA DO BRASIL LTDA.,203.0,,SECRETARIA DE ESTADO DE SAUDE - SES,RIO DE JANEIRO,"SERINGA 1,91 ML",TEZEPELUMABE,SEI0800010058682024,166/2024,SERINGA,1161802950020,PREGÃO,191.0,8191720.0,1662919160.0,15420860,0,0,0,0,0,0,0,0,0,2024,BPS_2024.csv,6743,2024:6743,42498717000155,60318797000100,60318797000100,RIO DE JANEIRO / RJ,"606824 | TEZEPELUMABE, CONCENTRAÇÃO:110 MG/ML, FORMA FARMACÊUTICA:SOLUÇÃO INJETÁVEL, CARACTERÍSTICAS ADICIONAIS:SERINGA PREENCHIDA",2024-11,2024Q4,0,0,0,1662919160.0,0.0,0,0,0,0,02: >100–1.000,1,0,0,0
2023,42498717000155,RJ,ESTADUAL,2023-06-05,2024-07-15,12,429724,"CARFILZOMIB, CONCENTRAÇÃO:60 MG, FORMA FARMACEUTICA:PÓ LIÓFILO P/ INJETÁVEL",1894,65,"Equipamentos e artigos para uso médico, dentário e veterinario",6505,DROGAS E MEDICAMENTOS,S,JUDICIAL,,10586940000168,ONCOVIT DISTRIBUIDORA DE MEDICAMENTOS LTDA,18774815000193,AMGEN BIOTECNOLOGIA DO BRASIL LTDA.,284.0,,SECRETARIA DE ESTADO DE SAUDE - SES,RIO DE JANEIRO,FRASCO-AMPOLA,CARFILZOMIB,SEI-080017/006240/21,217/2023,FRASCO-AMPOLA,1024400100013,PREGÃO,,4804290.0,1364418360.0,15396593,0,0,0,0,0,0,0,0,0,2023,BPS_2023.csv,5834,2023:5834,42498717000155,10586940000168,18774815000193,RIO DE JANEIRO / RJ,"429724 | CARFILZOMIB, CONCENTRAÇÃO:60 MG, FORMA FARMACEUTICA:PÓ LIÓFILO P/ INJETÁVEL",2023-06,2023Q2,0,0,0,1364418360.0,0.0,0,0,0,0,02: >100–1.000,1,0,0,0
2024,46523015000135,SP,MUNICIPAL,2024-01-29,2024-09-23,12,403131,"BUDESONIDA, CONCENTRAÇÃO:50 MCG/DOSE, FORMA FARMACÊUTICA:SUSPENSÃO AQUOSA NASAL, CARACTERÍSTICA ADICIONAL:FRASCO COM VÁLVULA DOSIFICADORA",3946,65,"Equipamentos e artigos para uso médico, dentário e veterinario",6505,DROGAS E MEDICAMENTOS,N,ADMINISTRATIVA,DOSES,04274988000138,ATIVA COMERCIAL HOSPITALAR LTDA,61190096000192,EUROFARMA LABORATORIOS S.A.,40000.0,,MUNICIPIO DE BARUERI,BARUERI,"FRASCO 200,00 DOSES",BUDESONIDA,121/2024,sim,FRASCO,1004300360061,PREGÃO,20000.0,23980.0,959200000.0,15667361,0,0,0,0,0,0,0,0,0,2024,BPS_2024.csv,25922,2024:25922,46523015000135,04274988000138,61190096000192,BARUERI / SP,"403131 | BUDESONIDA, CONCENTRAÇÃO:50 MCG/DOSE, FORMA FARMACÊUTICA:SUSPENSÃO AQUOSA NASAL, CARACTERÍSTICA ADICIONAL:FRASCO COM VÁLVULA DOSIFICADORA",2024-01,2024Q1,0,0,0,959200000.0,0.0,0,0,0,0,04: >10.000–100.000,1,0,0,0
2026,07662324000134,RS,MUNICIPAL,2026-01-02,2026-03-24,12,270895,"CARBONATO DE CÁLCIO, DOSAGEM:500MG DE CÁLCIO",15870,65,"Equipamentos e artigos para uso médico, dentário e veterinario",6505,DROGAS E MEDICAMENTOS,,ADMINISTRATIVA,,00802002000102,ALTERMED MATERIAL MEDICO HOSPITALAR LTDA,31170914000124,MAYBEN PHARMACEUTICAL LTDA,699.0,,CONSORCIO INTERMUNICIPAL DO VALE DO RIO CAI (CIS-CAI),MONTENEGRO,COMPRIMIDO,CARBONATO DE CÁLCIO,89/2025,15/2025,COMPRIMIDO,,PREGÃO,,1149000.0,803151000.0,15456203,0,0,0,0,0,0,0,0,0,2026,BPS_2026.csv,3046,2026:3046,07662324000134,00802002000102,31170914000124,MONTENEGRO / RS,"270895 | CARBONATO DE CÁLCIO, DOSAGEM:500MG DE CÁLCIO",2026-01,2026Q1,0,0,0,803151000.0,0.0,0,0,0,0,02: >100–1.000,1,0,0,0
2024,42498717000155,RJ,ESTADUAL,2024-11-25,2025-03-18,12,439259,"AXITINIBE, CONCENTRAÇÃO:5 MG",19480,65,"Equipamentos e artigos para uso médico, dentário e veterinario",6505,DROGAS E MEDICAMENTOS,N,JUDICIAL,,02424344000153,DISTRIBUICAO DE MEDICAMENTOS PAMED LTDA,61072393000133,PFIZER BRASIL LTDA,2820.0,,SECRETARIA DE ESTADO DE SAUDE - SES,RIO DE JANEIRO,COMPRIMIDO,AXITINIBE,SEI0800010147562024,172/2024,COMPRIMIDO,1211004520045,PREGÃO,,253090.0,713713800.0,15403609,0,0,0,0,0,0,0,0,0,2024,BPS_2024.csv,5307,2024:5307,42498717000155,02424344000153,61072393000133,RIO DE JANEIRO / RJ,"439259 | AXITINIBE, CONCENTRAÇÃO:5 MG",2024-11,2024Q4,0,0,0,713713800.0,0.0,0,0,0,0,03: >1.000–10.000,1,0,0,0
2022,46374500026231,SP,ESTADUAL,2022-10-14,2023-05-16,12,439252,"NUSINERSENA, CONCENTRAÇÃO:2,4 MG/ML, FORMA FARMACÊUTICA:SOLUÇÃO INJETÁVEL",19479,65,"Equipamentos e artigos para uso médico, dentário e veterinario",6505,DROGAS E MEDICAMENTOS,N,ADMINISTRATIVA,ML,04307650001530,ONCO PROD DISTRIBUIDORA DE PRODUTOS HOSPITALARES E ONCOLOGICOS LTDA.,07986222000174,BIOGEN BRASIL PRODUTOS FARMACEUTICOS LTDA,2276.0,4361021##carga_20240829,SECRETARIA DE ESTADO DA SAUDE,SAO PAULO,"FRASCO 5,00 ML",NUSINERSENA,SES-PRC-2022/28256,,FRASCO,1699300080010,PREGÃO,500.0,297242.94,676524931.44,15469352,0,0,0,0,0,0,0,0,0,2022,BPS_2022.csv,33308,2022:33308,46374500026231,04307650001530,07986222000174,SAO PAULO / SP,"439252 | NUSINERSENA, CONCENTRAÇÃO:2,4 MG/ML, FORMA FARMACÊUTICA:SOLUÇÃO INJETÁVEL",2022-10,2022Q4,0,0,0,676524931.44,0.0,0,0,0,0,03: >1.000–10.000,1,0,0,0
2020,80905706000131,PR,MUNICIPAL,2020-06-15,2021-06-17,12,269979,"COMPRESSA GAZE, MATERIAL:TECIDO 100% ALGODÃO, TIPO:11 FIOS/CM2, MODELO:COR BRANCA,ISENTA DE IMPUREZAS, CAMADAS:8 CAMADAS, LARGURA:7,50 CM, COMPRIMENTO:7,50 CM, DOBRAS:5 DOBRAS, CARACTERÍSTICAS ADICIONAIS:ESTÉRIL,DESCARTÁVEL",373,65,"Equipamentos e artigos para uso médico, dentário e veterinario",6510,MATERIAIS CIRÚRGICOS PARA CURATIVOS,,ADMINISTRATIVA,UN,18255796000199,M MAGALHAES PRODUTOS HOSPITALAR LTDA,02881877000164,POLAR FIX INDUSTRIA E COMERCIO DE PRODUTOS HOSPITALARES LTDA,2400000.0,4336509##carga_20240829,FUNDO MUNICIPAL DE SAUDE,MARINGA,"PACOTE 5,00 UN",COMPRESSA GAZE,3366/2020,,PACOTE,,PREGÃO,500.0,259.0,621600000.0,15617675,0,0,0,0,0,0,0,0,0,2020,BPS_2020.csv,65045,2020:65045,80905706000131,18255796000199,02881877000164,MARINGA / PR,"269979 | COMPRESSA GAZE, MATERIAL:TECIDO 100% ALGODÃO, TIPO:11 FIOS/CM2, MODELO:COR BRANCA,ISENTA DE IMPUREZAS, CAMADAS:8 CAMADAS, LARGURA:7,50 CM, COMPRIMENTO:7,50 CM, DOBRAS:5 DOBRAS, CARACTERÍSTICAS ADICIONAIS:ESTÉRIL,DESCARTÁVEL",2020-06,2020Q2,0,0,0,621600000.0,0.0,0,0,0,0,05: >100.000,1,0,0,0
2022,46374500026231,SP,ESTADUAL,2022-03-12,2022-07-04,1,332849,"CALCIPOTRIOL, DOSAGEM:50 MCG/G, USO:POMADA",4214,65,"Equipamentos e artigos para uso médico, dentário e veterinario",6505,DROGAS E MEDICAMENTOS,N,ADMINISTRATIVA,G,11424477000200,LEO PHARMA LTDA,11424477000110,LEO PHARMA LTDA,620880000.0,4350739##carga_20240829,SECRETARIA DE ESTADO DA SAUDE,SAO PAULO,"BISNAGA 30,00 G",CALCIPOTRIOL,SES-PRC-2021/51480,,BISNAGA,1856900030013,PREGÃO,3000.0,0.85,527748000.0,15593915,0,0,0,0,0,0,0,0,0,2022,BPS_2022.csv,63388,2022:63388,46374500026231,11424477000200,11424477000110,SAO PAULO / SP,"332849 | CALCIPOTRIOL, DOSAGEM:50 MCG/G, USO:POMADA",2022-03,2022Q1,0,0,0,527748000.0,0.0,0,0,0,0,05: >100.000,1,0,0,0
2024,08778268000160,PB,ESTADUAL,2024-09-26,2025-02-24,12,400563,"USTEQUINUMABE, CONCENTRAÇÃO:90 MG/ML, FORMA FARMACÊUTICA:SOLUÇÃO INJETÁVEL",13187,65,"Equipamentos e artigos para uso médico, dentário e veterinario",6505,DROGAS E MEDICAMENTOS,N,JUDICIAL,ML,51780468000268,JANSSEN-CILAG FARMACEUTICA LTDA,51780468000187,JANSSEN-CILAG FARMACEUTICA LTDA,20000.0,,SECRETARIA DE ESTADO DA SAUDE - SES,JOAO PESSOA,"SERINGA 1,00 ML",USTEQUINUMABE,SES-PRC-2024/27151,,SERINGA,1123633940047,DISPENSA DE LICITAÇÃO,100.0,26125.4,522508000.0,15693988,0,0,0,0,0,0,0,0,0,2024,BPS_2024.csv,27845,2024:27845,08778268000160,51780468000268,51780468000187,JOAO PESSOA / PB,"400563 | USTEQUINUMABE, CONCENTRAÇÃO:90 MG/ML, FORMA FARMACÊUTICA:SOLUÇÃO INJETÁVEL",2024-09,2024Q3,0,0,0,522508000.0,0.0,0,0,0,0,04: >10.000–100.000,1,0,0,0
2021,18538208000124,AL,ESTADUAL,2021-01-14,2021-08-18,12,390505,"RESINA COMPOSTA, TIPO:FOTOPOLIMERIZÁVEL, TAMANHO PARTÍCULAS:HÍBRIDA, ASPECTO FÍSICO:PASTOSA",11676,65,"Equipamentos e artigos para uso médico, dentário e veterinario",6520,"INSTRUMENTOS, EQUIPAMENTOS E SUPRIMENTOS DENTÁRIOS",,ADMINISTRATIVA,,25341162000114,"MEGA DENTAL IMPORTACAO, EXPORTACAO E COMERCIO DE PRODUTOS ODONTOLOGICOS LTDA",05823205000190,MAQUIRA INDUSTRIA DE PRODUTOS ODONTOLOGICOS S.A.,84000.0,4340043##carga_20240829,CONSORCIO INTERMUNICIPAL DO SUL DO ESTADO DE ALAGOAS - CONISUL,PENEDO,SERINGA,RESINA COMPOSTA,P.E. 11/2020 ARP 06,,SERINGA,,PREGÃO,,5768.0,484512000.0,15592704,0,0,0,0,0,0,0,0,0,2021,BPS_2021.csv,58590,2021:58590,18538208000124,25341162000114,05823205000190,PENEDO / AL,"390505 | RESINA COMPOSTA, TIPO:FOTOPOLIMERIZÁVEL, TAMANHO PARTÍCULAS:HÍBRIDA, ASPECTO FÍSICO:PASTOSA",2021-01,2021Q1,0,0,0,484512000.0,0.0,0,0,0,0,04: >10.000–100.000,1,0,0,0
2026,46374500026231,SP,ESTADUAL,2026-01-05,2026-04-14,12,439252,"NUSINERSENA, CONCENTRAÇÃO:2,4 MG/ML, FORMA FARMACÊUTICA:SOLUÇÃO INJETÁVEL",19479,65,"Equipamentos e artigos para uso médico, dentário e veterinario",6505,DROGAS E MEDICAMENTOS,N,ADMINISTRATIVA,ML,12420164000580,CM HOSPITALAR S.A.,07986222000174,BIOGEN BRASIL PRODUTOS FARMACEUTICOS LTDA,1002.0,,SECRETARIA DE ESTADO DA SAUDE,SAO PAULO,"FRASCO 5,00 ML",NUSINERSENA,024.00102498/2025-23,PERP 010/2026,FRASCO,1699300080010,PREGÃO,500.0,344611.06,345300282.12,15474838,0,0,0,0,0,0,0,0,0,2026,BPS_2026.csv,3549,2026:3549,46374500026231,12420164000580,07986222000174,SAO PAULO / SP,"439252 | NUSINERSENA, CONCENTRAÇÃO:2,4 MG/ML, FORMA FARMACÊUTICA:SOLUÇÃO INJETÁVEL",2026-01,2026Q1,0,0,0,345300282.12,0.0,0,0,0,0,03: >1.000–10.000,1,0,0,0
2022,07954571000104,CE,ESTADUAL,2022-07-19,2022-09-20,12,268971,"POLIMIXINA B, DOSAGEM:500.000UI, APRESENTAÇÃO:INJETÁVEL",12343,65,"Equipamentos e artigos para uso médico, dentário e veterinario",6505,DROGAS E MEDICAMENTOS,S,ADMINISTRATIVA,,21595464000168,UNI HOSPITALAR CEARA LTDA,61190096000192,EUROFARMA LABORATORIOS S.A.,13837200.0,4354129##carga_20240829,SECRETARIA DA SAUDE DO ESTADO DO CEARA,FORTALEZA,FRASCO-AMPOLA,POLIMIXINA B,01982125/2022,,FRASCO-AMPOLA,1004309180021,PREGÃO,,18.5,255988200.0,15498658,0,0,0,0,0,0,0,0,0,2022,BPS_2022.csv,41228,2022:41228,07954571000104,21595464000168,61190096000192,FORTALEZA / CE,"268971 | POLIMIXINA B, DOSAGEM:500.000UI, APRESENTAÇÃO:INJETÁVEL",2022-07,2022Q3,0,0,0,255988200.0,0.0,0,0,0,0,05: >100.000,1,0,0,0
2022,07954571000104,CE,ESTADUAL,2022-02-23,2022-09-29,12,414435,"CERTOLIZUMABE PEGOL, CONCENTRAÇÃO:200 MG, FORMA FARMACÊUTICA:SOLUÇÃO INJETÁVEL, CARACTERÍSTICA ADICIONAL:SERINGA PREENCHIDA, COM LENÇO UMIDECIDO",15388,65,"Equipamentos e artigos para uso médico, dentário e veterinario",6505,DROGAS E MEDICAMENTOS,N,ADMINISTRATIVA,,09053134000145,ELFA MEDICAMENTOS S.A,64711500000114,UCB BIOPHARMA LTDA.,349800.0,4354430##carga_20240829,SECRETARIA DA SAUDE DO ESTADO DO CEARA,FORTALEZA,SERINGA,CERTOLIZUMABE PEGOL,08729725/2021,,SERINGA,1236100870014,PREGÃO,,731.33,255819234.0,15498700,0,0,0,0,0,0,0,0,0,2022,BPS_2022.csv,41268,2022:41268,07954571000104,09053134000145,64711500000114,FORTALEZA / CE,"414435 | CERTOLIZUMABE PEGOL, CONCENTRAÇÃO:200 MG, FORMA FARMACÊUTICA:SOLUÇÃO INJETÁVEL, CARACTERÍSTICA ADICIONAL:SERINGA PREENCHIDA, COM LENÇO UMIDECIDO",2022-02,2022Q1,0,0,0,255819234.0,0.0,0,0,0,0,05: >100.000,1,0,0,0
2022,07954571000104,CE,ESTADUAL,2022-08-29,2022-10-13,12,383436,"AZACITIDINA, CONCENTRAÇÃO:100 MG, FORMA FARMACÊUTICA:PÓ LIÓFILO P/ INJETÁVEL",15134,65,"Equipamentos e artigos para uso médico, dentário e veterinario",6505,DROGAS E MEDICAMENTOS,N,ADMINISTRATIVA,,08157293000127,NATCOFARMA DO BRASIL LTDA,08157293000127,NATCOFARMA DO BRASIL LTDA,498600.0,4354852##carga_20240829,SECRETARIA DA SAUDE DO ESTADO DO CEARA,FORTALEZA,FRASCO-AMPOLA,AZACITIDINA,01982524/2022,,FRASCO-AMPOLA,1826100130011,PREGÃO,,480.0,239328000.0,15515403,0,0,0,0,0,0,0,0,0,2022,BPS_2022.csv,45591,2022:45591,07954571000104,08157293000127,08157293000127,FORTALEZA / CE,"383436 | AZACITIDINA, CONCENTRAÇÃO:100 MG, FORMA FARMACÊUTICA:PÓ LIÓFILO P/ INJETÁVEL",2022-08,2022Q3,0,0,0,239328000.0,0.0,0,0,0,0,05: >100.000,1,0,0,0
2022,07954571000104,CE,ESTADUAL,2022-03-01,2022-10-03,12,276234,"INSULINA, ORIGEM:ASPART, DOSAGEM:100U/ML, APLICAÇÃO:INJETÁVEL",8428,65,"Equipamentos e artigos para uso médico, dentário e veterinario",6505,DROGAS E MEDICAMENTOS,N,ADMINISTRATIVA,ML,09053134000145,ELFA MEDICAMENTOS S.A,82277955000155,NOVO NORDISK FARMACEUTICA DO BRASIL LTDA,9290000.0,4354596##carga_20240829,SECRETARIA DA SAUDE DO ESTADO DO CEARA,FORTALEZA,"TUBETE 3,00 ML",INSULINA,10502937/2021,,TUBETE,1176600160027,PREGÃO,300.0,25.48,236709200.0,15685891,0,0,0,0,0,0,0,0,0,2022,BPS_2022.csv,85116,2022:85116,07954571000104,09053134000145,82277955000155,FORTALEZA / CE,"276234 | INSULINA, ORIGEM:ASPART, DOSAGEM:100U/ML, APLICAÇÃO:INJETÁVEL",2022-03,2022Q1,0,0,0,236709200.0,0.0,0,0,0,0,05: >100.000,1,0,0,0
2022,07954571000104,CE,ESTADUAL,2022-09-14,2022-10-14,12,268949,"AZITROMICINA, DOSAGEM:40 MG/ML, APRESENTAÇÃO:SUSPENSÃO ORAL",3167,65,"Equipamentos e artigos para uso médico, dentário e veterinario",6505,DROGAS E MEDICAMENTOS,N,ADMINISTRATIVA,ML,20301535000100,JB FARMA COMERCIO DE MEDICAMENTOS E REPRESENTACOES LTDA,02501297000102,PHARLAB INDUSTRIA FARMACEUTICA S.A,35173000.0,4354916##carga_20240829,SECRETARIA DA SAUDE DO ESTADO DO CEARA,FORTALEZA,"FRASCO 15,00 ML",AZITROMICINA,03471152/2022,,FRASCO,1410700060195,PREGÃO,1500.0,6.7,235659100.0,15375285,0,0,0,0,0,0,0,0,0,2022,BPS_2022.csv,8912,2022:8912,07954571000104,20301535000100,02501297000102,FORTALEZA / CE,"268949 | AZITROMICINA, DOSAGEM:40 MG/ML, APRESENTAÇÃO:SUSPENSÃO ORAL",2022-09,2022Q3,0,0,0,235659100.0,0.0,0,0,0,0,05: >100.000,1,0,0,0
2022,07954571000104,CE,ESTADUAL,2022-04-26,2022-10-07,12,305935,"PROPOFOL, DOSAGEM:10 MG/ML, FORMA FARMACÊUTICA:EMULSÃO INJETÁVEL",11276,65,"Equipamentos e artigos para uso médico, dentário e veterinario",6505,DROGAS E MEDICAMENTOS,N,ADMINISTRATIVA,ML,31673254001095,LABORATORIOS B BRAUN SA,31673254000102,LABORATORIOS B BRAUN SA,32800000.0,4354756##carga_20240829,SECRETARIA DA SAUDE DO ESTADO DO CEARA,FORTALEZA,"AMPOLA 20,00 ML",PROPOFOL,00133698/2022,,AMPOLA,1008501330020,PREGÃO,2000.0,6.99,229272000.0,15454454,0,0,0,0,0,0,0,0,0,2022,BPS_2022.csv,29640,2022:29640,07954571000104,31673254001095,31673254000102,FORTALEZA / CE,"305935 | PROPOFOL, DOSAGEM:10 MG/ML, FORMA FARMACÊUTICA:EMULSÃO INJETÁVEL",2022-04,2022Q2,0,0,0,229272000.0,0.0,0,0,0,0,05: >100.000,1,0,0,0
2020,46374500026231,SP,ESTADUAL,2020-12-12,2021-06-30,12,297775,"ENZIMAS PANCREÁTICAS, PRINCÍPIO ATIVO:PANCREATINA ( AMILASE + LIPASE + PROTEASE ), DOSAGEM:10.000 UI",16342,65,"Equipamentos e artigos para uso médico, dentário e veterinario",6505,DROGAS E MEDICAMENTOS,,ADMINISTRATIVA,,57507378000365,EMS S/A,82277955000155,NOVO NORDISK FARMACEUTICA DO BRASIL LTDA,7976330.0,4337181##carga_20240829,SECRETARIA DE ESTADO DA SAUDE,SAO PAULO,COMPRIMIDO,ENZIMAS PANCREÁTICAS,M120/2020,,COMPRIMIDO,,PREGÃO,,28.0,223337240.0,15663790,0,0,0,0,0,0,0,0,0,2020,BPS_2020.csv,76143,2020:76143,46374500026231,57507378000365,82277955000155,SAO PAULO / SP,"297775 | ENZIMAS PANCREÁTICAS, PRINCÍPIO ATIVO:PANCREATINA ( AMILASE + LIPASE + PROTEASE ), DOSAGEM:10.000 UI",2020-12,2020Q4,0,0,0,223337240.0,0.0,0,0,0,0,05: >100.000,1,0,0,0
2022,07954571000104,CE,ESTADUAL,2022-09-15,2022-11-01,12,305488,"METILFENIDATO CLORIDRATO, DOSAGEM:20 MG, FORMA FARMACÊUTICA:MICROGRÂNULOS DE LIBERAÇÃO MODIFICADA",15893,65,"Equipamentos e artigos para uso médico, dentário e veterinario",6505,DROGAS E MEDICAMENTOS,S,ADMINISTRATIVA,,04307650001298,ONCO PROD DISTRIBUIDORA DE PRODUTOS HOSPITALARES E ONCOLOGICOS LTDA.,56994502000130,NOVARTIS BIOCIENCIAS SA,28968800.0,4355527##carga_20240829,SECRETARIA DA SAUDE DO ESTADO DO CEARA,FORTALEZA,CÁPSULA,METILFENIDATO CLORIDRATO,01413414/2022,,CÁPSULA,1006800800022,PREGÃO,,7.46,216107248.0,15412203,0,0,0,0,0,0,0,0,0,2022,BPS_2022.csv,18719,2022:18719,07954571000104,04307650001298,56994502000130,FORTALEZA / CE,"305488 | METILFENIDATO CLORIDRATO, DOSAGEM:20 MG, FORMA FARMACÊUTICA:MICROGRÂNULOS DE LIBERAÇÃO MODIFICADA",2022-09,2022Q3,0,0,0,216107248.0,0.0,0,0,0,0,05: >100.000,1,0,0,0
2024,46374500026231,SP,ESTADUAL,2024-12-27,2025-09-15,12,439252,"NUSINERSENA, CONCENTRAÇÃO:2,4 MG/ML, FORMA FARMACÊUTICA:SOLUÇÃO INJETÁVEL",19479,65,"Equipamentos e artigos para uso médico, dentário e veterinario",6505,DROGAS E MEDICAMENTOS,N,ADMINISTRATIVA,ML,04307650002855,ONCO PROD DISTRIBUIDORA DE PRODUTOS HOSPITALARES E ONCOLOGICOS LTDA.,07986222000174,BIOGEN BRASIL PRODUTOS FARMACEUTICOS LTDA,641.0,,SECRETARIA DE ESTADO DA SAUDE,SAO PAULO,"FRASCO 5,00 ML",NUSINERSENA,024.00126102/2024-52,PERP 156/2024,FRASCO,1699300080010,PREGÃO,500.0,328013.5,210256653.5,15474622,0,0,0,0,0,0,0,0,0,2024,BPS_2024.csv,11319,2024:11319,46374500026231,04307650002855,07986222000174,SAO PAULO / SP,"439252 | NUSINERSENA, CONCENTRAÇÃO:2,4 MG/ML, FORMA FARMACÊUTICA:SOLUÇÃO INJETÁVEL",2024-12,2024Q4,0,0,0,210256653.5,0.0,0,0,0,0,02: >100–1.000,1,0,0,0
2022,46374500026231,SP,ESTADUAL,2022-11-10,2023-06-07,12,436778,"NIVOLUMABE, CONCENTRAÇÃO:10 MG/ML, FORMA FARMACÊUTICA:SOLUÇÃO INJETÁVEL",19399,65,"Equipamentos e artigos para uso médico, dentário e veterinario",6505,DROGAS E MEDICAMENTOS,N,ADMINISTRATIVA,ML,56998982003122,BRISTOL-MYERS SQUIBB FARMACEUTICA LTDA.,56998982000107,BRISTOL-MYERS SQUIBB FARMACEUTICA LTDA.,21334.0,4361503##carga_20240829,SECRETARIA DE ESTADO DA SAUDE,SAO PAULO,"FRASCO 10,00 ML",NIVOLUMABE,SES-PRC-2022/31637,,FRASCO,1018004080023,PREGÃO,1000.0,9757.65,208169705.1,15351881,0,0,0,0,0,0,0,0,0,2022,BPS_2022.csv,2183,2022:2183,46374500026231,56998982003122,56998982000107,SAO PAULO / SP,"436778 | NIVOLUMABE, CONCENTRAÇÃO:10 MG/ML, FORMA FARMACÊUTICA:SOLUÇÃO INJETÁVEL",2022-11,2022Q4,0,0,0,208169705.1,0.0,0,0,0,0,04: >10.000–100.000,1,0,0,0
2025,46374500026231,SP,ESTADUAL,2025-05-21,2025-11-13,12,432908,"DAPAGLIFLOZINA, CONCENTRAÇÃO:10 MG",16326,65,"Equipamentos e artigos para uso médico, dentário e veterinario",6505,DROGAS E MEDICAMENTOS,N,ADMINISTRATIVA,,60318797000100,ASTRAZENECA DO BRASIL LTDA.,60318797000100,ASTRAZENECA DO BRASIL LTDA.,90487070.0,,SECRETARIA DE ESTADO DA SAUDE,SAO PAULO,COMPRIMIDO,DAPAGLIFLOZINA,024.00015139/2025-37,137/25,COMPRIMIDO,1161802590067,PREGÃO,,2.21,199976424.7,15430593,0,0,0,0,0,0,0,0,0,2025,BPS_2025.csv,7597,2025:7597,46374500026231,60318797000100,60318797000100,SAO PAULO / SP,"432908 | DAPAGLIFLOZINA, CONCENTRAÇÃO:10 MG",2025-05,2025Q2,0,0,0,199976424.7,0.0,0,0,0,0,05: >100.000,1,0,0,0
2025,46374500026231,SP,ESTADUAL,2025-06-05,2025-10-20,12,432908,"DAPAGLIFLOZINA, CONCENTRAÇÃO:10 MG",16326,65,"Equipamentos e artigos para uso médico, dentário e veterinario",6505,DROGAS E MEDICAMENTOS,N,ADMINISTRATIVA,,60318797000100,ASTRAZENECA DO BRASIL LTDA.,60318797000100,ASTRAZENECA DO BRASIL LTDA.,90487070.0,,SECRETARIA DE ESTADO DA SAUDE,SAO PAULO,COMPRIMIDO,DAPAGLIFLOZINA,024.000151392025-37,137/2025,COMPRIMIDO,1161802590067,PREGÃO,,2.21,199976424.7,15614183,0,0,0,0,0,0,0,0,0,2025,BPS_2025.csv,24369,2025:24369,46374500026231,60318797000100,60318797000100,SAO PAULO / SP,"432908 | DAPAGLIFLOZINA, CONCENTRAÇÃO:10 MG",2025-06,2025Q2,0,0,0,199976424.7,0.0,0,0,0,0,05: >100.000,1,0,0,0
2025,46374500026231,SP,ESTADUAL,2025-09-04,2025-11-10,12,432908,"DAPAGLIFLOZINA, CONCENTRAÇÃO:10 MG",16326,65,"Equipamentos e artigos para uso médico, dentário e veterinario",6505,DROGAS E MEDICAMENTOS,N,ADMINISTRATIVA,,60318797000100,ASTRAZENECA DO BRASIL LTDA.,60318797000100,ASTRAZENECA DO BRASIL LTDA.,90442363.0,,SECRETARIA DE ESTADO DA SAUDE,SAO PAULO,COMPRIMIDO,DAPAGLIFLOZINA,024.00040644/2025-10,078/25,COMPRIMIDO,1161802590067,PREGÃO,,2.21,199877622.23,15430427,0,0,0,0,0,0,0,0,0,2025,BPS_2025.csv,7521,2025:7521,46374500026231,60318797000100,60318797000100,SAO PAULO / SP,"432908 | DAPAGLIFLOZINA, CONCENTRAÇÃO:10 MG",2025-09,2025Q3,0,0,0,199877622.23,0.0,0,0,0,0,05: >100.000,1,0,0,0
2025,46374500026231,SP,ESTADUAL,2025-12-19,2026-03-23,12,387340,"FORMOTEROL FUMARATO, COMPOSIÇÃO:ASSOCIADO COM BUDESONIDA, CONCENTRAÇÃO:12 MCG + 400MCG/DOSE, FORMA FARMACÊUTICA:CÁPSULA PÓ INALANTE, CARACTERÍSTICAS ADICIONAIS:COM FRASCO INALADOR",15643,65,"Equipamentos e artigos para uso médico, dentário e veterinario",6505,DROGAS E MEDICAMENTOS,N,ADMINISTRATIVA,,04307650002502,ONCO PROD DISTRIBUIDORA DE PRODUTOS HOSPITALARES E ONCOLOGICOS LTDA.,60659463002992,ACHE LABORATORIOS FARMACEUTICOS SA,162279838.0,,SECRETARIA DE ESTADO DA SAUDE,SAO PAULO,CÁPSULA,FORMOTEROL FUMARATO,024.00053955/2025-49,PERP 100/2025,CÁPSULA,1057305660186,PREGÃO,,1.2,194735805.6,15381849,0,0,0,0,0,0,0,0,0,2025,BPS_2025.csv,1670,2025:1670,46374500026231,04307650002502,60659463002992,SAO PAULO / SP,"387340 | FORMOTEROL FUMARATO, COMPOSIÇÃO:ASSOCIADO COM BUDESONIDA, CONCENTRAÇÃO:12 MCG + 400MCG/DOSE, FORMA FARMACÊUTICA:CÁPSULA PÓ INALANTE, CARACTERÍSTICAS ADICIONAIS:COM FRASCO INALADOR",2025-12,2025Q4,0,0,0,194735805.6,0.0,0,0,0,0,05: >100.000,1,0,0,0

