municipio_uf,registros,valor_total,quantidade_total,instituicoes,fornecedores,preco_ponderado
SAO PAULO / SP,5417,39107257165.8948,16984999770.0,3,291,2.30245850429557
CURITIBA / PR,6055,28036644859.5501,7464167475.0,9,336,3.7561650315931714
FAZENDA RIO GRANDE / PR,1195,13466421078.4356,51964898.0,1,153,259.1445686747158
FORTALEZA / CE,210,5349159929.5988,726451176.0,2,85,7.363412857354642
RIO DE JANEIRO / RJ,1075,5078689924.3246,223938381.0,2,156,22.67896151452752
PORTO ALEGRE / RS,2123,4303699228.9457,9765715866.0,3,200,0.4406947005215787
FLORIANOPOLIS / SC,6702,1802862321.6307,5368369644.0,4,123,0.33583051115820295
PENEDO / AL,2682,1702674891.511,2839653347.0,1,155,0.5996066010345311
SALVADOR / BA,1258,1509316037.61,408837660.0,2,136,3.691724577452087
BARUERI / SP,1105,1121400309.396,424667950.0,1,110,2.6406520892287726
VITORIA / ES,2083,1046556985.9897,2741670795.0,2,184,0.3817223380350083
MONTENEGRO / RS,580,836923341.8859,131111045.0,1,37,6.383316843259849
GOIANIA / GO,419,793448667.31,133116741.0,1,43,5.960547571623617
MARINGA / PR,2655,784706920.0563,398725478.0,2,245,1.9680380696823694
JOAO PESSOA / PB,717,716205628.683,5913076.0,1,93,121.12234456025932
ITAPETININGA / SP,1709,646364940.3904,385084116.0,1,153,1.6785032504181503
RECIFE / PE,996,579464365.9002,226756643.0,3,127,2.555446042214516
CAMPO GRANDE / MS,1003,520507212.8868,13734381.0,4,138,37.89811953569659
PALMAS / TO,2474,471266859.61,77217965.0,1,196,6.1030727708247685
PRESIDENTE PRUDENTE / SP,2734,385398346.49,690325457.0,2,94,0.5582849981584845
VACARIA / RS,1383,351044474.4752,144997369.0,1,66,2.421040305049949
AMPARO DE SAO FRANCISCO / SE,2591,338614775.4335,553024610.0,1,218,0.6122960340472009
ARACAJU / SE,5480,323489595.688,708741407.0,2,569,0.45642824377551855
MAUA / SP,727,255988578.7714,204117041.0,1,118,1.2541264439131272
PORTO VELHO / RO,1692,241088528.69,124780491.0,2,239,1.932101138230014
ITIRAPUA / SP,505,184356297.095,249061793.0,1,51,0.7402030430857776
IVINHEMA / MS,1410,148313661.82,6092418.0,1,80,24.343973414168232
ANCHIETA / ES,1275,146669561.785,48356110.0,1,82,3.0331133291118744
IJUI / RS,1589,117165951.0779,473052460.0,1,70,0.24768067177559971
LAJEADO / RS,1465,107370892.363,376091225.0,1,68,0.28549161805888984
CASCAVEL / PR,1714,103643603.7795,309020421.0,1,180,0.3353940281490329
ASSIS / SP,824,94749717.629,243977253.0,1,46,0.3883547194008287
CAXIAS DO SUL / RS,1683,93489279.178,196826997.0,1,174,0.47498199232293326
BAURU / SP,1594,90078621.6752,321408508.0,3,151,0.28026209460267304
NOVA IGUACU / RJ,574,85698966.22,71755281.0,2,42,1.194322773539135
JI-PARANA / RO,1154,84853053.03,65195819.0,3,129,1.3015106540804404
JARU / RO,3247,80768059.57,34910451.0,1,192,2.313578233921985
VILHENA / RO,960,80541699.48,25827346.0,1,100,3.118465965492544
ITAI / SP,2442,79668462.3328,88573828.0,1,89,0.8994582726265371
UBERLANDIA / MG,559,79351572.9859,251604096.0,2,142,0.3153826755900667
SOBRADINHO / RS,721,76625453.864,1865533580.0,1,27,0.04107428281403543
PONTA GROSSA / PR,2396,76059274.2532,127677092.0,2,248,0.5957159037832722
COTIA / SP,974,69959314.193,82628063.0,1,12,0.846677407807563
BLUMENAU / SC,948,68703516.86,485793153.0,1,67,0.14142545327311354
ITAGUAI / RJ,1794,62494172.768,82846469.0,1,145,0.7543371917033663
ATIBAIA / SP,1011,60075757.1,167174128.0,1,112,0.3593603736338915
MARABA / PA,1974,58373351.505,73355387.0,1,131,0.7957609371619838
CAMPO DO BRITO / SE,456,56798701.36,658968102.0,1,57,0.08619340023836237
OLHO D`AGUA / PB,568,48136510.664,67939389.0,1,8,0.7085213949156945
TEIXEIRA DE FREITAS / BA,752,46706324.806,51697244.0,1,90,0.9034586989975714
GUARARAPES / SP,914,46163373.8125,2271219.0,1,47,20.325373208175876
SAO JOSE DOS PINHAIS / PR,800,45622212.35,156363641.0,1,98,0.29176995405217
VIANA / ES,280,43783005.5,303163750.0,1,52,0.14442031905199748
UBATUBA / SP,1759,43052142.46,87239640.0,1,159,0.49349289451446615
COSTA MARQUES / RO,239,42306205.35,31341066.0,1,27,1.349864913656734
SANANDUVA / RS,638,40588987.0972,106544225.0,1,44,0.3809590533621132
CIANORTE / PR,2003,38535309.322,183278534.0,1,132,0.2102554428005191
SALTO / SP,1543,37515552.4544,51913802.0,1,105,0.7226508367543568
IPOJUCA / PE,1264,35926392.12,70871821.0,1,110,0.5069206860086183
MONTE ALTO / SP,2321,35124128.0638,65563154.0,1,99,0.5357296884130986
CORUMBA / MS,400,34645777.1,81546700.0,1,23,0.4248581132038452
TRES LAGOAS / MS,1085,33767305.7522,104293144.0,1,64,0.3237730157238332
BOA VISTA / RR,240,32785142.39,57149733.0,1,42,0.5736709634321476
MACAE / RJ,472,32502146.0513,14942987.0,2,123,2.1750769140935478
CANOINHAS / SC,785,31795941.391,114281570.0,2,42,0.2782245762899477
RIO GRANDE / RS,614,31615540.103,90300059.0,1,94,0.3501164944200092
SERRA / ES,378,30698319.5855,143942590.0,1,63,0.21326780062454065
SANTANA DE PARNAIBA / SP,466,30670950.016,70571984.0,1,67,0.4346051829292485
GUAXUPE / MG,1602,30332679.1687,81564596.0,1,84,0.37188536026954633
VARZEA GRANDE / MT,258,29937970.1632,38678752.0,1,39,0.7740159290351457
VILA VELHA / ES,459,29819038.9565,168927514.0,1,118,0.17651972879030234
SAO JOAO DE MERITI / RJ,250,28703111.29,14716362.0,1,18,1.9504216660340374
DIVINOLANDIA / SP,554,27911338.8,5145060.0,1,57,5.424881109258201
SAO LUIS / MA,36,27798302.74,1377174.0,1,16,20.18503307497818
SAO GABRIEL DO OESTE / MS,2341,27633329.7297,60631969.0,3,83,0.4557551104715072
MACEIO / AL,249,27448618.31,73464725.0,1,74,0.3736299061896713
SAO LEOPOLDO / RS,677,27324733.61,94427585.0,1,48,0.2893723651833307
CACOAL / RO,1139,26847410.5801,28839033.0,1,100,0.9309400415783705
PEDERNEIRAS / SP,2028,26689029.6032,96012782.0,1,227,0.27797371399153914
CAMAQUA / RS,746,26422310.9358,81421660.0,2,57,0.3245120639372865
ALVORADA / RS,584,26362934.64,159442790.0,1,87,0.16534416288124412
SANTOS / SP,427,25613517.268,85216298.0,1,126,0.3005706404659822
ROLIM DE MOURA / RO,1451,24580465.1681,19138546.0,2,100,1.2843433962067965
VARGINHA / MG,736,24338426.21,4716453.0,1,77,5.160324127050561
NOVO REPARTIMENTO / PA,1409,23778094.4568,33248534.0,1,39,0.715162192017248
JAGUARIUNA / SP,966,23508811.35,45777841.0,1,96,0.5135412862742915
PAU D`ARCO / PA,669,23209369.8,4118448.0,2,14,5.6354650586823
TUBARAO / SC,1146,21994310.2117,107020887.0,1,84,0.20551418352288559
RODEIO BONITO / RS,1887,21710256.1351,70063333.0,1,58,0.3098661625917796
PACAJA / PA,1193,21610262.31,21151558.0,1,26,1.0216865495203709
JUAZEIRO DO NORTE / CE,1361,20544344.85,7170902.0,1,15,2.8649596452440713
FRANCISCO BELTRAO / PR,1108,19601424.7915,39572848.0,2,101,0.4953250974380211
SAO SEBASTIAO DO OESTE / MG,1162,19590543.0,7903600.0,1,53,2.478686041803735
VASSOURAS / RJ,1116,18953410.079,30366041.0,1,91,0.6241646739197909
PIMENTA BUENO / RO,2211,18880373.2385,11785085.0,2,146,1.6020566027737602
IPATINGA / MG,394,18395871.686,54979990.0,1,29,0.33459212498947344
APUCARANA / PR,1210,17964172.545,92686712.0,1,117,0.19381605148535208
BASTOS / SP,1021,17813252.7764,35652939.0,1,144,0.499629294976215
FERNANDOPOLIS / SP,809,17424297.3658,48075528.0,1,114,0.3624359022286765
JACAREI / SP,219,17254333.925,83316508.0,1,52,0.20709382017066774
GARCA / SP,1049,17050477.176,25974416.0,1,97,0.6564335142703497
NOVO HAMBURGO / RS,307,16399755.617,82086570.0,1,60,0.19978609919990567
JABOTICABAL / SP,1386,15552497.736,19760941.0,1,46,0.7870322438592372
SAO CARLOS / SP,259,15314908.52,41749627.0,1,57,0.3668274334522797
CAMPO MOURAO / PR,1173,14884445.8397,63768941.0,1,136,0.2334121534133678
PIUMHI / MG,1891,14803438.316,14443416.0,1,61,1.0249263966363635
CAMPO LARGO / PR,155,14765755.171,9276525.0,1,25,1.591733453098008
ALMEIRIM / PA,752,14299028.6544,13120341.0,1,11,1.0898366631172163
UBERABA / MG,320,13644002.82,32004890.0,1,94,0.4263099426368908
PORTO FERREIRA / SP,785,13300934.94,17622898.0,1,98,0.7547529889805865
CONCEICAO DO ARAGUAIA / PA,300,12919418.67,137658241.0,1,15,0.09385140022238117
BROTAS / SP,2041,12912836.8292,25367964.0,1,131,0.5090214109890726
AGUIA BRANCA / ES,268,12839587.6,25919150.0,1,18,0.4953707046720282
XAPURI / AC,501,12730792.7,28472012.0,1,6,0.4471335815677515
CATENDE / PE,1054,12600023.379,35774694.0,1,45,0.352204923933102
SANTA HELENA / PR,1697,12584721.5615,30798194.0,2,99,0.4086188158143299
CHAVAL / CE,941,12384501.0177,2658804.0,1,9,4.657921763958532
MARECHAL CANDIDO RONDON / PR,1101,12342718.192,28837420.0,1,134,0.428010487484664
LINHARES / ES,351,12271414.98,56360170.0,1,42,0.21773204339163635
COLORADO DO OESTE / RO,761,12247652.84,4668516.0,1,75,2.6234573984538128
PASSO FUNDO / RS,353,11381042.23,69547371.0,1,52,0.1636444637138045
IMBE / RS,561,11366354.23,36114401.0,1,60,0.31473190514775534
VIAMAO / RS,176,11277181.225,54208675.0,1,42,0.20803277750286278
ELDORADO DO SUL / RS,877,11270271.8652,42045379.0,1,70,0.2680501908473699
ESPIGAO D'OESTE / RO,519,11218691.856,6140585.0,2,49,1.8269744423373344
SANTA LUZIA / PB,1866,11116728.52,16545082.0,2,49,0.6719053142196575
CACHOEIRINHA / RS,773,11059557.149,50563758.0,1,88,0.21872498379175062
LAPA / PR,1192,10963942.0936,24558063.0,1,151,0.446449790995324
CORNELIO PROCOPIO / PR,639,10908171.64,29545980.0,1,87,0.369193089550592
TAMANDARE / PE,1028,10862465.31,27768049.0,2,36,0.3911857584953124
ITABAIANA / SE,448,10800849.44,55817240.0,1,30,0.19350382498310556
RIO BRANCO / AC,177,10760934.0,50290400.0,1,13,0.21397590792676138
AMERICO BRASILIENSE / SP,1116,10661266.3615,18640567.0,1,59,0.5719389523666314
DOIS VIZINHOS / PR,1864,10548996.983,38277989.0,2,114,0.2755891116171228
GUAIRA / PR,1221,10518078.344,32975700.0,1,78,0.3189645206621846
PIRAQUARA / PR,776,10439149.123,38334395.0,1,159,0.2723180872686265
CABO FRIO / RJ,185,10171693.08,7286060.0,1,16,1.3960484926009393
PARIPUEIRA / AL,667,10068689.78,24316671.0,2,17,0.41406530441605266
RIBEIRAO PRETO / SP,65,10047889.9802,22490491.0,2,32,0.4467616994311062
BOM JESUS DOS PERDOES / SP,631,9694765.8177,10807355.0,1,87,0.8970525922115079
ITAPEVI / SP,147,9603097.75,23317407.0,1,13,0.4118424381407418
OURILANDIA DO NORTE / PA,496,9418511.7,5746336.0,1,5,1.6390464636944306
SARANDI / PR,520,9272703.394,5838100.0,1,48,1.5883084212329353
URUARA / PA,327,8979265.22,10134541.0,1,8,0.8860061072326808
PARA DE MINAS / MG,288,8889571.573,19788572.0,1,33,0.44922754269484433
SAO SEBASTIAO / SP,128,8849995.93,52772101.0,1,14,0.16770217145608812
SANTA CRUZ DO RIO PARDO / SP,919,8848279.158,24640220.0,1,57,0.35909903231383483
NOVA HARTZ / RS,705,8766713.9402,26077052.0,1,42,0.33618500819034297
GUARAPARI / ES,756,8562533.7814,34572279.0,1,107,0.2476705044929205
MATUREIA / PB,201,8547020.388,90026.0,1,8,94.93946624308533
PAICANDU / PR,741,8514698.996,4074229.0,2,27,2.0898920988486407
SANTO ANTONIO DE JESUS / BA,390,8369824.34,25371894.0,1,26,0.3298856734936698
SERRANA / SP,587,8271138.736,15904154.0,1,57,0.5200615346154218
TABOAO DA SERRA / SP,210,8260429.75,48069490.0,1,24,0.17184350718095823
OURO PRETO DO OESTE / RO,548,8244951.75,10218719.0,1,43,0.8068478788779689
GUARUJA / SP,91,8238771.2,46865846.0,1,21,0.17579478240934773
CAPELA / SE,948,8227644.26,21129543.0,2,45,0.3893905447931363
SAO SEBASTIAO DA GRAMA / SP,689,8227274.26,10095300.0,1,40,0.8149608491080007
OBIDOS / PA,210,8163643.0,7783800.0,2,8,1.0487991726406125
CABO DE SANTO AGOSTINHO / PE,178,8023939.0,17809400.0,1,24,0.4505451615439038
ARIQUEMES / RO,560,7979973.81,7156156.0,1,157,1.1151201580848713
GOIANESIA / GO,380,7918139.19,15052334.0,1,40,0.526040625327607
JARAGUA DO SUL / SC,277,7877309.136,44314278.0,1,22,0.1777600694746736
IBATE / SP,893,7838023.7506,8336348.0,1,62,0.9402227151025845
SENADOR SA / CE,1292,7835990.5096,1671402.0,1,16,4.688273981723128
TORITAMA / PE,754,7786083.43,15843057.0,2,52,0.4914508247997845
XEXEU / PE,1512,7726812.9,16167363.0,1,32,0.47792660435718554
MIRANTE DA SERRA / RO,2492,7671347.83,11340682.0,1,100,0.6764450171515258
ESTEIO / RS,1504,7638747.5897,35243387.0,1,188,0.21674272083157048
NOVA MAMORE / RO,901,7461214.146,11987243.0,1,72,0.6224295399701165
ITAPUA DO OESTE / RO,738,7391424.5,6893520.0,1,51,1.0722279038865485
OSORIO / RS,148,7299040.9,10653650.0,1,22,0.6851211462738123
SANTA CRUZ DAS PALMEIRAS / SP,1060,7204609.8543,8814756.0,1,93,0.817335142833222
SIRINHAEM / PE,713,7197367.94,19060526.0,2,27,0.37760594539730963
RIO BRANCO DO SUL / PR,242,7089296.737,796393.0,1,74,8.901756716847084
MONTE NEGRO / RO,1237,7046549.64,7636270.0,1,71,0.9227737678212006
TIMBAUBA / PE,275,7045915.62,26621767.0,1,16,0.2646674662880191
NOVO HORIZONTE DO OESTE / RO,1392,6866744.772,4250101.0,2,73,1.6156662564019066
ARAUCARIA / PR,139,6864734.0,30379022.0,1,20,0.22596955227854273
SANTA MARIA / RS,180,6850362.1,30182750.0,1,45,0.22696282147915614
ROLANDIA / PR,426,6842673.0132,14526819.0,1,67,0.47103725965058146
MESSIAS / AL,1085,6832197.38,8334236.0,2,41,0.8197748875841768
SALGADO DE SAO FELIX / PB,382,6783486.2,32675547.0,1,8,0.20760130503706642
AMARAJI / PE,2599,6773122.49,10213623.0,2,47,0.6631459267685913
SAO FRANCISCO DO GUAPORE / RO,687,6753163.97,6063217.0,1,46,1.113792227789307
IRATI / PR,755,6647606.93,8280875.0,1,86,0.8027662451129862
BENTO GONCALVES / RS,125,6623913.14,10574678.0,1,34,0.6263938381859003
DOURADOQUARA / MG,2022,6566050.0537,2899023.0,1,109,2.264918234074031
PALOTINA / PR,901,6559445.8746,17995492.0,1,74,0.36450494793918387
PARANAVAI / PR,634,6484842.3786,13715344.0,2,80,0.4728166044249419
CASTELO / ES,664,6447405.0324,22907243.0,1,47,0.2814570497375001
CAPANEMA / PR,1272,6350036.14,16455544.0,1,126,0.3858903807737988
CHAPADAO DO SUL / MS,674,6348705.05,13496952.0,1,67,0.47038064964593485
SAO VICENTE FERRER / PE,1243,6265872.48,23930228.0,1,19,0.2618392302823024
ITAMOGI / MG,1149,6133936.2527,7328027.0,1,35,0.8370515355224537
GRAVATAI / RS,120,5975788.91,18387660.0,1,33,0.3249890910534565
PATY DO ALFERES / RJ,914,5952614.9764,24614532.0,1,58,0.2418333599192542
AQUIDABA / SE,872,5861907.44,11491317.0,1,49,0.5101162416805664
PILAR / PB,885,5836313.47,11986973.0,1,13,0.4868880133458213
SAO MATEUS DO SUL / PR,952,5826340.6164,29961904.0,1,80,0.19445828998050324
SANTA GERTRUDES / SP,368,5807402.915,10879360.0,1,17,0.5338000502786928
OURINHOS / SP,291,5774075.836,35363096.0,1,46,0.1632797036775287
COLOMBO / PR,317,5761999.595,26678387.0,1,51,0.21598005887687288
ITAUEIRA / PI,317,5670881.03,7990875.0,2,2,0.7096695956325184
TAMBAU / SP,996,5570383.1399,19210233.0,1,136,0.2899695771467217
PALMEIRAIS / PI,523,5490024.08,7645009.0,1,2,0.7181187203311337
AGUA AZUL DO NORTE / PA,842,5478835.674,7504914.0,1,34,0.7300331055092703
GLORIA DO GOITA / PE,789,5477381.74,16604900.0,1,30,0.32986538551873246
CANDOI / PR,491,5471921.249,7077449.0,1,42,0.7731488067240047
CANDEIAS DO JAMARI / RO,362,5464993.1,4347769.0,1,28,1.2569649169493595
SATUBA / AL,666,5454639.81,11057765.0,1,2,0.4932859226073261
ARARAQUARA / SP,78,5408251.88,11092540.0,1,45,0.4875575729273908
CUITE DE MAMANGUAPE / PB,943,5264150.77,5724544.0,1,13,0.9195755626998412
DRACENA / SP,341,5252696.7866,10409409.0,1,32,0.5046104717952767
ITAPOLIS / SP,775,5225922.188,10093953.0,1,52,0.5177280088385591
OEIRAS / PI,741,5212843.04,10893827.0,1,2,0.47851347740330374
RIO FORMOSO / PE,887,5145194.56,13830083.0,1,8,0.3720291888342246
MARIALVA / PR,866,5123071.85,3286628.0,1,86,1.5587623089683407
UMUARAMA / PR,796,5121177.297,10017138.0,2,67,0.5112415639077749
CAMBIRA / PR,1113,5076352.585,3914629.0,1,70,1.2967646704195979
CAMPINA GRANDE DO SUL / PR,623,5063682.825,9299750.0,1,41,0.5444966612005699
SAO MANUEL / SP,270,5058823.38,12186841.0,1,55,0.41510538949347087
TAMARANA / PR,1494,5040434.5,11345238.0,1,81,0.4442775462268839
HERVAL / RS,195,5015920.0,6215000.0,1,30,0.8070667739340306
CARIACICA / ES,64,4975962.25,23680650.0,2,23,0.21012777309744454
ARROIO DO PADRE / RS,10,4920883.585,1003360.0,1,3,4.90440478492266
UNIAO DA VITORIA / PR,300,4887076.493,7966099.0,1,52,0.6134842779382983
AGUAI / SP,748,4873955.3105,8202482.0,1,54,0.5942049382735616
ASSIS CHATEAUBRIAND / PR,373,4829858.4745,12607670.0,2,35,0.3830889033818302
CAMAPUA / MS,394,4785769.75,14321737.0,1,35,0.3341612647963023
RIO BANANAL / ES,1336,4766108.6024,9454935.0,1,83,0.5040868712899665
SANTA RITA DO PASSA QUATRO / SP,1348,4740620.3777,8786390.0,1,95,0.5395413107886174
LUPIONOPOLIS / PR,1483,4654510.404,7951911.0,2,105,0.5853323061588592
MAMBORE / PR,312,4646425.9924,8293688.0,1,64,0.5602364101953196
COLATINA / ES,603,4574785.4282,11999589.0,1,77,0.3812451766639674
CAMBE / PR,424,4468004.381,10249994.0,1,71,0.43590312160182726
BAYEUX / PB,385,4464980.3,13958402.0,1,7,0.3198776120647621
MONTE ALEGRE / PA,336,4464469.3801,3682015.0,1,38,1.2125071136592327
BITURUNA / PR,448,4401296.771,4932017.0,1,44,0.8923928630010804
BURITIS / RO,852,4394403.0976,9124161.0,2,116,0.48162270455332823
NOVA VENECIA / ES,178,4344322.8,23177900.0,1,27,0.18743383999413232
FORQUILHINHA / SC,649,4316465.804,24945495.0,1,50,0.1730358849964693
JAGUARIAIVA / PR,761,4298003.6495,3098759.0,1,62,1.3870080407995589
REDENCAO / PA,385,4191841.1136,4449811.0,2,18,0.9420267767777103
SANTANA DO ARAGUAIA / PA,498,4190123.52,8408610.0,1,24,0.4983134572777189
SAO PEDRO DO IVAI / PR,427,4168356.082,4712437.0,1,48,0.8845436197873838
ITATUBA / PB,766,4128433.0,4280559.0,1,18,0.9644611836911955
SAO JOSE DE CAIANA / PB,767,4117360.16,2039604.0,1,16,2.018705670316395
MACHADINHO D'OESTE / RO,483,4106059.3,7357670.0,1,34,0.5580651619330576
TRABIJU / SP,423,4093575.8348,2634434.0,1,18,1.5538729893404049
MATAO / SP,403,4048797.4373,11553851.0,1,20,0.35042839286225863
FLORES DA CUNHA / RS,1605,4021519.9045,28521846.0,1,43,0.1409978829736336
TAQUARA / RS,147,3863765.2,14495800.0,1,35,0.2665437712992729
PIACATU / SP,1258,3853229.014,5100252.0,1,39,0.7554977703062515
CASSIA DOS COQUEIROS / SP,938,3847242.79,6286281.0,1,23,0.6120061750341736
VICENCIA / PE,546,3787457.7,11474994.0,1,22,0.3300618457839717
NOVA TEBAS / PR,1505,3758751.567,2535082.0,1,133,1.482694274583623
ARUJA / SP,221,3732150.0,19754531.0,1,34,0.18892627721711033
PRAINHA / PA,186,3727891.6,3880520.0,1,5,0.9606680547967799
CONTENDA / PR,549,3654694.599,6019627.0,1,63,0.6071297439193492
BELTERRA / PA,201,3645489.0,3789200.0,1,30,0.9620735247545656
JOAO ALFREDO / PE,248,3642656.15,10833662.0,1,8,0.33623498222484693
FLORIDA / PR,1945,3597464.5181,2294150.0,1,104,1.5681034448924438
PARANAGUA / PR,206,3593598.7238,3258052.0,1,36,1.1029899841377608
GROAIRAS / CE,640,3580428.03,836021.0,1,23,4.282701068513829
CAPELA / AL,451,3566921.0555,3842628.0,1,8,0.9282504201551646
MARICA / RJ,137,3549142.2594,7288539.0,1,21,0.4869483801074536
PINHAIS / PR,267,3538326.1049,24635046.0,1,24,0.14362977462676546
SERINGUEIRAS / RO,1334,3524384.5208,1188041.0,2,88,2.9665512560593448
SAO FIDELIS / RJ,164,3503443.7,7159705.0,1,9,0.4893279401874798
PORTO DA FOLHA / SE,503,3475678.76,4570578.0,1,7,0.7604462192746737
MAUA DA SERRA / PR,1240,3471681.6426,7397596.0,1,43,0.4692986265538156
BATALHA / PI,164,3445089.0,4258700.0,1,3,0.8089532016812643
JOAQUIM GOMES / AL,346,3419930.13,14943440.0,1,14,0.2288582903267253
ARRAIAL / PI,742,3402066.6568,5047316.0,2,2,0.6740348051915117
NOVA BRASILANDIA D`OESTE / RO,181,3392793.92,1307001.0,1,29,2.5958617629213747
MACAMBIRA / SE,948,3370176.12,9848338.0,1,31,0.34220760091702784
PRESIDENTE MEDICI / RO,222,3365352.14,1606671.0,1,27,2.0946118651547208
FEIRA NOVA / PE,746,3322512.84,11991028.0,1,17,0.2770832358993741
PONGAI / SP,1104,3317318.34,11856648.0,1,52,0.2797855127351339
MAR VERMELHO / AL,1750,3252250.9234,14076278.0,1,26,0.23104480626199625
NOSSA SENHORA APARECIDA / SE,415,3162499.82,1680552.0,1,12,1.8818220560863335
FARTURA / SP,808,3162086.5,8811868.0,1,44,0.35884406121380846
SAO MIGUEL DOS MILAGRES / AL,247,3121174.09,8932182.0,1,7,0.3494301941003889
CANOAS / RS,19,3077860.0,18663625.0,1,13,0.1649122290016007
MATARACA / PB,709,3059903.8,4504995.0,1,7,0.6792246828242873
MATELANDIA / PR,431,3049268.14,5124826.0,1,61,0.5949993502218417
GUARAREMA / SP,183,3021348.2738,10630988.0,1,21,0.28420202090341934
ESPERANTINA / PI,361,2992395.03,9133797.0,1,12,0.3276178603487684
SIMPLICIO MENDES / PI,369,2964197.106,4901984.0,1,1,0.6046933457963143
IGUABA GRANDE / RJ,230,2954138.72,4603468.0,1,15,0.6417202682846932
CARLOPOLIS / PR,385,2937531.138,2141540.0,1,32,1.3716909971329043
SEBASTIAO LEAL / PI,1024,2921898.475,5737520.0,1,7,0.509261575558778
JAPARATINGA / AL,953,2916299.35,10135466.0,1,3,0.28773214275495573
TOLEDO / PR,186,2889022.0,12666227.0,1,26,0.2280886012859236
PALMEIRA / PR,411,2877038.4,12757790.0,1,44,0.2255122870026862
CANHOTINHO / PE,497,2856426.65,3231324.0,1,30,0.8839802662933213
VALE DO ANARI / RO,424,2843051.766,1878076.0,1,36,1.5138108180925585
SANTA CRUZ DO SUL / RS,108,2836850.855,17796060.0,1,21,0.15940892843696863
GOIOERE / PR,993,2767498.3412,5657225.0,1,100,0.4891971489908922
SAO MAMEDE / PB,706,2767036.82,2593504.0,1,9,1.0669105657828173
AREIA BRANCA / SE,351,2755567.07,5722014.0,1,21,0.4815729339354989
INOCENCIA / MS,596,2715800.154,2913021.0,1,31,0.932296799096196
BARREIROS / PE,179,2707288.7,14760902.0,1,7,0.18340943527705827
SAO JOSE DA BARRA / MG,647,2678714.61,6288400.0,1,14,0.4259771340881623
TRES RIOS / RJ,490,2676281.17,7729343.0,1,32,0.346249502706763
UBAJARA / CE,416,2631476.734,202146.0,1,10,13.017703709200282
CENTRALINA / MG,174,2619814.13,130123.0,1,17,20.133367121876994
PIRACURUCA / PI,172,2615629.0,3156114.0,2,4,0.8287498487063522
CACHOEIRO DE ITAPEMIRIM / ES,69,2608852.6,14437350.0,1,18,0.1807016246056236
PRADOPOLIS / SP,230,2570409.04,7346305.0,1,28,0.3498914134384565
URUPA / RO,1987,2565470.3296,2164262.0,1,31,1.1853788171672375
MERCEDES / PR,1315,2556947.1375,4960679.0,1,49,0.5154429741372099
PEDRA BRANCA / PB,680,2546805.7,2065938.0,1,2,1.2327599860208778
FLORIANO / PI,510,2524257.88,6578942.0,1,13,0.3836875108490088
ITAMBE / PE,481,2514178.64,9350920.0,1,22,0.2688696556060794
PORTO ACRE / AC,98,2505759.0,6003300.0,1,1,0.41739693168757186
ESTANCIA / SE,4,2458800.0,12575.0,1,2,195.53081510934393
BORBOREMA / SP,629,2447338.6,3792867.0,1,47,0.6452476714843943
SAPUCAIA / RJ,309,2443277.17,429910.0,1,18,5.683229443371868
BANNACH / PA,660,2429632.34,1098784.0,1,2,2.211201054984419
MINISTRO ANDREAZZA / RO,854,2427355.858,4501095.0,1,62,0.5392811877998576
EMAS / PB,898,2418598.2041,2670985.0,2,3,0.9055079695692788
ITABIRA / MG,111,2400035.0,14315715.0,1,25,0.1676503758282419
BARRA DE SANTO ANTONIO / AL,317,2378688.276,8925455.0,1,4,0.26650610820400755
ITABAIANA / PB,813,2376051.9,6998690.0,1,12,0.339499520624574
SANTANA DO MUNDAU / AL,973,2349305.4338,5548630.0,2,29,0.42340279200451286
SANTA LUZIA D`OESTE / RO,387,2339955.64,1334214.0,1,36,1.7538083395916997
SAPUCAIA / PA,447,2336383.14,3420065.0,1,25,0.6831399812576662
NOVA UNIAO / RO,535,2279618.55,1478320.0,1,51,1.5420332201417823
GUARATUBA / PR,185,2277931.64,487811.0,1,35,4.669701257249222
TOMAR DO GERU / SE,381,2275469.118,4017700.0,1,11,0.5663611314931428
MONCOES / SP,1105,2260755.49,2520018.0,1,10,0.8971187864531127
ESPIGAO D`OESTE / RO,366,2259230.02,758948.0,1,32,2.9767915851942424
IBITINGA / SP,165,2256875.74,8870058.0,1,33,0.2544375403182257
MIGUEL PEREIRA / RJ,301,2237346.208,6198215.0,2,30,0.36096621495059467
PASSO DE CAMARAGIBE / AL,227,2197193.488,6399648.0,1,5,0.3433303656701118
PLANALTINA DO PARANA / PR,825,2193431.929,2192422.0,1,50,1.000460645350211
LINS / SP,262,2192859.9796,6437203.0,1,40,0.3406541598268689
NOSSA SENHORA DA GLORIA / SE,206,2177936.81,9953245.0,1,11,0.21881675875556164
SAO SIMAO / SP,466,2158027.5197,9303894.0,1,43,0.23194885063178924
BRASILANDIA / MS,706,2156800.18,4840306.0,1,18,0.44559170019416133
BOQUEIRAO / PB,346,2155153.42,4770468.0,1,10,0.45176980958681623
RIO AZUL / PR,460,2122536.44,5218300.0,1,44,0.40674864227813656
IRACEMAPOLIS / SP,67,2118512.85,1602250.0,1,24,1.3222111717896707
QUATRO PONTES / PR,765,2108354.8769,6997147.0,1,53,0.30131636178288096
CUJUBIM / RO,270,2092381.0,3498800.0,1,30,0.5980281810906597
CHA PRETA / AL,345,2077754.668,7505455.0,1,16,0.2768326061511261
MANDAGUACU / PR,416,2077538.2226,2509716.0,1,48,0.8277981343705821
SANTA CRUZ DA CONCEICAO / SP,395,2071216.4,4438370.0,1,25,0.46666149960458453
MACHADOS / PE,479,2048957.802,6776932.0,1,25,0.3023429779138997
PIEN / PR,830,2036731.502,12186802.0,1,57,0.16712600253946852
ALTA FLORESTA D`OESTE / RO,397,2036717.01,2286426.0,1,45,0.8907863232835875
AGUDOS / SP,221,2020276.008,7862019.0,1,20,0.2569665639322418
GUACUI / ES,345,2006258.54,13057864.0,1,19,0.15364370007223233
GUADALUPE / PI,515,2000236.34,3222413.0,1,3,0.6207262507940479
CACIMBAS / PB,436,1995757.23,3916196.0,1,25,0.509616278143382
BOM JARDIM / PE,229,1980592.08,1284894.0,1,21,1.5414439479054305
PATO BRAGADO / PR,733,1970766.09,3964606.0,1,40,0.49709002357359094
ALIANCA / PE,266,1956121.92,12079170.0,1,8,0.1619417493089343
PAROBE / RS,259,1954974.25,12045265.0,1,37,0.16230230302114565
TUPACIGUARA / MG,93,1937724.0,225190.0,1,7,8.60484035703184
MARMELEIRO / PR,355,1852827.495,11473200.0,1,36,0.16149178040999895
ITAPECERICA DA SERRA / SP,23,1850006.5,276800.0,1,4,6.683549494219653
VERA MENDES / PI,693,1822965.7882,2322107.0,1,8,0.7850481430011623
MARIPA / PR,757,1818593.0771,4396546.0,1,68,0.41364131686555766
GUAPOREMA / PR,988,1816361.7118,1299660.0,1,79,1.3975668342489573
DIONISIO CERQUEIRA / SC,590,1808635.0885,9117678.0,1,73,0.19836575589749936
GRANDES RIOS / PR,599,1800762.13,2123996.0,1,25,0.8478180420302109
CABIXI / RO,1100,1796845.03,1867095.0,2,93,0.9623747211577344
MANDAGUARI / PR,271,1787747.38,11485343.0,1,44,0.15565467918546272
PAULA FREITAS / PR,545,1755370.08,4171833.0,1,54,0.42076710165531556
PALMARES / PE,154,1749207.69,9762817.0,1,9,0.17917038596544418
JURIPIRANGA / PB,609,1746079.55,2812234.0,1,25,0.6208870065577758
CACIMBA DE AREIA / PB,613,1710527.68,4305359.0,1,19,0.3973019857345229
CUMARU DO NORTE / PA,269,1698908.28,1917838.0,1,6,0.8858455615124948
BREJO GRANDE / SE,432,1696835.18,5397148.0,1,10,0.31439478406002574
SANTO ANTONIO DA PATRULHA / RS,171,1674822.15,13334300.0,1,28,0.1256025550647578
JOAQUIM PIRES / PI,209,1670861.8,5263224.0,1,4,0.31745975470548093
BARRAS / PI,64,1651877.53,1123539.0,1,2,1.4702449403180486
IBIPORA / PR,158,1625810.14,1898070.0,1,25,0.8565596316258093
CASTRO / PR,122,1620468.0,3573760.0,1,20,0.45343503760744985
PATO BRANCO / PR,47,1608861.7,1419851.0,2,21,1.1331200949958833
BELEM DE MARIA / PE,419,1604505.16,4997021.0,1,4,0.3210923388154662
CONDADO / PB,663,1604389.855,4145414.0,1,14,0.38702765393275557
SANTA MARIA DAS BARREIRAS / PA,382,1594374.61,3511159.0,1,16,0.4540878410803954
NOVA EUROPA / SP,467,1583751.18,4926130.0,1,32,0.32150007815465687
DIADEMA / SP,12,1576107.4,80404.0,1,9,19.602350629321922
SAO JOAO DO TRIUNFO / PR,479,1568116.41,4973977.0,1,40,0.31526410556381745
MURICI / AL,229,1561708.64,8264078.0,2,2,0.1889755445193039
BANDEIRANTES / PR,417,1559005.6468,1188934.0,1,81,1.3112634063791597
THEOBROMA / RO,271,1556630.15,845480.0,1,23,1.841120014666225
PITIMBU / PB,141,1546443.0,2254810.0,1,4,0.685841822592591
BONITO / MS,110,1544246.5,9078750.0,1,10,0.17009461654963515
GUAJARA-MIRIM / RO,114,1541472.8,605320.0,2,25,2.5465419943170553
JOAO NEIVA / ES,197,1523298.66,3166677.0,1,19,0.48104011239542266
TEUTONIA / RS,266,1516721.01,1578490.0,1,45,0.9608683045188756
FOZ DO IGUACU / PR,41,1508196.24,6629758.0,1,16,0.2274888827012992
NOVA BRASILANDIA D'OESTE / RO,222,1504657.54,1286317.0,1,35,1.169740849261885
SERRA GRANDE / PB,521,1500439.95,2242643.0,2,12,0.6690498443131608
SANTOPOLIS DO AGUAPEI / SP,1166,1478160.7153,2265711.0,1,41,0.6524047927118684
SAO JOSE DA COROA GRANDE / PE,201,1476349.4,6447374.0,1,21,0.228984606756177
REGISTRO / SP,54,1470915.1456,3414158.0,1,20,0.4308280828245207
SANTA LUCIA / PR,189,1463731.98,2313130.0,1,36,0.6327927872622809
SAPE / PB,152,1461538.2,3994120.0,1,4,0.3659224560103352
ITAPORANGA / PB,858,1439180.78,4423590.0,1,21,0.32534226273230565
MAIRIPORA / SP,89,1435372.78,4124435.0,1,18,0.3480168265471513
MONSENHOR GIL / PI,275,1425484.83,2555775.0,1,2,0.5577505179446548
BARRACAO / PR,435,1424509.6542,6007361.0,2,52,0.2371273599505673
ALHANDRA / PB,248,1419334.5001,3709811.0,1,7,0.3825894365238553
ALTO PARAISO / RO,277,1413570.63,1690333.0,1,45,0.8362675460989047
PIRASSUNUNGA / SP,266,1398121.851,1896496.0,1,47,0.7372131821000414
SEVERIANO MELO / RN,381,1390021.62,1566923.0,1,10,0.887102697452268
CAMPINAS DO PIAUI / PI,450,1383402.59,3165632.0,1,3,0.43700676199886784
ALTO ALEGRE DOS PARECIS / RO,616,1349179.68,1522643.0,1,45,0.8860774850046924
RIBEIRAO CLARO / PR,344,1343900.859,3934658.0,1,36,0.3415546812454856
SAO JOAO BATISTA DO GLORIA / MG,222,1322748.415,1714388.0,1,16,0.7715572058367184
ASTORGA / PR,298,1322003.06,3523093.0,1,21,0.3752393308947564
CARIRA / SE,319,1318981.25,2032062.0,1,22,0.6490851411029781
SANTO INACIO / PR,450,1315400.918,1184638.0,1,42,1.11038217413252
SALTO DO LONTRA / PR,333,1301871.848,3377675.0,1,48,0.3854343144322648
SANTA CRUZ DO CAPIBARIBE / PE,77,1290301.0,1719626.0,1,2,0.7503381549243847
FRANCISCO AYRES / PI,356,1286504.5,1837185.0,2,6,0.7002585477238275
PINDOBA / AL,460,1285975.0,5134910.0,1,13,0.2504376902418932
RIO CRESPO / RO,236,1271449.73,1393723.0,1,21,0.9122686000015785
SAO MATEUS / ES,77,1266391.6,7422120.0,1,18,0.1706239726654918
TERENOS / MS,212,1263292.58,5086776.0,1,8,0.24834838019209024
BATATAIS / SP,256,1261441.1252,4296169.0,1,16,0.2936199961407477
MUNDO NOVO / MS,300,1260076.18,6899960.0,1,18,0.18262079490315886
CENTENARIO / TO,420,1258612.7144,489881.0,1,1,2.569221330078121
FLORAI / PR,588,1256725.255,2385616.0,1,39,0.5267927675703047
CACHOEIRINHA / PE,261,1247375.2988,3911690.0,1,19,0.31888398589867806
SAO MIGUEL DO GUAPORE / RO,108,1244978.4,446840.0,2,12,2.7861838689463787
CRUZEIRO DO OESTE / PR,483,1235617.34,2746061.0,2,26,0.4499599025658935
SAO JOSE DE ESPINHARAS / PB,792,1228159.7135,2306063.0,2,32,0.532578560733163
NOVA AURORA / PR,277,1227755.99,2387776.0,1,35,0.5141839058605162
MANDIRITUBA / PR,291,1226195.79,2419777.0,1,37,0.5067391705929927
VALE DO PARAISO / RO,243,1223196.27,686179.0,1,32,1.7826197974580977
SANTA RITA DO PARDO / MS,89,1215004.7,326750.0,1,13,3.718453557765876
QUIXABA / PB,712,1208666.25,1979445.0,1,4,0.6106086554564537
BOA VISTA DA APARECIDA / PR,468,1184822.1,1349275.0,2,36,0.8781175816642272
ANTONIO OLINTO / PR,300,1170409.17,2795679.0,1,21,0.41864934064318543
JACAREZINHO / PR,331,1167957.77,3333266.0,1,43,0.35039440896706114
PORTO ALEGRE DO PIAUI / PI,382,1167017.18,2256612.0,1,4,0.5171545573629849
CEREJEIRAS / RO,522,1161757.97,471286.0,1,45,2.465080588008131
APARECIDA DO TABOADO / MS,242,1157647.582,5287683.0,1,24,0.21893286378930052
CAMOCIM DE SAO FELIX / PE,124,1141054.4,1265700.0,1,6,0.9015204234810776
URU / SP,990,1132474.308,2669375.0,1,22,0.42424698965113555
NOVA AMERICA DA COLINA / PR,351,1117830.892,868029.0,1,24,1.2877805833676064
BERTOLINIA / PI,542,1109203.42,1368470.0,2,5,0.8105427375097737
PONTAL / SP,105,1107624.936,2642410.0,1,22,0.41917224654765917
ARAMINA / SP,182,1105531.01,1101308.0,1,23,1.00383454038289
CAMPO DO TENENTE / PR,303,1089024.177,561004.0,1,35,1.9412057258058764
GUATAPARA / SP,213,1075767.75,2703770.0,2,15,0.3978769458940664
CONCEICAO DO CANINDE / PI,631,1072421.44,160548.0,1,3,6.6797558362608065
ITAU DE MINAS / MG,120,1072079.76,3852443.0,1,6,0.2782856904047639
BALSA NOVA / PR,319,1061031.944,1553310.0,1,45,0.6830780359361621
LUCIANOPOLIS / SP,282,1049574.01,2288225.0,1,17,0.458684792797911
NOSSA SENHORA DAS GRACAS / PR,526,1046270.735,1568692.0,1,21,0.6669701477409204
RIO POMBA / MG,85,1039705.4028,2850668.0,1,2,0.364723427210745
UMBUZEIRO / PB,257,1030846.75,2453325.0,1,3,0.42018352643860885
RONDON / PR,382,1030728.205,976570.0,1,26,1.0554575760058162
PEDRINHAS / SE,308,1028186.04,1350192.0,1,25,0.7615109851043408
TAPEJARA / PR,121,995845.38,354299.0,1,4,2.810748492092837
BOQUEIRAO DO PIAUI / PI,214,985802.68,2008017.0,2,2,0.49093343333248673
LAGOA ALEGRE / PI,167,979328.11,746843.0,2,2,1.3112904720269187
NEOPOLIS / SE,174,978472.0,2961500.0,1,9,0.33039743373290564
ESTRELA DO SUL / MG,41,975055.75,50264.0,1,8,19.39868991723699
SANTA ISABEL DO IVAI / PR,236,966297.65,867712.0,1,20,1.1136156351416138
MENDES / RJ,130,965113.465,759810.0,1,14,1.2702036890801647
CLEVELANDIA / PR,62,925638.2,894700.0,1,14,1.034579412093439
RIACHAO / PB,522,902147.9,2253230.0,2,15,0.4003798546974787
TUCUMA / PA,370,895889.0,1092570.0,1,11,0.8199831589737957
DEMERVAL LOBAO / PI,176,885076.82,1261437.0,1,1,0.7016417149647584
RIBEIRAO DO PINHAL / PR,461,882803.5262,361128.0,1,56,2.444572357169757
SAPUCAIA DO SUL / RS,46,868056.55,2518260.0,1,17,0.3447048954436794
VITORIA DO XINGU / PA,151,855402.9,2108525.0,1,2,0.4056878149417247
MARILUZ / PR,208,855344.47,919131.0,1,12,0.9306012635848426
CONDADO / PE,207,838026.08,792210.0,1,3,1.0578332512843815
VICOSA / AL,163,832283.0,5187800.0,1,42,0.16043081845869153
VINHEDO / SP,25,816209.0,2636600.0,1,15,0.3095687628005765
GUAIRACA / PR,97,789575.0,411200.0,1,10,1.9201726653696498
CASSERENGUE / PB,356,788011.5,1529180.0,1,5,0.5153163787127741
BOA ESPERANCA / ES,159,775924.56,5746480.0,1,33,0.13502606117136057
MONDAI / SC,243,764482.45,4095450.0,1,15,0.18666628819787812
TAQUARAL / SP,328,758228.174,1550637.0,1,19,0.4889785127015543
TUPASSI / PR,119,742622.51,754525.0,1,16,0.9842251880322057
NAZARE DO PIAUI / PI,222,741624.96,74768.0,2,1,9.919015621656323
SANTANA DO SAO FRANCISCO / SE,218,728354.54,285507.0,1,12,2.551091707033453
QUIPAPA / PE,80,728250.5,1590980.0,1,12,0.4577370551483991
GAMELEIRA / PE,151,727172.08,3711932.0,1,3,0.19590123957012143
ITABAIANINHA / SE,127,713678.0,2651276.0,1,4,0.26918283875386795
DESTERRO / PB,265,712440.076,1229693.0,1,8,0.5793641795147244
JERUMENHA / PI,282,701342.73,1220387.0,1,2,0.5746887913424185
ITAPERUCU / PR,135,700280.85,206353.0,1,22,3.3936063444679747
CAFEARA / PR,594,693267.4445,1399730.0,1,20,0.4952865513349003
PRIMAVERA DE RONDONIA / RO,348,683153.78,1049210.0,2,44,0.6511125322861963
CORUMBIARA / RO,675,682815.8344,564491.0,1,39,1.2096133231530708
SANTA RITA / PB,36,670035.5,740975.0,1,9,0.9042619521576302
OLHO D'AGUA / PB,103,663512.5,657350.0,1,2,1.009374762303187
PELOTAS / RS,19,660883.255,5614285.0,1,8,0.11771458965834473
LONDRINA / PR,29,657150.4804,2740703.0,2,11,0.23977442298563545
CURRAL DE CIMA / PB,129,649880.0,375300.0,1,1,1.7316280309086065
SAO FELIPE D`OESTE / RO,261,649765.428,104041.0,2,6,6.245282417508482
JAGUARE / ES,97,649708.04,338604.0,1,10,1.9187843026071754
CAMPESTRE / AL,71,647216.75,3714325.0,1,2,0.17424882044516837
ALTO LONGA / PI,192,643612.71,910368.0,1,2,0.7069808143519982
PARANAPANEMA / SP,137,641856.3776,633016.0,1,1,1.0139654883920786
BOQUIM / SE,107,639132.635,3736390.0,1,26,0.17105618926289815
ITAMBE / PR,542,638521.454,3527118.0,1,46,0.1810320647055188
RANCHO ALEGRE D`OESTE / PR,583,637465.2009,672039.0,1,41,0.9485538799087554
CHUPINGUAIA / RO,192,625122.9688,32774.0,1,20,19.0737465307866
TABOLEIRO GRANDE / RN,227,619382.0,998850.0,1,2,0.6200951093757822
SANTA IZABEL DO OESTE / PR,184,602600.73,369484.0,1,30,1.6309251009515973
SANTA LUZIA D'OESTE / RO,30,598917.18,86333.0,1,14,6.937291418113584
CACAULANDIA / RO,262,597050.43,508916.0,1,47,1.1731807017268077
SAO JOSE DOS RAMOS / PB,267,596927.75,2095325.0,1,11,0.2848855189529071
LAGOA DE DENTRO / PB,352,596139.25,2165290.0,2,17,0.27531612393720933
SANTA FE / PR,258,579658.12,1063157.0,1,19,0.5452234430098283
PAULISTANA / PI,137,572724.222,1507629.0,1,2,0.3798840576826261
ALMIRANTE TAMANDARE / PR,79,557381.5,268490.0,1,17,2.075986070244702
VARGEM GRANDE PAULISTA / SP,147,556262.67,887042.0,1,1,0.6270984575702165
NOVA SANTA ROSA / PR,247,555520.8,1878462.0,1,21,0.29573172095043715
ELISEU MARTINS / PI,366,553134.54,180130.0,1,2,3.0707519014045412
MASSAPE / CE,54,551344.2,113750.0,1,6,4.846981978021978
PAULO JACINTO / AL,122,547464.28,2075826.0,1,3,0.2637332223413716
CALCADO / PE,261,539319.739,2011324.0,1,11,0.26814165146938035
MARIA HELENA / PR,660,537142.0,202338.0,1,57,2.6546768278820587
PONTALINDA / SP,443,533663.09,804438.0,1,20,0.6633986584422914
PIMENTEIRAS DO OESTE / RO,371,526540.021,395448.0,2,29,1.3315025515364851
RIACHAO DO POCO / PB,101,525817.82,1020472.0,1,5,0.5152692283570739
FLORESTA DO ARAGUAIA / PA,108,516548.76,273271.0,1,9,1.890243604334159
PRIMAVERA / PE,64,505512.15,1355362.0,1,4,0.372972054698302
SAO PEDRO DO PARANA / PR,534,504621.07,673678.0,1,16,0.7490538061210252
SAO FRANCISCO / PB,145,498289.0,2251170.0,1,7,0.22134667750547493
MURITIBA / BA,117,497524.62,718382.0,1,9,0.6925627590891754
PORTO / PI,257,493724.22,1151740.0,1,1,0.42867680205601955
COQUEIRO BAIXO / RS,102,491934.55,303210.0,1,10,1.6224219188021503
CURRAL NOVO DO PIAUI / PI,166,490156.1,1013980.0,1,3,0.4833981932582496
NAZARIA / PI,100,485201.0,2582915.0,1,1,0.18785016154228845
LEME / SP,2,484914.0,600.0,1,2,808.19
TURVO / PR,124,466375.07,964067.0,2,30,0.48375794420927176
BERNARDINO BATISTA / PB,149,452957.0,704540.0,1,4,0.6429116870582224
BALBINOS / SP,121,452057.4,851825.0,1,5,0.5306928066210783
ICARAIMA / PR,201,446806.815,191520.0,2,23,2.332951206140351
SOBRADO / PB,248,441471.9,767900.0,2,3,0.5749080609454357
JUQUITIBA / SP,77,436326.85,1856480.0,1,7,0.23502911423769712
DOURADO / SP,101,434154.49,709310.0,1,13,0.6120800355274845
ILHA DAS FLORES / SE,90,426726.8,115650.0,1,2,3.689812364894077
SAO ROQUE DO CANAA / ES,161,426661.9,2138375.0,1,9,0.19952622902905245
SAO MANOEL DO PARANA / PR,259,426606.38,367645.0,1,21,1.1603758517047695
BRANQUINHA / AL,140,423871.72,1078260.0,1,4,0.39310715411867264
PORTO CALVO / AL,74,416728.5,2411900.0,1,1,0.17278017330735104
ASSAI / PR,81,406687.0782,535455.0,1,12,0.7595168187802896
CAPAO ALTO / SC,97,400626.0,1583825.0,1,9,0.25294840023361165
FARO / PA,790,394011.657,687703.0,1,2,0.5729386915572565
CAMPO NOVO DE RONDONIA / RO,101,389031.14,96917.0,1,9,4.014065024711867
MONTE BELO DO SUL / RS,146,388988.9234,1545382.0,1,22,0.25171053072961896
MACAPARANA / PE,168,388355.52,14873.0,1,2,26.111444900154645
MATRIZ DE CAMARAGIBE / AL,32,386894.0,1848750.0,1,1,0.209273292765382
ALTINOPOLIS / SP,267,386812.998,609252.0,1,13,0.6348981997597054
SENGES / PR,60,383465.17,1181435.0,1,19,0.3245757659117937
FARROUPILHA / RS,120,365822.677,2090220.0,1,19,0.1750163509104305
AMARGOSA / BA,20,365043.5,532850.0,1,1,0.6850774139063527
DIAMANTINA / MG,48,360808.04,839930.0,1,7,0.4295691783839129
NOVA SANTA RITA / PI,175,349618.89,785383.0,1,2,0.4451571908228215
IGREJINHA / RS,10,348422.4,916500.0,1,8,0.3801662847790508
DIAMANTE / PB,139,345598.0,757825.0,1,5,0.4560393230627124
BOM JESUS DO SUL / PR,234,340392.778,879176.0,1,12,0.3871725092586695
VILA NOVA DO PIAUI / PI,270,339395.432,516302.0,1,1,0.6573583522821914
CRUZ DAS ALMAS / BA,69,334537.99,97650.0,1,13,3.425888274449565
GUAPE / MG,174,331608.58,605750.0,1,19,0.5474347172926125
PARECIS / RO,173,327690.19,641292.0,1,17,0.5109843721736744
PRATANIA / SP,89,321576.75,261877.0,1,2,1.227968664678456
SANTA INES / PR,255,312539.08,448285.0,1,5,0.6971883511605341
GOVERNADOR JORGE TEIXEIRA / RO,30,304442.5,241350.0,2,8,1.2614149575305573
LARANJEIRAS DO SUL / PR,34,304145.25,1121100.0,2,11,0.2712918116135938
CONQUISTA / MG,70,302808.4176,188126.0,1,18,1.6096042949937808
ILHEUS / BA,8,301190.2,22527.0,1,3,13.370186886846895
ITAGUAJE / PR,138,295084.7,343020.0,1,4,0.8602550871669291
SAO JULIAO / PI,86,294988.04,266928.0,1,2,1.1051221303122938
JAGUARAO / RS,74,292336.85,723155.0,1,13,0.40425199300288317
SOCORRO DO PIAUI / PI,317,289865.92,665330.0,1,3,0.43567240316835254
SERRARIA / PB,456,289843.8792,418250.0,2,25,0.6929919407053199
AGUA BRANCA / PI,162,286539.7,223870.0,1,4,1.2799379103944253
PARAPUA / SP,9,282056.0,287556.0,1,6,0.9808732907677113
JATOBA DO PIAUI / PI,50,281652.5,801460.0,1,1,0.35142427569685325
PRANCHITA / PR,267,279996.0143,1379394.0,1,25,0.20298479933942004
PARANAPOEMA / PR,48,278043.1,116280.0,1,8,2.3911515307877536
TERRA ROXA / PR,97,277705.6,907250.0,1,8,0.30609600440892804
SANTA TERESA / ES,108,276837.91,209103.0,1,19,1.3239308379124162
CASTANHEIRAS / RO,188,274247.89,365701.0,2,22,0.7499238175449343
SAO JOAO DA BOA VISTA / SP,118,272465.16,409164.0,1,16,0.6659069712877965
ARRAIAL DO CABO / RJ,7,271219.2,167784.0,1,2,1.6164783292805036
FERREIROS / PE,298,270667.75,412202.0,1,3,0.656638614077564
IMBITUBA / SC,58,261803.442,950690.0,1,9,0.2753825558278724
PESQUEIRA / PE,28,261354.26,4071840.0,1,2,0.06418578824315298
LOBATO / PR,165,261209.33,404491.0,1,10,0.645772909656828
SAO FELIPE D'OESTE / RO,91,259168.28,21664.0,1,4,11.9630853028065
SAO JOAO DA VARJOTA / PI,129,256647.36,221640.0,1,2,1.1579469409853815
IRAI DE MINAS / MG,214,252376.0761,76986.0,2,7,3.2782074156340113
CABACEIRAS / PB,58,250082.4638,761400.0,1,7,0.32845083241397427
PIRAPORA DO BOM JESUS / SP,101,246607.72,1390895.0,1,24,0.17730146416515985
SANTA CECILIA / PB,156,245847.0001,852608.0,1,4,0.2883470482331857
SAO FRANCISCO / SE,38,245470.42,53538.0,1,11,4.58497553139826
ALTO PARANA / PR,64,244678.2,339953.0,1,6,0.719741258350419
SAO FELIX DO XINGU / PA,21,244501.2,72840.0,1,2,3.35668863261944
NATAL / RN,49,244283.79,130227.0,1,24,1.8758305881268862
PAU D'ARCO / PA,70,244002.0,583500.0,1,8,0.41816966580976866
PAU D`ARCO DO PIAUI / PI,112,243476.5,845320.0,1,1,0.28802879382955565
IBIRAREMA / SP,28,241021.0,187900.0,1,8,1.2827088877062267
GOVERNADOR LINDENBERG / ES,53,234373.3,82496.0,1,5,2.841026231574864
CORURIPE / AL,27,228499.2,294000.0,1,4,0.7772081632653062
FLORESTA DO PIAUI / PI,119,220964.991,1345395.0,1,1,0.16423800519550022
DONA INES / PB,199,220372.45,656482.0,1,4,0.33568696476064847
ORTIGUEIRA / PR,15,219809.7,74500.0,1,6,2.950465771812081
TEIXEIROPOLIS / RO,161,216302.016,495382.0,1,17,0.43663680957321827
JERONIMO MONTEIRO / ES,39,215911.8,771450.0,1,5,0.27987789228077
CALDAZINHA / GO,121,214101.54,810725.0,1,6,0.26408651515618736
MUNHOZ DE MELO / PR,175,213632.18,184737.0,1,14,1.1564125215847394
CACHOEIRAS DE MACACU / RJ,6,213364.8,41040.0,1,4,5.198947368421052
MONTE ALEGRE DE MINAS / MG,41,211495.0,325530.0,1,5,0.6496943446072558
CEDRO DE SAO JOAO / SE,69,208963.72,49989.0,1,13,4.180194042689392
ARIRANHA DO IVAI / PR,210,200164.0,451250.0,2,18,0.44357673130193903
IVAIPORA / PR,26,194557.02,299714.0,1,11,0.6491422489439932
CONGO / PB,116,191686.6,676600.0,1,4,0.2833086018326929
SAO JOSE DA LAJE / AL,50,184690.0,827500.0,1,1,0.223190332326284
JUNCO DO SERIDO / PB,131,174111.08,344944.0,1,1,0.5047517278166891
SAO JOSE DO PEIXE / PI,107,174061.92,73368.0,1,1,2.3724501144913317
ARTUR NOGUEIRA / SP,159,173111.02,171333.0,1,22,1.0103775688279548
MORAUJO / CE,43,171488.0,31944.0,1,4,5.36839469070874
MILTON BRANDAO / PI,130,169520.78,444069.0,1,2,0.38174423344119945
SAO MIGUEL DE TAIPU / PB,52,169157.18,655520.0,1,4,0.25805037222357824
JACUIPE / AL,21,167791.75,205950.0,1,1,0.8147208060208788
GARARU / SE,51,161058.6,483411.0,1,6,0.3331711524975642
IGUARACU / PR,68,158602.79,93399.0,1,7,1.6981208578250304
IBIRACU / ES,63,156667.858,607735.0,1,26,0.25778975704871365
RIO CLARO / SP,12,156656.0,485460.0,1,7,0.3226959996704157
CATINGUEIRA / PB,99,151301.55,350310.0,1,5,0.4319075961291427
JARDIM DO MULATO / PI,84,147859.48,64152.0,1,7,2.3048304027933657
SALGADINHO / PB,827,144518.1125,703826.0,2,7,0.2053321595110155
SAO JOSE DO BONFIM / PB,94,141100.1,422190.0,1,4,0.3342099528648239
PEDRO GOMES / MS,61,140904.115,462122.0,1,4,0.30490674540489304
AGUA DOCE DO NORTE / ES,97,140518.358,47356.0,2,8,2.9672767547934793
CAPIM / PB,143,139411.55,368210.0,1,4,0.37861967355585124
FENIX / PR,65,137157.53,120079.0,1,7,1.142227450261911
TAILANDIA / PA,14,136372.6,21924.0,1,5,6.220242656449553
SANTA TERESINHA / PB,45,131154.5,1051900.0,1,6,0.12468342998383877
JANDAIA DO SUL / PR,52,130823.1,252960.0,1,6,0.5171691176470589
CANDIDO DE ABREU / PR,31,130200.42,456200.0,1,8,0.2854020604997808
SALTINHO / SP,6,124236.0,140204.0,1,4,0.8861088128726713
RIO GRANDE DO PIAUI / PI,69,122533.05,215985.0,1,1,0.5673220362525175
SONORA / MS,29,121027.76,283120.0,1,2,0.4274786662899124
JACARAU / PB,28,120690.0,454500.0,1,1,0.26554455445544556
MARILANDIA / ES,2,120325.0,72500.0,1,1,1.6596551724137931
AREIA DE BARAUNAS / PB,118,111559.576,456000.0,1,2,0.24464819298245613
SOORETAMA / ES,37,109578.395,201290.0,1,3,0.5443807193601272
CROATA / CE,168,106198.48,29923.0,1,1,3.5490585836981583
RIO VERDE DE MATO GROSSO / MS,5,105139.2,51281.0,1,3,2.05025643025682
CANDELARIA / RS,41,104878.594,780562.0,1,13,0.13436292568687688
CANAPOLIS / MG,13,100258.4,67105.0,1,5,1.4940526041278592
REALEZA / PR,76,91994.965,47254.0,1,9,1.9468185762051888
CAJUEIRO DA PRAIA / PI,74,91558.6,215860.0,1,1,0.4241573241916057
VIANOPOLIS / GO,14,87890.0,1070.0,1,1,82.14018691588785
SAO MIGUEL DO FIDALGO / PI,45,82942.134,17942.0,1,2,4.622791996432951
GUARULHOS / SP,4,78023.4,53040.0,1,4,1.4710294117647058
JANIOPOLIS / PR,43,76079.6452,19931.0,1,6,3.8171514324419245
ARAPOTI / PR,2,74750.0,250.0,1,1,299.0
CAXINGO / PI,54,74370.35,301875.0,1,1,0.24636140786749483
NOVA MUTUM / MT,5,74049.44,860.0,1,3,86.104
VILA FLORES / RS,20,73776.35,173750.0,1,8,0.4246120863309353
LEOPOLIS / PR,58,73578.48,43314.0,1,7,1.6987228147942928
PARAISO DAS AGUAS / MS,1,70000.0,1.0,1,1,70000.0
RIO TINTO / PB,133,66028.52,160189.0,1,6,0.41219134896903037
PINHAO / PR,20,65026.47,116930.0,1,2,0.5561145129564697
PIRACANJUBA / GO,11,64775.45,153675.0,1,2,0.4215093541564991
RIBEIROPOLIS / SE,12,62820.0,921200.0,1,4,0.06819366044290057
DESCANSO / SC,8,61695.0,200150.0,1,6,0.30824381713714716
MANAIRA / PB,58,57812.5,368100.0,1,7,0.15705650638413474
RONCADOR / PR,15,57620.8,99095.0,1,3,0.5814703062717594
GUARAI / TO,36,55219.114,123555.0,1,9,0.4469192990975679
CHARQUEADAS / RS,8,51696.72,287140.0,1,5,0.1800401198021871
JARAGUARI / MS,69,50599.6,5670.0,1,2,8.924091710758377
LIMEIRA / SP,1,47460.0,420000.0,1,1,0.113
NOVA ESPERANCA DO SUL / RS,16,46963.2,249000.0,1,3,0.18860722891566264
PIRACICABA / SP,8,46158.0,38950.0,1,5,1.1850577663671373
BOCA DA MATA / AL,4,45857.0,4200.0,1,2,10.918333333333333
LUZILANDIA / PI,7,45766.0,117500.0,1,1,0.38949787234042554
EMILIANOPOLIS / SP,24,44863.698,42070.0,1,7,1.0664059424768242
XINGUARA / PA,17,44026.074,1290.0,1,2,34.12873953488372
CARUARU / PE,1,41446.0,1219000.0,1,1,0.034
IBITIARA / BA,25,40463.0,706650.0,1,2,0.05726031274322508
AGUA PRETA / PE,7,39595.0,30000.0,1,1,1.3198333333333334
CANAVIEIRA / PI,22,39361.48,10712.0,1,2,3.674522031366692
PEROLA / PR,129,37267.03,11132.0,1,3,3.3477389507725475
COLIDER / MT,19,37264.0,19152.0,1,2,1.9456975772765246
PIRAI / RJ,22,37247.35,4404.0,1,1,8.457618074477747
AQUIDAUANA / MS,2,34400.0,520000.0,1,1,0.06615384615384616
TIJUCAS DO SUL / PR,12,33960.33,17.0,1,6,1997.6664705882354
CACIMBA DE DENTRO / PB,28,29752.4,217900.0,1,2,0.13654153281321707
RIO NEGRO / PR,15,28287.0,65166.0,1,5,0.43407605192892
BOM SUCESSO / PB,55,26115.53,18688.0,1,2,1.397449165239726
TACIMA / PB,56,24996.3,65500.0,1,1,0.38162290076335875
DOMINGOS MOURAO / PI,3,24186.0,105600.0,1,1,0.2290340909090909
UBIRATA / PR,18,23440.06,108876.0,1,2,0.21529134060766378
MANOEL EMIDIO / PI,72,23040.6,8007.0,1,2,2.877557137504683
BANDEIRANTES / MS,22,22742.46,7452.0,1,2,3.0518599033816423
CERRO GRANDE DO SUL / RS,8,22035.9,34210.0,1,5,0.644136217480269
RIBEIRAO BONITO / SP,30,20233.24,78764.0,1,8,0.256884363414758
ISAIAS COELHO / PI,11,19666.0,101800.0,1,1,0.19318271119842828
FELIZ / RS,2,19463.6,110120.0,1,2,0.1767490010897203
GURINHEM / PB,5,18036.25,395.0,1,1,45.66139240506329
SAO PEDRO DO IGUACU / PR,19,15773.42,30785.0,1,8,0.5123735585512424
EMBU-GUACU / SP,2,15663.96,8502.0,1,1,1.8423853211009174
CAAPORA / PB,1,15000.0,100000.0,1,1,0.15
DESCALVADO / SP,1,13925.23,11.0,1,1,1265.93
QUINTA DO SOL / PR,22,13300.3,41870.0,1,6,0.3176570336756627
QUEIMADA NOVA / PI,26,11612.6,11924.0,1,1,0.9738846024823885
CRUZ DO ESPIRITO SANTO / PB,119,11584.34,2758600.0,1,1,0.004199354745160588
ACAUA / PI,30,11496.27,46068.0,1,2,0.24955001302422508
SAO ROQUE DE MINAS / MG,2,9600.0,8.0,1,1,1200.0
COLONIA LEOPOLDINA / AL,4,9227.5,16950.0,1,3,0.5443952802359882
ALTA FLORESTA D'OESTE / RO,13,9198.19,451.0,1,3,20.39509977827051
JAPI / RN,1,9000.0,6.0,1,1,1500.0
TRES BARRAS DO PARANA / PR,2,8360.72,200.0,1,1,41.803599999999996
JACARE DOS HOMENS / AL,6,7929.6,46170.0,1,1,0.17174788823911633
CAMUTANGA / PE,1,7520.0,1000.0,1,1,7.52
SAO PEDRO DA ALDEIA / RJ,2,6392.5,32250.0,1,1,0.1982170542635659
DIVINA PASTORA / SE,6,5241.0,33400.0,1,4,0.15691616766467065
VERA CRUZ / SP,2,5079.75,20175.0,1,2,0.2517843866171004
IUNA / ES,1,4900.0,100000.0,1,1,0.049
CASSILANDIA / MS,2,4440.0,125000.0,1,1,0.03552
TEOTONIO VILELA / AL,2,3720.0,19000.0,1,1,0.1957894736842105
SELVIRIA / MS,4,3551.0,15500.0,1,1,0.22909677419354837
OROS / CE,2,3533.4,520.0,1,1,6.795
INAJA / PR,21,3462.13,391.0,1,1,8.85455242966752
PARNAGUA / PI,5,3425.3,12400.0,1,1,0.27623387096774193
PONTA PORA / MS,1,3357.0,300.0,1,1,11.19
PORTO MURTINHO / MS,5,3148.9,3480.0,1,4,0.9048563218390805
FRANCINOPOLIS / PI,2,3147.0,1300.0,1,1,2.420769230769231
SANTA CRUZ DOS MILAGRES / PI,2,3010.0,2500.0,1,1,1.204
VENDA NOVA DO IMIGRANTE / ES,1,2370.0,50000.0,1,1,0.0474
SANTA ROSA DE VITERBO / SP,1,2100.0,3000.0,1,1,0.7
CAFEZAL DO SUL / PR,4,1815.5,1350.0,1,2,1.344814814814815
NANTES / SP,5,1525.8,2630.0,1,1,0.5801520912547529
FLEXEIRAS / AL,1,1080.0,6000.0,1,1,0.18
RANCHO ALEGRE D'OESTE / PR,3,960.0,6250.0,1,2,0.1536
ITABUNA / BA,1,315.0,350.0,1,1,0.9
ITUIUTABA / MG,1,278.08,176.0,1,1,1.5799999999999998
PEDRO OSORIO / RS,2,212.315,40.0,1,2,5.307875
SANTANA DA BOA VISTA / RS,4,186.9,150.0,1,2,1.246
CAJAZEIRAS DO PIAUI / PI,1,177.5,50.0,1,1,3.55
PIUMA / ES,1,153.0,1000.0,1,1,0.153
NOVA ALIANCA DO IVAI / PR,1,81.6,20.0,1,1,4.08
PRINCESA ISABEL / PB,1,8.0,100.0,1,1,0.08
SANTA MARIA DE JETIBA / ES,1,0.0022,1.0,1,1,0.0022

